<?xml version="1.0"?>
<LandXML xmlns="http://www.landxml.org/schema/LandXML-1.0" xmlns:xsi="http://www.w3.org/2001/XMLSchema-instance" xsi:schemaLocation="http://www.landxml.org/schema/LandXML-1.0 http://www.landxml.org/schema/LandXML-1.0/LandXML-1.0.xsd" version="1.0" date="2008-03-17" time="11:23:08" readOnly="false" language="English">
	<Project name="490-080312-S1 C21DR"/>
	<Units>
		<Imperial linearUnit="USSurveyFoot" areaUnit="squareFoot" volumeUnit="cubicYard" temperatureUnit="fahrenheit" pressureUnit="inHG" diameterUnit="inch" angularUnit="decimal degrees" directionUnit="decimal degrees"/>
	</Units>
	<Application name="Land Desktop" manufacturer="Autodesk" version="2004" manufacturerURL="www.autodesk.com" timeStamp="2008-03-17T11:23:08">
		<Author createdBy="" createdByEmail="" company="" companyURL="" timeStamp="2008-03-17T11:23:08"/>
	</Application>
	<CgPoints>
		<CgPoint name="1" code="COGO">6369.56078405 3628.15769175 0.000000</CgPoint>
		<CgPoint name="2" code="COGO">6295.88103626 3704.33574378 0.000000</CgPoint>
		<CgPoint name="3" code="COGO">5042.91983291 3724.15858009 0.000000</CgPoint>
		<CgPoint name="4" code="COGO">5019.12251792 2391.17998676 0.000000</CgPoint>
		<CgPoint name="5" code="COGO">6347.49843086 2365.60944093 0.000000</CgPoint>
		<CgPoint name="6" code="COGO">3697.86860205 2414.46041770 0.000000</CgPoint>
		<CgPoint name="7" code="COGO">3760.92726258 3744.44071556 0.000000</CgPoint>
		<CgPoint name="8" code="COGO">5066.68678523 5055.43644443 0.000000</CgPoint>
		<CgPoint name="9" code="COGO">6354.17920307 5036.95903544 0.000000</CgPoint>
		<CgPoint name="10" code="COGO">6331.99224712 3767.28022188 0.000000</CgPoint>
		<CgPoint name="11" code="COGO">6445.85985697 3701.95658042 0.000000</CgPoint>
		<CgPoint name="12" code="COGO">6411.97987710 3765.87340527 0.000000</CgPoint>
		<CgPoint name="13" code="COGO">6434.17135564 5035.81103045 0.000000</CgPoint>
		<CgPoint name="14" code="COGO">7721.64590285 5017.33387793 0.000000</CgPoint>
		<CgPoint name="15" code="COGO">7698.81906056 3682.13377575 0.000000</CgPoint>
		<CgPoint name="16" code="COGO">7675.87434380 2340.03889510 0.000000</CgPoint>
	</CgPoints>
	<Alignments>
		<Alignment name="SUBJECT PROP" desc="" staStart="0.000000" length="5295.36089059">
			<CoordGeom>
				<Curve rot="cw" radius="74.99884513" length="117.68889052" crvType="arc" chord="105.98019077" tangent="74.87991955" delta="89.9090740744964">
					<Start>6295.88103626 3704.33574378</Start>
					<Center>6370.87042979 3703.14510142</Center>
					<End>6369.56078405 3628.15769182</End>
					<PI>6294.69228189 3629.46526085</PI>
				</Curve>
				<Line length="1262.74100006" dir="181.001111111111">
					<Start>6369.56078405 3628.15769182</Start>
					<End>6347.49843086 2365.60944093</End>
				</Line>
				<Line length="1328.62200000" dir="271.102777777778">
					<Start>6347.49843086 2365.60944093</Start>
					<End>5019.12251792 2391.17998676</End>
				</Line>
				<Line length="1333.19100000" dir="1.02277777777779">
					<Start>5019.12251792 2391.17998676</Start>
					<End>5042.91983291 3724.15858009</End>
				</Line>
				<Line length="1253.11800000" dir="90.9063888888889">
					<Start>5042.91983291 3724.15858009</Start>
					<End>6295.88103626 3704.33574378</End>
				</Line>
			</CoordGeom>
		</Alignment>
	</Alignments>
</LandXML>
