<?xml version="1.0"?>
<LandXML xmlns="http://www.landxml.org/schema/LandXML-1.0"  xmlns:xsi="http://www.w3.org/2001/XMLSchema-instance" xsi:schemaLocation="http://www.landxml.org/schema/LandXML-1.0 http://www.landxml.org/schema/LandXML-1.0/LandXML-1.0.xsd" version="1.0" date="2008-02-07" time="17:10:59" readOnly="false" language="English">
<Project name="DABCC EAST MESA.job"/>
<Units>
<Imperial linearUnit="foot" areaUnit="squareFoot" volumeUnit="cubicFeet" temperatureUnit="fahrenheit" pressureUnit="inchHG" angularUnit="decimal degrees" directionUnit="decimal degrees"/>
</Units>
<Application name="Survey Pro" manufacturer="Tripod Data Systems" version="4.0" manufacturerURL="www.tdsway.com"/>
<CgPoints
 name="Points"
>
<CgPoint
 name="1"
 desc="VBM BRASS CAP"
>
492003.728007 1490891.441783 4292.838586
</CgPoint>
<CgPoint
 name="2"
 desc="SEARCH"
>
493303.995608 1490883.861568 0.000000
</CgPoint>
<CgPoint
 name="3"
 desc="SEARCH"
>
493331.931664 1490883.501967 0.000000
</CgPoint>
<CgPoint
 name="4"
 desc="SEARCH"
>
493423.626547 1490882.953866 0.000000
</CgPoint>
<CgPoint
 name="5"
 desc="SEARCH??"
>
493340.438581 1488902.528405 0.000000
</CgPoint>
<CgPoint
 name="6"
 desc="SEARCH"
>
492758.218516 1488757.043114 0.000000
</CgPoint>
<CgPoint
 name="7"
 desc="SEARCH"
>
492013.641327 1488910.837722 0.000000
</CgPoint>
<CgPoint
 name="50"
 desc=""
>
493351.778167 1490588.262697 4228.415826
</CgPoint>
<CgPoint
 name="500"
 desc="SEARCH SMH"
>
493320.746741 1489900.166300 4225.388451
</CgPoint>
<CgPoint
 name="501"
 desc="SEARCH SMH"
>
493306.341213 1489520.117840 4224.098448
</CgPoint>
<CgPoint
 name="502"
 desc="SEARCH SMH"
>
493136.953074 1489520.131840 4231.018462
</CgPoint>
<CgPoint
 name="1000"
 desc="irf#4"
>
493344.437889 1488242.395985 4175.418351
</CgPoint>
<CgPoint
 name="1002"
 desc="c-1/4-s33-1960"
>
492017.507835 1488251.427303 4214.282429
</CgPoint>
<CgPoint
 name="1003"
 desc="c-1/4-s33-1960ap"
>
492017.147434 1488251.352103 4213.478427
</CgPoint>
<CgPoint
 name="1004"
 desc="bwc-ul"
>
492758.221716 1488757.034714 4232.033464
</CgPoint>
<CgPoint
 name="1005"
 desc="bwc-moy"
>
492415.145130 1488408.942418 4220.744441
</CgPoint>
<CgPoint
 name="1006"
 desc="irf#4"
>
491557.550515 1488247.281395 4233.660467
</CgPoint>
<CgPoint
 name="2000"
 desc="bwc-9761"
>
493423.632147 1490882.953966 4219.837440
</CgPoint>
<CgPoint
 name="2001"
 desc="1/4corn-33-34"
>
492003.728007 1490891.441783 4292.133584
</CgPoint>
<CgPoint
 name="2002"
 desc="pp1"
>
491988.535477 1490872.876046 4292.101584
</CgPoint>
<CgPoint
 name="2003"
 desc="pp3"
>
492002.884906 1488912.235524 4245.512491
</CgPoint>
<CgPoint
 name="2004"
 desc="pp2"
>
491895.811492 1489939.838980 4295.218590
</CgPoint>
<CgPoint
 name="2005"
 desc="pp6"
>
493417.045534 1491012.097624 4224.797450
</CgPoint>
<CgPoint
 name="2006"
 desc="pp5"
>
493387.327075 1490025.713251 4219.408439
</CgPoint>
<CgPoint
 name="2007"
 desc="pp4"
>
493276.325953 1488819.515139 4207.386415
</CgPoint>
<CgPoint
 name="5000"
 desc="PT2004"
>
491895.804782 1489939.856303 4296.065790
</CgPoint>
<CgPoint
 name="5001"
 desc="CL SMH "
>
493321.213678 1489900.583558 4224.907682
</CgPoint>
<CgPoint
 name="5002"
 desc="N.RIM"
>
493322.211564 1489900.301060 4225.064998
</CgPoint>
<CgPoint
 name="5003"
 desc="CL SMH"
>
493306.271011 1489520.590821 4224.175251
</CgPoint>
<CgPoint
 name="5004"
 desc="N.RIM"
>
493307.247473 1489520.319040 4224.199023
</CgPoint>
<CgPoint
 name="5005"
 desc="EOW"
>
492854.179442 1489818.595575 4238.197590
</CgPoint>
<CgPoint
 name="5006"
 desc="EOW"
>
492874.934933 1489804.660997 4238.048642
</CgPoint>
<CgPoint
 name="5007"
 desc="EOW"
>
492879.650256 1489781.292416 4238.288016
</CgPoint>
<CgPoint
 name="5008"
 desc="TBC"
>
492654.589450 1489810.483096 4251.773752
</CgPoint>
<CgPoint
 name="5009"
 desc="TBC"
>
492656.235142 1489810.913467 4251.702772
</CgPoint>
<CgPoint
 name="5010"
 desc="TBC"
>
492658.262687 1489810.651399 4251.778288
</CgPoint>
<CgPoint
 name="5011"
 desc="TBC"
>
492659.343717 1489809.225676 4251.761246
</CgPoint>
<CgPoint
 name="5012"
 desc="TBC"
>
492659.361205 1489806.874954 4251.747800
</CgPoint>
<CgPoint
 name="5013"
 desc="TBC"
>
492657.306955 1489805.138228 4251.867418
</CgPoint>
<CgPoint
 name="5014"
 desc="TBC"
>
492655.814310 1489804.703064 4251.841878
</CgPoint>
<CgPoint
 name="5015"
 desc="TBC"
>
492642.404548 1489801.026203 4252.084654
</CgPoint>
<CgPoint
 name="5016"
 desc="TBC"
>
492629.248411 1489797.347017 4252.408478
</CgPoint>
<CgPoint
 name="5017"
 desc="TBC"
>
492627.781050 1489796.941698 4252.435050
</CgPoint>
<CgPoint
 name="5018"
 desc="TBC"
>
492625.650151 1489797.005661 4252.425261
</CgPoint>
<CgPoint
 name="5019"
 desc="TBC"
>
492623.975924 1489798.666947 4252.373517
</CgPoint>
<CgPoint
 name="5020"
 desc="TBC"
>
492624.128477 1489800.860334 4252.449211
</CgPoint>
<CgPoint
 name="5021"
 desc="TBC"
>
492625.853103 1489802.507933 4252.382821
</CgPoint>
<CgPoint
 name="5022"
 desc="TBC"
>
492627.673362 1489803.039313 4252.444291
</CgPoint>
<CgPoint
 name="5023"
 desc="TBC"
>
492640.916969 1489806.709424 4252.115846
</CgPoint>
<CgPoint
 name="5024"
 desc="TBC"
>
493107.035336 1489655.061893 4239.845347
</CgPoint>
<CgPoint
 name="5025"
 desc="FL"
>
493107.109341 1489654.154988 4239.311960
</CgPoint>
</CgPoints>
<Alignments
 name="Points"
>
<Alignment
 name="Alignment43"
 desc="EOW"
 staStart="0.000000"
 length="48.838823"
>
<CoordGeom
>
<Line
>
<Start
 pntRef="5005"
>
492854.179442 1489818.595575 4238.197590
</Start>
<End
 pntRef="5006"
>
492874.934933 1489804.660997 4238.048642
</End>
</Line>
<Line
>
<Start
 pntRef="5006"
>
492874.934933 1489804.660997 4238.048642
</Start>
<End
 pntRef="5007"
>
492879.650256 1489781.292416 4238.288016
</End>
</Line>
</CoordGeom>
</Alignment>
<Alignment
 name="Alignment45"
 desc="TBC"
 staStart="0.000000"
 length="556.584479"
>
<CoordGeom
>
<Line
>
<Start
 pntRef="5008"
>
492654.589450 1489810.483096 4251.773752
</Start>
<End
 pntRef="5009"
>
492656.235142 1489810.913467 4251.702772
</End>
</Line>
<Curve
 rot="ccw"
>
<Start
 pntRef="5009"
>
492656.235142 1489810.913467 4251.702772
</Start>
<Center
>
492656.959107 1489808.540284
</Center>
<End
 pntRef="5011"
>
492659.343717 1489809.225676 4251.761246
</End>
</Curve>
<Curve
 rot="ccw"
>
<Start
 pntRef="5011"
>
492659.343717 1489809.225676 4251.761246
</Start>
<Center
>
492656.623417 1489808.030013
</Center>
<End
 pntRef="5013"
>
492657.306955 1489805.138228 4251.867418
</End>
</Curve>
<Line
>
<Start
 pntRef="5013"
>
492657.306955 1489805.138228 4251.867418
</Start>
<End
 pntRef="5014"
>
492655.814310 1489804.703064 4251.841878
</End>
</Line>
<Line
>
<Start
 pntRef="5014"
>
492655.814310 1489804.703064 4251.841878
</Start>
<End
 pntRef="5015"
>
492642.404548 1489801.026203 4252.084654
</End>
</Line>
<Line
>
<Start
 pntRef="5015"
>
492642.404548 1489801.026203 4252.084654
</Start>
<End
 pntRef="5016"
>
492629.248411 1489797.347017 4252.408478
</End>
</Line>
<Line
>
<Start
 pntRef="5016"
>
492629.248411 1489797.347017 4252.408478
</Start>
<End
 pntRef="5017"
>
492627.781050 1489796.941698 4252.435050
</End>
</Line>
<Curve
 rot="ccw"
>
<Start
 pntRef="5017"
>
492627.781050 1489796.941698 4252.435050
</Start>
<Center
>
492626.801651 1489799.840408
</Center>
<End
 pntRef="5019"
>
492623.975924 1489798.666947 4252.373517
</End>
</Curve>
<Curve
 rot="ccw"
>
<Start
 pntRef="5019"
>
492623.975924 1489798.666947 4252.373517
</Start>
<Center
>
492627.022895 1489799.557025
</Center>
<End
 pntRef="5021"
>
492625.853103 1489802.507933 4252.382821
</End>
</Curve>
<Line
>
<Start
 pntRef="5021"
>
492625.853103 1489802.507933 4252.382821
</Start>
<End
 pntRef="5022"
>
492627.673362 1489803.039313 4252.444291
</End>
</Line>
<Line
>
<Start
 pntRef="5022"
>
492627.673362 1489803.039313 4252.444291
</Start>
<End
 pntRef="5023"
>
492640.916969 1489806.709424 4252.115846
</End>
</Line>
<Line
>
<Start
 pntRef="5023"
>
492640.916969 1489806.709424 4252.115846
</Start>
<End
 pntRef="5024"
>
493107.035336 1489655.061893 4239.845347
</End>
</Line>
</CoordGeom>
</Alignment>
</Alignments>
</LandXML>
