<?xml version="1.0"?>
<LandXML xmlns="http://www.landxml.org/schema/LandXML-1.0"  xmlns:xsi="http://www.w3.org/2001/XMLSchema-instance" xsi:schemaLocation="http://www.landxml.org/schema/LandXML-1.0 http://www.landxml.org/schema/LandXML-1.0/LandXML-1.0.xsd" version="1.0" date="2007-11-29" time="09:27:35" readOnly="false" language="English">
<Project name="06-014 RIO VISTA.job"/>
<Units>
<Imperial linearUnit="foot" areaUnit="squareFoot" volumeUnit="cubicFeet" temperatureUnit="fahrenheit" pressureUnit="inchHG" angularUnit="decimal degrees" directionUnit="decimal degrees"/>
</Units>
<Application name="Survey Pro" manufacturer="Tripod Data Systems" version="4.0" manufacturerURL="www.tdsway.com"/>
<CgPoints
 name="Points"
>
<CgPoint
 name="1"
 desc="BASE"
>
5000.010000 5000.010000 100.000200
</CgPoint>
<CgPoint
 name="2"
 desc="HUB"
>
5001.525070 5003.287952 4240.689620
</CgPoint>
<CgPoint
 name="11"
 desc="COGO"
>
5927.397592 2425.034153 73.156924
</CgPoint>
<CgPoint
 name="12"
 desc="COGO"
>
6030.413241 5374.101607 73.105458
</CgPoint>
<CgPoint
 name="13"
 desc="COGO"
>
6123.619889 8609.805444 73.054307
</CgPoint>
<CgPoint
 name="14"
 desc="COGO"
>
3285.702590 5319.689870 73.132115
</CgPoint>
<CgPoint
 name="15"
 desc="COGO"
>
225.709639 2129.364822 73.234330
</CgPoint>
<CgPoint
 name="16"
 desc="COGO"
>
353.974023 5413.302304 73.160974
</CgPoint>
<CgPoint
 name="17"
 desc="COGO"
>
467.382828 8465.810015 73.104877
</CgPoint>
<CgPoint
 name="21"
 desc="1/2&quot;IRS #5949"
>
6083.092382 2553.590752 4244.058832
</CgPoint>
<CgPoint
 name="22"
 desc="1/2&quot;IRS #5949"
>
5796.834237 5110.118476 4245.430009
</CgPoint>
<CgPoint
 name="23"
 desc="1/2&quot; IRS #5949"
>
6130.748903 8174.288913 4247.343268
</CgPoint>
<CgPoint
 name="24"
 desc="5/8&quot; IRS #5949"
>
3295.644941 5327.832345 4289.941014
</CgPoint>
<CgPoint
 name="25"
 desc="5/8&quot; IRS #5949"
>
172.500384 2088.389030 4326.833574
</CgPoint>
<CgPoint
 name="26"
 desc="5/8&quot; IRS #5949"
>
334.415756 5362.832291 4435.458198
</CgPoint>
<CgPoint
 name="27"
 desc="5/8&quot; IRS #5949"
>
379.378676 8479.359074 4554.275269
</CgPoint>
<CgPoint
 name="100"
 desc="FND NAIL"
>
4530.812049 4788.918797 4240.974969
</CgPoint>
<CgPoint
 name="101"
 desc="FND NAIL"
>
4527.463434 4589.724591 4241.498610
</CgPoint>
<CgPoint
 name="102"
 desc="FND NAIL"
>
4530.011621 4586.199214 4241.261564
</CgPoint>
<CgPoint
 name="103"
 desc="FND NAIL"
>
4511.715515 4644.760672 4241.269189
</CgPoint>
<CgPoint
 name="104"
 desc="FND NAIL"
>
4515.513429 4653.172108 4240.883776
</CgPoint>
<CgPoint
 name="105"
 desc="FND NAIL"
>
4517.673225 4672.953436 4240.913138
</CgPoint>
<CgPoint
 name="106"
 desc="E.O.MH NO RIM"
>
4570.384927 4615.626123 4238.911263
</CgPoint>
<CgPoint
 name="107"
 desc="E.O.MH NO RIM"
>
4566.972985 4615.447493 4238.895534
</CgPoint>
<CgPoint
 name="108"
 desc="5/8&quot;IRF"
>
4559.025254 4628.462736 4239.071865
</CgPoint>
<CgPoint
 name="109"
 desc="FND NAIL"
>
4512.932969 4343.629429 4241.152792
</CgPoint>
<CgPoint
 name="110"
 desc="FND NAIL"
>
4450.072536 4282.757588 4239.534088
</CgPoint>
<CgPoint
 name="111"
 desc="FND NAIL"
>
4000.833212 4170.566184 4239.548742
</CgPoint>
<CgPoint
 name="112"
 desc="FND NAIL"
>
3919.330489 4112.659977 4239.776151
</CgPoint>
<CgPoint
 name="113"
 desc="FND NAIL"
>
3896.374067 4157.727505 4239.717119
</CgPoint>
<CgPoint
 name="114"
 desc="E.O.MH NO RIM"
>
3864.389417 4108.083919 4239.810542
</CgPoint>
<CgPoint
 name="115"
 desc="E.O.MH NO RIM"
>
3861.431461 4106.841897 4239.846257
</CgPoint>
<CgPoint
 name="116"
 desc="FND NAIL"
>
3857.520134 4185.212140 4239.698196
</CgPoint>
<CgPoint
 name="117"
 desc="1/2&quot;IRF"
>
4056.797333 4271.762883 4239.677445
</CgPoint>
<CgPoint
 name="118"
 desc="FND NAIL(DIST)"
>
4131.593202 4324.891075 4236.628563
</CgPoint>
<CgPoint
 name="119"
 desc="FND NAIL"
>
4138.267495 4331.923245 4237.060452
</CgPoint>
<CgPoint
 name="120"
 desc="MH N.RIM"
>
4197.063167 4346.965518 4236.216879
</CgPoint>
<CgPoint
 name="121"
 desc="MH S.RIM"
>
4195.213687 4346.068978 4236.178917
</CgPoint>
<CgPoint
 name="122"
 desc="FND NAIL"
>
4232.212957 4366.594899 4236.949784
</CgPoint>
<CgPoint
 name="123"
 desc="FND NAIL"
>
4210.062573 4290.180419 4238.812461
</CgPoint>
<CgPoint
 name="124"
 desc="FND NAIL"
>
4239.622771 4322.277710 4240.482063
</CgPoint>
<CgPoint
 name="125"
 desc="FND NAIL"
>
4385.540818 4426.855595 4240.914331
</CgPoint>
<CgPoint
 name="126"
 desc="FND NAIL"
>
4651.189735 4971.116487 4241.858397
</CgPoint>
<CgPoint
 name="127"
 desc="FND NAIL"
>
4738.773909 4872.662323 4242.655675
</CgPoint>
<CgPoint
 name="128"
 desc="FND NAIL"
>
4313.836495 5092.193293 4265.814147
</CgPoint>
<CgPoint
 name="129"
 desc="1/2&quot;IRF"
>
4314.392579 4906.115091 4262.412310
</CgPoint>
<CgPoint
 name="130"
 desc="5/8&quot;IRF 8473"
>
2907.057957 4569.750122 4251.440070
</CgPoint>
<CgPoint
 name="131"
 desc="ALM CP FND"
>
5001.861288 4865.596845 4240.215084
</CgPoint>
<CgPoint
 name="132"
 desc="BCF"
>
5000.789134 4864.767952 4240.370755
</CgPoint>
<CgPoint
 name="133"
 desc="ALM CP FND"
>
4790.744319 4648.931619 4239.041991
</CgPoint>
<CgPoint
 name="134"
 desc="BCF"
>
4590.300044 4443.005486 4242.644524
</CgPoint>
<CgPoint
 name="135"
 desc="BCF"
>
4578.508709 4402.130598 4241.618483
</CgPoint>
<CgPoint
 name="200"
 desc="TOP MH"
>
3863.548481 4108.504098 4239.721444
</CgPoint>
<CgPoint
 name="201"
 desc="TOP MH"
>
3761.123050 4358.474739 4240.779946
</CgPoint>
<CgPoint
 name="202"
 desc="NG"
>
3836.615672 4601.563748 4239.753635
</CgPoint>
<CgPoint
 name="203"
 desc="NG"
>
3839.466150 4546.376797 4239.759591
</CgPoint>
<CgPoint
 name="204"
 desc="NG"
>
3842.384271 4485.058994 4239.752498
</CgPoint>
<CgPoint
 name="205"
 desc="NG"
>
3844.706021 4421.474365 4239.751421
</CgPoint>
<CgPoint
 name="206"
 desc="NG"
>
3844.962458 4370.759890 4239.667172
</CgPoint>
<CgPoint
 name="207"
 desc="NG"
>
3852.051638 4308.339847 4239.656545
</CgPoint>
<CgPoint
 name="208"
 desc="NG"
>
3902.934635 4306.145647 4239.651244
</CgPoint>
<CgPoint
 name="209"
 desc="NG"
>
3911.097333 4358.018771 4239.726781
</CgPoint>
<CgPoint
 name="210"
 desc="NG"
>
3908.006787 4419.779684 4239.763931
</CgPoint>
<CgPoint
 name="211"
 desc="NG"
>
3905.147435 4485.064172 4239.723062
</CgPoint>
<CgPoint
 name="212"
 desc="NG"
>
3904.003221 4544.488621 4239.741676
</CgPoint>
<CgPoint
 name="213"
 desc="NG"
>
3902.185416 4596.849651 4239.703263
</CgPoint>
<CgPoint
 name="214"
 desc="NG"
>
4225.417995 4773.565467 4240.571484
</CgPoint>
<CgPoint
 name="215"
 desc="NG"
>
4227.840711 4718.003608 4240.501309
</CgPoint>
<CgPoint
 name="216"
 desc="NG"
>
4233.530759 4662.869527 4240.509096
</CgPoint>
<CgPoint
 name="217"
 desc="NG"
>
4236.586365 4601.632844 4240.520816
</CgPoint>
<CgPoint
 name="218"
 desc="NG"
>
4239.384214 4540.033806 4240.520953
</CgPoint>
<CgPoint
 name="219"
 desc="NG"
>
4237.662943 4478.650572 4240.539327
</CgPoint>
<CgPoint
 name="220"
 desc="NG"
>
4199.582024 4440.453841 4240.546979
</CgPoint>
<CgPoint
 name="221"
 desc="NG"
>
4168.006535 4489.340145 4240.531767
</CgPoint>
<CgPoint
 name="222"
 desc="NG"
>
4168.325125 4555.744734 4240.511520
</CgPoint>
<CgPoint
 name="223"
 desc="NG"
>
4168.603912 4605.815234 4240.502918
</CgPoint>
<CgPoint
 name="224"
 desc="NG"
>
4168.516154 4657.116205 4240.514785
</CgPoint>
<CgPoint
 name="225"
 desc="NG"
>
4170.426399 4720.261841 4240.576891
</CgPoint>
<CgPoint
 name="226"
 desc="NG"
>
4127.587870 4719.129919 4240.242847
</CgPoint>
<CgPoint
 name="227"
 desc="NG"
>
4134.124260 4664.649911 4240.155962
</CgPoint>
<CgPoint
 name="228"
 desc="NG"
>
4138.733780 4608.207048 4240.211841
</CgPoint>
<CgPoint
 name="229"
 desc="NG"
>
4140.429844 4549.792221 4240.197983
</CgPoint>
<CgPoint
 name="230"
 desc="NG"
>
4140.020263 4495.088226 4240.182034
</CgPoint>
<CgPoint
 name="231"
 desc="NG"
>
4137.428765 4441.495938 4240.235920
</CgPoint>
<CgPoint
 name="232"
 desc="NG"
>
4115.476694 4382.017858 4240.194935
</CgPoint>
<CgPoint
 name="233"
 desc="NG"
>
4070.676293 4349.623687 4240.296009
</CgPoint>
<CgPoint
 name="234"
 desc="NG"
>
4052.517563 4409.078230 4240.221646
</CgPoint>
<CgPoint
 name="235"
 desc="NG"
>
4049.796371 4467.445900 4240.175107
</CgPoint>
<CgPoint
 name="236"
 desc="NG"
>
4050.177669 4526.205678 4240.147890
</CgPoint>
<CgPoint
 name="237"
 desc="NG"
>
4050.599865 4580.821002 4240.149158
</CgPoint>
<CgPoint
 name="238"
 desc="NG"
>
4049.654416 4633.277514 4240.179790
</CgPoint>
<CgPoint
 name="239"
 desc="NG"
>
4047.118629 4686.301569 4240.129379
</CgPoint>
<CgPoint
 name="240"
 desc="NG"
>
4017.903438 4638.004716 4240.069004
</CgPoint>
<CgPoint
 name="241"
 desc="NG"
>
4021.155614 4587.718683 4240.034512
</CgPoint>
<CgPoint
 name="242"
 desc="NG"
>
4022.464746 4526.176276 4239.985681
</CgPoint>
<CgPoint
 name="243"
 desc="NG"
>
4027.267682 4465.738074 4239.996702
</CgPoint>
<CgPoint
 name="244"
 desc="NG"
>
4029.422067 4407.646503 4239.974102
</CgPoint>
<CgPoint
 name="245"
 desc="NG"
>
4030.718181 4343.252927 4239.992977
</CgPoint>
<CgPoint
 name="246"
 desc="NG"
>
4014.307796 4293.079555 4239.996331
</CgPoint>
<CgPoint
 name="247"
 desc="NG"
>
3969.919487 4264.844173 4240.038514
</CgPoint>
<CgPoint
 name="248"
 desc="NG"
>
3944.871899 4311.678256 4240.042191
</CgPoint>
<CgPoint
 name="249"
 desc="NG"
>
3940.893832 4373.255091 4240.057862
</CgPoint>
<CgPoint
 name="250"
 desc="NG"
>
3938.219491 4439.172322 4240.021172
</CgPoint>
<CgPoint
 name="251"
 desc="NG"
>
3937.383395 4508.804927 4240.027781
</CgPoint>
<CgPoint
 name="252"
 desc="NG"
>
3937.074305 4569.975084 4239.980048
</CgPoint>
<CgPoint
 name="253"
 desc="NG"
>
3935.657529 4627.162309 4240.051715
</CgPoint>
<CgPoint
 name="254"
 desc="NG"
>
4295.419342 4810.436348 4240.981175
</CgPoint>
<CgPoint
 name="255"
 desc="NG"
>
4309.967369 4747.476169 4240.835145
</CgPoint>
<CgPoint
 name="256"
 desc="NG"
>
4309.069325 4685.782950 4240.802068
</CgPoint>
<CgPoint
 name="257"
 desc="NG"
>
4307.693597 4624.619977 4240.710393
</CgPoint>
<CgPoint
 name="258"
 desc="NG"
>
4308.709428 4573.211851 4240.637955
</CgPoint>
<CgPoint
 name="259"
 desc="NG"
>
4306.790084 4521.748136 4240.667464
</CgPoint>
<CgPoint
 name="260"
 desc="NG"
>
4258.014676 4546.658696 4240.563110
</CgPoint>
<CgPoint
 name="261"
 desc="NG"
>
4255.834555 4607.920033 4240.646142
</CgPoint>
<CgPoint
 name="262"
 desc="NG"
>
4254.277610 4676.262948 4240.727215
</CgPoint>
<CgPoint
 name="263"
 desc="NG"
>
4251.518615 4732.790592 4240.785676
</CgPoint>
<CgPoint
 name="264"
 desc="NG"
>
4256.106644 4786.362116 4240.929035
</CgPoint>
<CgPoint
 name="500"
 desc="SEARCH"
>
4867.569535 4727.881956 0.000000
</CgPoint>
<CgPoint
 name="501"
 desc="SEARCH"
>
4651.189702 4971.116442 0.000000
</CgPoint>
<CgPoint
 name="502"
 desc="SEARCH"
>
4677.026054 5104.780910 0.000000
</CgPoint>
<CgPoint
 name="503"
 desc="SEARCH"
>
4313.979928 5093.179886 0.000000
</CgPoint>
<CgPoint
 name="504"
 desc="SEARCH"
>
4315.096430 4573.089046 0.000000
</CgPoint>
<CgPoint
 name="505"
 desc="SEARCH"
>
2907.205914 4569.301539 0.000000
</CgPoint>
<CgPoint
 name="506"
 desc="SEARCH"
>
2927.063954 4258.435317 0.000000
</CgPoint>
<CgPoint
 name="507"
 desc="SEARCH"
>
2905.172310 4249.629099 0.000000
</CgPoint>
<CgPoint
 name="508"
 desc="SEARCH"
>
2824.547349 4217.196334 0.000000
</CgPoint>
<CgPoint
 name="509"
 desc="SEARCH"
>
2703.937408 3912.993026 0.000000
</CgPoint>
<CgPoint
 name="1000"
 desc="CL RD TP"
>
4481.375663 4859.409519 4242.408485
</CgPoint>
<CgPoint
 name="1001"
 desc="CL RD TP"
>
4544.348589 4669.703539 4241.008482
</CgPoint>
<CgPoint
 name="1002"
 desc="CL RD TP"
>
4558.327917 4627.590655 4241.208482
</CgPoint>
<CgPoint
 name="1003"
 desc="TBC PC"
>
4514.524529 4911.711423 0.000000
</CgPoint>
<CgPoint
 name="1004"
 desc="TBC PC"
>
4421.589143 4874.266249 0.000000
</CgPoint>
<CgPoint
 name="1005"
 desc="TBC PT"
>
4495.537991 4870.706041 4242.438485
</CgPoint>
<CgPoint
 name="1006"
 desc="TBC PC"
>
4560.553721 4674.846150 4240.938482
</CgPoint>
<CgPoint
 name="1007"
 desc="TBC PRC"
>
4575.276951 4657.065014 4240.788482
</CgPoint>
<CgPoint
 name="1008"
 desc="TBC POC"
>
4592.062684 4631.830264 4240.638481
</CgPoint>
<CgPoint
 name="1009"
 desc="TBC POC"
>
4569.531039 4595.489291 4240.338481
</CgPoint>
<CgPoint
 name="1010"
 desc="TBC DRAIN"
>
4552.779306 4594.046388 4240.038480
</CgPoint>
<CgPoint
 name="1011"
 desc="TBC PRC"
>
4527.115854 4641.074382 4240.538481
</CgPoint>
<CgPoint
 name="1012"
 desc="TBC PC"
>
4528.143456 4664.560929 4240.938482
</CgPoint>
<CgPoint
 name="1013"
 desc="TBC PT"
>
4465.241330 4854.053808 4242.438485
</CgPoint>
<CgPoint
 name="1014"
 desc="CL RD TP"
>
3682.081564 4540.737281 4241.708483
</CgPoint>
<CgPoint
 name="1015"
 desc="CL RD TP"
>
3816.620733 4206.818014 4239.558479
</CgPoint>
<CgPoint
 name="1016"
 desc="TBC PC"
>
3716.136632 4590.032680 0.000000
</CgPoint>
<CgPoint
 name="1017"
 desc="TBC POC"
>
3698.097696 4572.347845 4241.338483
</CgPoint>
<CgPoint
 name="1018"
 desc="TBC PT"
>
3697.851096 4547.087294 4241.838484
</CgPoint>
<CgPoint
 name="1019"
 desc="TBC POL"
>
3832.388965 4213.171226 4239.738479
</CgPoint>
<CgPoint
 name="1020"
 desc="TBC PC"
>
3851.549403 4165.616131 4239.488479
</CgPoint>
<CgPoint
 name="1021"
 desc="TBC PT"
>
3901.260703 4151.039502 4239.238478
</CgPoint>
<CgPoint
 name="1022"
 desc="TBC PC"
>
3623.367047 4552.662105 0.000000
</CgPoint>
<CgPoint
 name="1023"
 desc="TBC POC"
>
3648.624697 4552.419605 4242.008484
</CgPoint>
<CgPoint
 name="1024"
 desc="TBC PT"
>
3666.312033 4534.387169 4242.238484
</CgPoint>
<CgPoint
 name="1025"
 desc="TBC POL"
>
3800.852502 4200.464801 4240.038480
</CgPoint>
<CgPoint
 name="1026"
 desc="TBC PC"
>
3828.933458 4130.769262 4239.838480
</CgPoint>
<CgPoint
 name="1027"
 desc="TBC PT"
>
3817.426835 4091.527383 4239.738479
</CgPoint>
<CgPoint
 name="1028"
 desc="TBC POL"
>
3784.719669 4068.309237 4239.838480
</CgPoint>
<CgPoint
 name="1029"
 desc="TBC PC"
>
4146.282893 4324.976250 4237.638475
</CgPoint>
<CgPoint
 name="1030"
 desc="TBC PRC"
>
4159.348019 4344.519389 4237.488475
</CgPoint>
<CgPoint
 name="1031"
 desc="TBC POC"
>
4172.809046 4364.654729 4237.338475
</CgPoint>
<CgPoint
 name="1032"
 desc="TBC DRAIN"
>
4224.929950 4326.748353 4236.838474
</CgPoint>
<CgPoint
 name="1033"
 desc="TBC POC"
>
4212.171424 4309.205418 4237.138474
</CgPoint>
<CgPoint
 name="1034"
 desc="TBC PRC"
>
4188.722877 4303.139306 4237.388475
</CgPoint>
<CgPoint
 name="1035"
 desc="TBC PC"
>
4165.964132 4297.251695 4237.638475
</CgPoint>
<CgPoint
 name="1036"
 desc="TBC POL"
>
3804.400909 4040.584581 4239.838480
</CgPoint>
<CgPoint
 name="1037"
 desc="CL RD TP"
>
3794.560289 4054.446909 4239.908480
</CgPoint>
<CgPoint
 name="1038"
 desc="CL RD TP"
>
4156.123512 4311.114022 4237.668475
</CgPoint>
<CgPoint
 name="1039"
 desc="CL RD TP"
>
4192.490185 4336.930074 4237.408475
</CgPoint>
<CgPoint
 name="1040"
 desc="CL RD TP"
>
3853.689007 4114.816530 4239.208478
</CgPoint>
<CgPoint
 name="1500"
 desc="LOT 1 PC FG"
>
4518.140336 4902.389905 4242.508485
</CgPoint>
<CgPoint
 name="1501"
 desc="LOT 1 PT FG"
>
4503.757608 4871.328143 4242.508485
</CgPoint>
<CgPoint
 name="1502"
 desc="LOTS 1/2 FG"
>
4531.081562 4789.014578 4242.008484
</CgPoint>
<CgPoint
 name="1503"
 desc="LOTS 2/3 FG"
>
4562.643625 4693.923688 4241.008482
</CgPoint>
<CgPoint
 name="1504"
 desc="LOT 3 PC FG"
>
4564.433029 4688.532877 4241.008482
</CgPoint>
<CgPoint
 name="1505"
 desc="LOT 3 PRC"
>
4578.210956 4673.475047 4241.008482
</CgPoint>
<CgPoint
 name="1506"
 desc="LOTS 3/4 FG"
>
4608.085016 4632.319465 4241.008482
</CgPoint>
<CgPoint
 name="1507"
 desc="LOTS 4/5 FG DRAI"
>
4550.175100 4578.269557 4239.008478
</CgPoint>
<CgPoint
 name="1508"
 desc="LOTS 5/6 FG"
>
4511.109222 4644.047588 4241.008482
</CgPoint>
<CgPoint
 name="1509"
 desc="LOT 6 PRC FG"
>
4514.947530 4652.463705 4241.008482
</CgPoint>
<CgPoint
 name="1510"
 desc="LOT 6 PT FG"
>
4516.985834 4672.771746 4241.008482
</CgPoint>
<CgPoint
 name="1511"
 desc="LOTS 6/7 FG"
>
4491.243382 4750.320901 4242.008484
</CgPoint>
<CgPoint
 name="1512"
 desc="LOT 7 PC FG"
>
4458.276917 4849.632499 4242.508485
</CgPoint>
<CgPoint
 name="1513"
 desc="LOT 7 PT FG"
>
4425.209650 4864.943830 4242.508485
</CgPoint>
<CgPoint
 name="1514"
 desc="LOT 1 FG"
>
3708.416217 4571.456943 4241.008482
</CgPoint>
<CgPoint
 name="1515"
 desc="LOT 1 PT FG"
>
3706.186812 4547.794096 4241.008482
</CgPoint>
<CgPoint
 name="1516"
 desc="LOTS 1/2 FG"
>
3758.649117 4417.585335 4241.008482
</CgPoint>
<CgPoint
 name="1517"
 desc="LOTS 2/3"
>
3796.033692 4324.800850 4241.008482
</CgPoint>
<CgPoint
 name="1518"
 desc="LOTS 3/4 FG"
>
3833.416567 4232.018464 4240.008480
</CgPoint>
<CgPoint
 name="1519"
 desc="LOT 4 PC FG"
>
3858.959918 4168.612737 4239.508479
</CgPoint>
<CgPoint
 name="1520"
 desc="LOT 4 PT"
>
3896.624093 4157.568615 4239.008478
</CgPoint>
<CgPoint
 name="1521"
 desc="LOTS 4/5 FG"
>
4057.108914 4271.493843 4238.008476
</CgPoint>
<CgPoint
 name="1522"
 desc="LOT 5 PC FG"
>
4131.989864 4324.650449 4238.008476
</CgPoint>
<CgPoint
 name="1523"
 desc="LOTS 5/6 FG"
>
4138.570677 4331.543863 4238.008476
</CgPoint>
<CgPoint
 name="1524"
 desc="LOT 6 PRC FG"
>
4142.360085 4342.221384 4238.008476
</CgPoint>
<CgPoint
 name="1525"
 desc="LOTS 6/7 FG"
>
4192.284685 4386.612873 4237.008474
</CgPoint>
<CgPoint
 name="1526"
 desc="LOTS 7/8 FG"
>
4232.233164 4366.366333 4237.008474
</CgPoint>
<CgPoint
 name="1527"
 desc="LOTS 8/9 FG DRAI"
>
4239.924580 4322.246644 4236.008472
</CgPoint>
<CgPoint
 name="1528"
 desc="LOTS 9/10"
>
4209.203318 4289.652979 4237.008474
</CgPoint>
<CgPoint
 name="1529"
 desc="LOT 10 PRC FG"
>
4180.949962 4287.862376 4237.208474
</CgPoint>
<CgPoint
 name="1530"
 desc="LOT 10 PT FG"
>
4160.933822 4283.871668 4237.308475
</CgPoint>
<CgPoint
 name="1531"
 desc="LOTS 10/11 FG"
>
4106.203612 4245.040090 4238.008476
</CgPoint>
<CgPoint
 name="1532"
 desc="LOTS 11/12 FG"
>
4001.100702 4170.427041 4238.008476
</CgPoint>
<CgPoint
 name="1533"
 desc="LOTS 12/13 FG"
>
3919.246238 4112.982426 4239.008478
</CgPoint>
<CgPoint
 name="1534"
 desc="LOTS 13/14 FG"
>
3838.357177 4054.177308 4239.008478
</CgPoint>
<CgPoint
 name="1535"
 desc="LOTS 14/15 FG"
>
3756.477513 3996.768594 4240.008480
</CgPoint>
<CgPoint
 name="1536"
 desc="LOTS 1/2 FG"
>
3687.625275 4460.090220 4242.008484
</CgPoint>
<CgPoint
 name="1537"
 desc="LOTS 2/3 FG"
>
3724.996950 4367.335735 4242.008484
</CgPoint>
<CgPoint
 name="1538"
 desc="LOTS 3/4 FG"
>
3762.368625 4274.581249 4241.008482
</CgPoint>
<CgPoint
 name="1539"
 desc="LOTS 4/5 FG"
>
3799.740299 4181.826664 4240.508481
</CgPoint>
</CgPoints>
<Alignments
 name="Points"
>
<Alignment
 name="Alignment24"
 desc="CL RIO CHAMA TP"
 staStart="0.000000"
 length="488.000964"
>
<CoordGeom
>
<Line
>
<Start
 pntRef="1037"
>
3794.560289 4054.446909 4239.908480
</Start>
<End
 pntRef="1038"
>
4156.123512 4311.114022 4237.668475
</End>
</Line>
<Line
>
<Start
 pntRef="1038"
>
4156.123512 4311.114022 4237.668475
</Start>
<End
 pntRef="1039"
>
4192.490185 4336.930074 4237.408475
</End>
</Line>
</CoordGeom>
</Alignment>
<Alignment
 name="Alignment21"
 desc="CL RIOMIMBRES TP"
 staStart="0.000000"
 length="459.192336"
>
<CoordGeom
>
<Line
>
<Start
 pntRef="1014"
>
3682.081564 4540.737281 4241.708483
</Start>
<End
 pntRef="1015"
>
3816.620733 4206.818014 4239.558479
</End>
</Line>
<Line
>
<Start
 pntRef="1015"
>
3816.620733 4206.818014 4239.558479
</Start>
<End
 pntRef="1040"
>
3853.689007 4114.816530 4239.208478
</End>
</Line>
</CoordGeom>
</Alignment>
<Alignment
 name="Alignment18"
 desc="CL RIO HONDA TP"
 staStart="0.000000"
 length="244.257313"
>
<CoordGeom
>
<Line
>
<Start
 pntRef="1000"
>
4481.375663 4859.409519 4242.408485
</Start>
<End
 pntRef="1001"
>
4544.348589 4669.703539 4241.008482
</End>
</Line>
<Line
>
<Start
 pntRef="1001"
>
4544.348589 4669.703539 4241.008482
</Start>
<End
 pntRef="1002"
>
4558.327917 4627.590655 4241.208482
</End>
</Line>
</CoordGeom>
</Alignment>
</Alignments>
</LandXML>
