<?xml version="1.0"?>
<LandXML xmlns="http://www.landxml.org/schema/LandXML-1.0"  xmlns:xsi="http://www.w3.org/2001/XMLSchema-instance" xsi:schemaLocation="http://www.landxml.org/schema/LandXML-1.0 http://www.landxml.org/schema/LandXML-1.0/LandXML-1.0.xsd" version="1.0" date="2008-03-18" time="11:54:13" readOnly="false" language="English">
<Project name="494-08 2351 ALVAREZ ROAD 03-18-2008.job"/>
<Units>
<Imperial linearUnit="foot" areaUnit="squareFoot" volumeUnit="cubicFeet" temperatureUnit="fahrenheit" pressureUnit="inchHG" angularUnit="decimal degrees" directionUnit="decimal degrees"/>
</Units>
<Application name="Survey Pro" manufacturer="Tripod Data Systems" version="4.0" manufacturerURL="www.tdsway.com"/>
<CgPoints
 name="Points"
>
<CgPoint
 name="2"
 desc="1/2&quot; IRF #5939"
>
9900.685563 9840.015642 99.716922
</CgPoint>
<CgPoint
 name="3"
 desc="2&quot; IPF"
>
5433.932056 5024.637071 99.644382
</CgPoint>
<CgPoint
 name="5"
 desc="2&quot; IPF"
>
9900.400153 9840.288578 100.643834
</CgPoint>
<CgPoint
 name="6"
 desc="NAIL SET CP"
>
9997.796539 9842.135204 99.768961
</CgPoint>
<CgPoint
 name="7"
 desc="NAIL SET CP"
>
10123.125856 9799.361884 97.942838
</CgPoint>
<CgPoint
 name="8"
 desc="NAIL SET CP"
>
10069.006068 9748.836043 98.950336
</CgPoint>
<CgPoint
 name="10"
 desc="5000"
>
5046.635847 5211.544319 101.635949
</CgPoint>
<CgPoint
 name="11"
 desc="1/2&quot; IRF #5949"
>
5021.700340 4772.127106 107.935831
</CgPoint>
<CgPoint
 name="12"
 desc="1/2&quot; IRF #5949"
>
5019.610442 4519.817907 114.880752
</CgPoint>
<CgPoint
 name="13"
 desc="RR SPIKE FND"
>
5237.048735 4519.610229 108.336278
</CgPoint>
<CgPoint
 name="14"
 desc="GPS 7"
>
5242.736101 5081.243381 101.798953
</CgPoint>
<CgPoint
 name="15"
 desc="GPS 6"
>
5110.965589 5067.330910 102.134461
</CgPoint>
<CgPoint
 name="22"
 desc="GPS 2"
>
5023.798127 5024.593527 101.328753
</CgPoint>
<CgPoint
 name="28"
 desc="GPS 8"
>
5214.821285 5012.677311 103.717022
</CgPoint>
<CgPoint
 name="101"
 desc="CLF*"
>
9902.772405 9839.345549 99.848585
</CgPoint>
<CgPoint
 name="102"
 desc="CLF*"
>
9987.482271 10019.197900 98.184001
</CgPoint>
<CgPoint
 name="103"
 desc="BRICK WALL*"
>
9987.957484 10019.704238 97.342119
</CgPoint>
<CgPoint
 name="104"
 desc="BRICK WALL*"
>
10007.802164 10015.681332 97.347336
</CgPoint>
<CgPoint
 name="105"
 desc="BRICK WALL*"
>
10009.179405 10002.677056 97.562048
</CgPoint>
<CgPoint
 name="106"
 desc="PIPE GATE*"
>
10010.018612 10001.537093 99.600262
</CgPoint>
<CgPoint
 name="107"
 desc="PIPE GATE*"
>
10027.203756 9998.401969 97.011399
</CgPoint>
<CgPoint
 name="108"
 desc="BRICK WALL*"
>
10027.598676 9999.115164 97.597699
</CgPoint>
<CgPoint
 name="109"
 desc="BRICK WALL*"
>
10034.184743 10010.162148 97.498657
</CgPoint>
<CgPoint
 name="110"
 desc="BRICK WALL*"
>
10069.892829 9990.090762 99.538428
</CgPoint>
<CgPoint
 name="111"
 desc="BRICK WALL*"
>
10093.596779 9977.878849 101.062663
</CgPoint>
<CgPoint
 name="112"
 desc="CONC*DRIVE"
>
10064.540833 9980.407282 99.818713
</CgPoint>
<CgPoint
 name="113"
 desc="COV CARPORT*"
>
10065.188953 9979.194898 99.892698
</CgPoint>
<CgPoint
 name="114"
 desc="CONC*DRIVE"
>
10057.073972 9956.712712 99.863085
</CgPoint>
<CgPoint
 name="115"
 desc="COV CARPORT*"
>
10058.222352 9957.148838 99.914014
</CgPoint>
<CgPoint
 name="116"
 desc="ROCKWALL*"
>
10057.471603 9957.895288 99.760115
</CgPoint>
<CgPoint
 name="117"
 desc="ROCKWALL*"
>
10048.753799 9960.479929 99.468690
</CgPoint>
<CgPoint
 name="118"
 desc="ROCKWALL*"
>
10044.460221 9958.925932 99.497877
</CgPoint>
<CgPoint
 name="119"
 desc="ROCKWALL*"
>
10040.698076 9955.641955 99.462541
</CgPoint>
<CgPoint
 name="120"
 desc="ROCKWALL*"
>
10033.719420 9935.199890 99.182400
</CgPoint>
<CgPoint
 name="121"
 desc="BRICK WALL*"
>
10041.276307 9932.682392 100.509909
</CgPoint>
<CgPoint
 name="122"
 desc="BRICK WALL*"
>
10040.984437 9931.708745 100.558952
</CgPoint>
<CgPoint
 name="123"
 desc="BRICK WALL*"
>
10023.160288 9938.706664 99.063738
</CgPoint>
<CgPoint
 name="124"
 desc="BRICK WALL*"
>
10020.017674 9928.526633 99.224828
</CgPoint>
<CgPoint
 name="125"
 desc="BRICK WALL*"
>
10021.439495 9929.342676 99.380156
</CgPoint>
<CgPoint
 name="126"
 desc="BRICK WALL*"
>
10037.918945 9922.647998 99.658346
</CgPoint>
<CgPoint
 name="127"
 desc="BRICK WALL*"
>
10038.135868 9923.878105 99.572543
</CgPoint>
<CgPoint
 name="128"
 desc="HOUSE*"
>
10040.557235 9930.440748 100.247919
</CgPoint>
<CgPoint
 name="129"
 desc="WOOD FNC*"
>
10014.129157 9899.118272 99.171213
</CgPoint>
<CgPoint
 name="130"
 desc="WOOD FNC*"
>
10010.067312 9885.096389 99.500609
</CgPoint>
<CgPoint
 name="131"
 desc="BRICK SHED*"
>
10010.744115 9877.650449 100.132340
</CgPoint>
<CgPoint
 name="132"
 desc="BRICK SHED*"
>
10013.125970 9885.419495 99.911020
</CgPoint>
<CgPoint
 name="133"
 desc="CONC*"
>
9993.019893 9853.962170 99.541225
</CgPoint>
<CgPoint
 name="134"
 desc="CONC*"
>
9925.506315 9884.114394 99.422563
</CgPoint>
<CgPoint
 name="135"
 desc="CONC*"
>
9906.063982 9840.450359 100.011549
</CgPoint>
<CgPoint
 name="136"
 desc="GARAGE*"
>
9929.722110 9860.206458 104.928847
</CgPoint>
<CgPoint
 name="137"
 desc="GARAGE*COV"
>
9984.818534 9835.810966 98.269222
</CgPoint>
<CgPoint
 name="138"
 desc="GARAGE*COV"
>
10057.366782 9804.334688 104.854710
</CgPoint>
<CgPoint
 name="139"
 desc="GARAGE*COV"
>
10069.426021 9830.786865 96.051361
</CgPoint>
<CgPoint
 name="140"
 desc="BRICK SHED*"
>
10022.379372 9874.270434 99.239768
</CgPoint>
<CgPoint
 name="141"
 desc="WOOD FNC*GATE"
>
10015.307530 9851.588697 98.153959
</CgPoint>
<CgPoint
 name="142"
 desc="WOOD FNC*GATE"
>
10013.925900 9848.038582 93.052891
</CgPoint>
<CgPoint
 name="143"
 desc="HOUSE*"
>
10087.423106 9876.132845 99.721177
</CgPoint>
<CgPoint
 name="144"
 desc="COV MTL SHED*"
>
10093.228052 9760.853036 98.124914
</CgPoint>
<CgPoint
 name="145"
 desc="COV MTL SHED*"
>
10099.614617 9784.300566 99.707949
</CgPoint>
<CgPoint
 name="146"
 desc="OHE*PP"
>
9952.904744 10033.158720 119.761518
</CgPoint>
<CgPoint
 name="147"
 desc="OHE*PP"
>
10144.502013 9935.861390 120.084094
</CgPoint>
<CgPoint
 name="201"
 desc="CLF*"
>
5428.378992 5030.718113 100.427304
</CgPoint>
<CgPoint
 name="202"
 desc="BRICK WALL*"
>
5161.280147 5232.996178 101.839986
</CgPoint>
<CgPoint
 name="203"
 desc="BRICK WALL*"
>
5163.537522 5256.549441 99.492471
</CgPoint>
<CgPoint
 name="204"
 desc="EOP*"
>
5228.174005 5284.816740 96.781750
</CgPoint>
<CgPoint
 name="205"
 desc="CLF*"
>
5222.232734 5270.426851 98.566612
</CgPoint>
<CgPoint
 name="206"
 desc="BRICK WALL*"
>
5222.443727 5270.371972 98.654494
</CgPoint>
<CgPoint
 name="207"
 desc="CONC*DRIVE"
>
5166.850191 5233.354602 101.800403
</CgPoint>
<CgPoint
 name="208"
 desc="OHE*PP"
>
5204.582486 5214.220719 101.218292
</CgPoint>
<CgPoint
 name="209"
 desc="O/S*10&apos;"
>
5233.401044 5122.006923 101.263647
</CgPoint>
<CgPoint
 name="210"
 desc="O/S*10&apos;"
>
5235.349176 5117.493468 101.334988
</CgPoint>
<CgPoint
 name="211"
 desc="O/S*10&apos;"
>
5238.086879 5097.620837 101.360672
</CgPoint>
<CgPoint
 name="212"
 desc="O/S*10&apos;"
>
5229.619292 5086.049784 101.314929
</CgPoint>
<CgPoint
 name="213"
 desc="O/S* 9&apos;"
>
5220.936580 5091.183314 101.352669
</CgPoint>
<CgPoint
 name="214"
 desc="O/S* 9&apos;"
>
5216.287460 5084.427276 101.305864
</CgPoint>
<CgPoint
 name="215"
 desc="O/S* 9&apos;"
>
5221.470912 5057.250899 101.831175
</CgPoint>
<CgPoint
 name="216"
 desc="O/S* 9&apos;"
>
5218.283574 5064.167602 101.867667
</CgPoint>
<CgPoint
 name="217"
 desc="O/S* 9&apos;"
>
5221.883179 5027.801936 103.000745
</CgPoint>
<CgPoint
 name="218"
 desc="O/S* 9&apos;"
>
5213.263092 5018.412410 103.232549
</CgPoint>
<CgPoint
 name="219"
 desc="CLF*"
>
5233.092378 5027.572691 102.000195
</CgPoint>
<CgPoint
 name="501"
 desc="Cogo"
>
5025.093361 5227.909808 101.328753
</CgPoint>
<CgPoint
 name="502"
 desc="Cogo"
>
5023.798127 5024.593527 101.328753
</CgPoint>
<CgPoint
 name="503"
 desc="Cogo"
>
5216.268444 5024.755890 101.328753
</CgPoint>
<CgPoint
 name="504"
 desc="Cogo"
>
5217.542399 5274.063134 101.328753
</CgPoint>
<CgPoint
 name="505"
 desc="Cogo"
>
4120.756909 4518.657728 108.336278
</CgPoint>
<CgPoint
 name="5000"
 desc="ROBOT"
>
10000.020000 10000.020000 100.000200
</CgPoint>
<CgPoint
 name="5002"
 desc="BS"
>
10000.020466 10070.247089 95.275287
</CgPoint>
<CgPoint
 name="5005"
 desc="BASE"
>
5000.010000 5000.010000 100.000200
</CgPoint>
</CgPoints>
<Alignments
 name="Points"
>
<Alignment
 name="Alignment14"
 desc="ROCKWALL*"
 staStart="0.000000"
 length="40.308504"
>
<CoordGeom
>
<Line
>
<Start
 pntRef="116"
>
10057.471603 9957.895288 99.760115
</Start>
<End
 pntRef="117"
>
10048.753799 9960.479929 99.468690
</End>
</Line>
<Curve
 rot="cw"
>
<Start
 pntRef="117"
>
10048.753799 9960.479929 99.468690
</Start>
<Center
>
10050.955771 9947.687630
</Center>
<End
 pntRef="119"
>
10040.698076 9955.641955 99.462541
</End>
</Curve>
<Line
>
<Start
 pntRef="119"
>
10040.698076 9955.641955 99.462541
</Start>
<End
 pntRef="120"
>
10033.719420 9935.199890 99.182400
</End>
</Line>
</CoordGeom>
</Alignment>
</Alignments>
</LandXML>
