<?xml version="1.0"?>
<LandXML xmlns="http://www.landxml.org/schema/LandXML-1.0"  xmlns:xsi="http://www.w3.org/2001/XMLSchema-instance" xsi:schemaLocation="http://www.landxml.org/schema/LandXML-1.0 http://www.landxml.org/schema/LandXML-1.0/LandXML-1.0.xsd" version="1.0" date="2008-04-10" time="13:10:04" readOnly="false" language="English">
<Project name="286-07 FAYKUS 04-10-08.JOB"/>
<Units>
<Imperial linearUnit="foot" areaUnit="squareFoot" volumeUnit="cubicFeet" temperatureUnit="fahrenheit" pressureUnit="inchHG" angularUnit="decimal degrees" directionUnit="decimal degrees"/>
</Units>
<Application name="Survey Pro" manufacturer="Tripod Data Systems" version="4.0" manufacturerURL="www.tdsway.com"/>
<CgPoints
 name="Points"
>

<CgPoint
 name="22"
 desc="1/2&quot;IRS #5949"
>

6796.835594 5110.117920 4245.429991
</CgPoint>

<CgPoint
 name="23"
 desc="1/2&quot; IRS #5949"
>

7130.750262 8174.288349 4247.343295
</CgPoint>

<CgPoint
 name="50"
 desc=""
>

5108.727302 4879.084819 4264.405700
</CgPoint>

<CgPoint
 name="100"
 desc="BCF USDTI 1983"
>

6952.905276 10234.429168 4243.105499
</CgPoint>

<CgPoint
 name="101"
 desc="BCF USDTI 1983"
>

7200.969224 10669.085254 4242.670899
</CgPoint>

<CgPoint
 name="102"
 desc="ACF USBR 5194"
>

6802.543661 9796.439066 4242.018573
</CgPoint>

<CgPoint
 name="103"
 desc="BCF USDTI 1983"
>

6800.875784 9793.690162 4241.950072
</CgPoint>

<CgPoint
 name="104"
 desc="1/2&quot;IRF CAP12129"
>

6796.897016 9411.119671 4242.251700
</CgPoint>

<CgPoint
 name="105"
 desc="1/2&quot;IRF CAP12129"
>

6796.362927 9209.625452 4242.045927
</CgPoint>

<CgPoint
 name="106"
 desc="60D NAIL FND"
>

6790.044544 8080.158955 4239.537620
</CgPoint>

<CgPoint
 name="107"
 desc="1&quot;IPF"
>

6843.163328 8570.342615 4241.890863
</CgPoint>

<CgPoint
 name="108"
 desc="1/2&quot;IRF CAP12129"
>

6242.039503 9301.629079 4254.024713
</CgPoint>

<CgPoint
 name="109"
 desc="5/8&quot; IRF "
>

6419.084931 9894.109499 4252.028355
</CgPoint>

<CgPoint
 name="110"
 desc="1/2&quot;IRF CAP12129"
>

6833.643043 10372.439831 4240.278904
</CgPoint>

<CgPoint
 name="111"
 desc="5/8&quot; IRF IN AIR"
>

6838.014722 10425.453589 4241.405291
</CgPoint>

<CgPoint
 name="112"
 desc="1/2&quot; IRF #1755"
>

5099.761296 10874.041102 4475.681584
</CgPoint>

<CgPoint
 name="113"
 desc="5/8&quot; IRF #8473"
>

6727.973166 7435.215377 4239.696864
</CgPoint>

<CgPoint
 name="114"
 desc="1/2&quot;IRF CAP12129"
>

5763.885242 7430.213524 4244.705956
</CgPoint>

<CgPoint
 name="2022"
 desc="4X4 CMFTAG#12129"
>

5312.607625 5892.615785 4284.171968
</CgPoint>

<CgPoint
 name="2033"
 desc="1 1/2&quot; IPF"
>

6771.746043 5938.484277 4246.816594
</CgPoint>

<CgPoint
 name="5000"
 desc="BASE"
>

10000.020000 10000.020000 100.000200
</CgPoint>

<CgPoint
 name="6000"
 desc="CL DIRT RD"
>

5715.318051 7801.507380 4256.932161
</CgPoint>

<CgPoint
 name="6001"
 desc="CL DIRT RD"
>

5710.081957 7834.292875 4258.505228
</CgPoint>

<CgPoint
 name="6002"
 desc="CL DIRT RD"
>

5704.913404 7867.836660 4258.621660
</CgPoint>

<CgPoint
 name="6003"
 desc="CL DIRT RD"
>

5703.549202 7901.802691 4259.131440
</CgPoint>

<CgPoint
 name="6004"
 desc="CL DIRT RD"
>

5708.284579 7938.892665 4260.127514
</CgPoint>

<CgPoint
 name="6005"
 desc="CL DIRT RD"
>

5716.822321 7972.529466 4258.841311
</CgPoint>

<CgPoint
 name="6006"
 desc="CL DIRT RD"
>

5730.912464 8010.279612 4257.744873
</CgPoint>

<CgPoint
 name="6007"
 desc="CL DIRT RD"
>

5744.600793 8046.584050 4257.048043
</CgPoint>

<CgPoint
 name="6008"
 desc="CL DIRT RD"
>

5757.004403 8085.038368 4256.523456
</CgPoint>

<CgPoint
 name="6009"
 desc="CL DIRT RD"
>

5767.365328 8122.352778 4256.187480
</CgPoint>

<CgPoint
 name="6010"
 desc="CL DIRT RD"
>

5775.489803 8151.979438 4255.912815
</CgPoint>

<CgPoint
 name="6011"
 desc="CL DIRT RD"
>

5785.700321 8189.774756 4255.512341
</CgPoint>

<CgPoint
 name="6012"
 desc="CL DIRT RD"
>

5797.111548 8228.632893 4254.708371
</CgPoint>

<CgPoint
 name="6013"
 desc="CL DIRT RD"
>

5811.647780 8266.006636 4253.399519
</CgPoint>

<CgPoint
 name="6014"
 desc="CL DIRT RD"
>

5830.050606 8306.186038 4251.423403
</CgPoint>

<CgPoint
 name="6015"
 desc="CL DIRT RD"
>

5846.295921 8346.020748 4249.470033
</CgPoint>

<CgPoint
 name="6016"
 desc="CL DIRT RD"
>

5858.614993 8388.719911 4247.835415
</CgPoint>

<CgPoint
 name="6017"
 desc="CL DIRT RD"
>

5865.223612 8418.761015 4247.105269
</CgPoint>

<CgPoint
 name="6018"
 desc="CL DIRT RD"
>

5871.574490 8449.226702 4246.567039
</CgPoint>

<CgPoint
 name="6019"
 desc="CL DIRT RD"
>

5877.604047 8478.992474 4246.573719
</CgPoint>

<CgPoint
 name="6020"
 desc="CL DIRT RD"
>

5885.964335 8521.376402 4247.539517
</CgPoint>

<CgPoint
 name="6021"
 desc="CL DIRT RD"
>

5893.301445 8559.395924 4248.837702
</CgPoint>

<CgPoint
 name="6022"
 desc="CL DIRT RD"
>

5898.960709 8588.932177 4250.197160
</CgPoint>

<CgPoint
 name="6023"
 desc="CL DIRT RD"
>

5905.509939 8630.775894 4252.232218
</CgPoint>

<CgPoint
 name="6024"
 desc="CL DIRT RD"
>

5912.985019 8673.453647 4253.732914
</CgPoint>

<CgPoint
 name="6025"
 desc="CL DIRT RD"
>

5923.512712 8717.255553 4254.277761
</CgPoint>

<CgPoint
 name="6026"
 desc="CL DIRT RD"
>

5932.646654 8746.523769 4253.919474
</CgPoint>

<CgPoint
 name="6027"
 desc="CL DIRT RD"
>

5943.724597 8775.200080 4253.313880
</CgPoint>

<CgPoint
 name="6028"
 desc="CL DIRT RD"
>

5956.273116 8804.495655 4252.801681
</CgPoint>

<CgPoint
 name="6029"
 desc="CL DIRT RD"
>

5970.161773 8834.080690 4252.374272
</CgPoint>

<CgPoint
 name="6030"
 desc="CL DIRT RD"
>

5984.798660 8863.932413 4251.950738
</CgPoint>

<CgPoint
 name="6031"
 desc="CL DIRT RD"
>

5999.670204 8893.702934 4251.662177
</CgPoint>

<CgPoint
 name="6032"
 desc="CL DIRT RD"
>

6014.142535 8922.282468 4251.509023
</CgPoint>

<CgPoint
 name="6033"
 desc="CL DIRT RD"
>

6028.372136 8950.441932 4251.066282
</CgPoint>

<CgPoint
 name="6034"
 desc="CL DIRT RD"
>

6042.778594 8978.676061 4250.495252
</CgPoint>

<CgPoint
 name="6035"
 desc="CL DIRT RD"
>

6057.979556 9006.372629 4250.191632
</CgPoint>

<CgPoint
 name="6036"
 desc="CL DIRT RD"
>

6073.779209 9033.031990 4250.083444
</CgPoint>

<CgPoint
 name="6037"
 desc="CL DIRT RD"
>

6090.421553 9058.581304 4250.011766
</CgPoint>

<CgPoint
 name="6038"
 desc="CL DIRT RD"
>

6106.863258 9083.807328 4249.996829
</CgPoint>

<CgPoint
 name="6039"
 desc="CL DIRT RD"
>

6128.951743 9122.608557 4249.742786
</CgPoint>

<CgPoint
 name="6040"
 desc="CL DIRT RD"
>

6146.872055 9161.645515 4249.879493
</CgPoint>

<CgPoint
 name="6041"
 desc="CL DIRT RD"
>

6162.169795 9202.192028 4250.798622
</CgPoint>

<CgPoint
 name="6042"
 desc="CL DIRT RD"
>

6174.868155 9242.792056 4252.326804
</CgPoint>

<CgPoint
 name="6043"
 desc="CL DIRT RD"
>

6186.188992 9285.284661 4254.072226
</CgPoint>

<CgPoint
 name="6044"
 desc="CL DIRT RD"
>

6195.222560 9328.625083 4255.653434
</CgPoint>

<CgPoint
 name="6045"
 desc="CL DIRT RD"
>

6203.411420 9372.320194 4256.554948
</CgPoint>

<CgPoint
 name="6046"
 desc="CL DIRT RD"
>

6208.474381 9402.425437 4256.808556
</CgPoint>

<CgPoint
 name="6047"
 desc="CL DIRT RD"
>

6213.566023 9432.759676 4256.818035
</CgPoint>

<CgPoint
 name="6048"
 desc="CL DIRT RD"
>

6219.095381 9462.998290 4256.752789
</CgPoint>

<CgPoint
 name="6049"
 desc="CL DIRT RD"
>

6224.853172 9492.974387 4256.865290
</CgPoint>

<CgPoint
 name="6050"
 desc="CL DIRT RD"
>

6235.038002 9535.613663 4256.906062
</CgPoint>

<CgPoint
 name="6051"
 desc="CL DIRT RD"
>

6247.291587 9575.132829 4255.865154
</CgPoint>

<CgPoint
 name="6052"
 desc="CL DIRT RD"
>

6259.597983 9607.323645 4256.925051
</CgPoint>

<CgPoint
 name="6053"
 desc="CL DIRT RD"
>

6267.399168 9626.668004 4257.406158
</CgPoint>

<CgPoint
 name="15001"
 desc="1/2&quot;IRF"
>

6830.901962 10879.408759 4265.158630
</CgPoint>

<CgPoint
 name="15003"
 desc="1/2&quot; IRF #1755"
>

5113.287127 7902.270505 4314.270329
</CgPoint>

<CgPoint
 name="15006"
 desc="1/2&quot;IRF"
>

6852.535705 8075.267851 4239.840480
</CgPoint>

<CgPoint
 name="15007"
 desc="1/2&quot;IRF"
>

6855.634711 8093.354987 4239.919280
</CgPoint>

<CgPoint
 name="15014"
 desc="5/8&quot; IRF #8473"
>

6828.226956 10619.070438 4248.797398
</CgPoint>

<CgPoint
 name="15015"
 desc="5/8&quot; IRF "
>

6452.413905 9966.854034 4257.480115
</CgPoint>

<CgPoint
 name="15030"
 desc="USBR BC FND"
>

6585.031170 9857.858316 4250.757502
</CgPoint>

<CgPoint
 name="15031"
 desc="5/8&quot; IRF #8473"
>

6827.671955 10696.524293 4256.773014
</CgPoint>

<CgPoint
 name="16000"
 desc="BARB WIRE FNC*"
>

6175.260651 9149.745999 4244.879390
</CgPoint>

<CgPoint
 name="16001"
 desc="BARB WIRE FNC*"
>

6177.175854 9152.399605 4245.546891
</CgPoint>

<CgPoint
 name="16002"
 desc="BARB WIRE FNC*"
>

6498.427097 9153.849108 4245.052390
</CgPoint>

<CgPoint
 name="16003"
 desc="OHE*MTR SP W/CON"
>

6447.777096 9197.775896 4245.347191
</CgPoint>

<CgPoint
 name="16004"
 desc="OHE*PP"
>

6431.389663 9196.642293 4245.347791
</CgPoint>

<CgPoint
 name="16005"
 desc="OHE*GUY WIRE"
>

6433.358567 9185.230370 4245.468491
</CgPoint>

<CgPoint
 name="16006"
 desc="OHE*PP"
>

6403.174506 9337.891876 4245.693991
</CgPoint>

<CgPoint
 name="16007"
 desc="OHE*GUY WIRE"
>

6392.906286 9338.248076 4245.539191
</CgPoint>

<CgPoint
 name="16008"
 desc="OHE*GUY WIRE"
>

6401.273403 9348.156596 4245.499791
</CgPoint>

<CgPoint
 name="16009"
 desc="OHE*PP"
>

6452.332505 9339.077478 4245.694691
</CgPoint>

<CgPoint
 name="16010"
 desc="OHE*MTR SP "
>

6474.412649 9325.395451 4246.284693
</CgPoint>

<CgPoint
 name="16011"
 desc="OHE*GUY WIRE "
>

6492.340085 9340.760682 4246.049192
</CgPoint>

<CgPoint
 name="16012"
 desc="OHE*PP W/CON "
>

6502.800006 9339.726179 4246.338293
</CgPoint>

<CgPoint
 name="16013"
 desc="WELL*8&quot; CASE"
>

6482.567665 9321.911944 4243.803088
</CgPoint>

<CgPoint
 name="16014"
 desc="OHE*PP"
>

6412.283325 9503.144706 4245.810092
</CgPoint>

<CgPoint
 name="16015"
 desc="OHE*POL"
>

6430.648661 9540.241280 4251.203302
</CgPoint>

<CgPoint
 name="16016"
 desc="OHE*GUY WIRE"
>

6413.663227 9510.814422 4246.079692
</CgPoint>

<CgPoint
 name="16017"
 desc="OHE*PP"
>

6306.436313 9526.791254 4257.106214
</CgPoint>

<CgPoint
 name="16018"
 desc="OHE*PP"
>

6207.336915 9547.078494 4261.201722
</CgPoint>

<CgPoint
 name="16019"
 desc="OHE*GUY WIRE"
>

6205.450811 9542.382185 4261.172222
</CgPoint>

<CgPoint
 name="16020"
 desc="DBLE WIDE MH*"
>

6421.076142 9436.419673 4250.680401
</CgPoint>

<CgPoint
 name="16021"
 desc="DBLE WIDE MH*"
>

6473.994548 9493.191886 4250.672601
</CgPoint>

<CgPoint
 name="16022"
 desc="DBLE WIDE MH*"
>

6494.429989 9474.156048 4250.712501
</CgPoint>

<CgPoint
 name="16023"
 desc="DBLE WIDE MH*"
>

6441.398483 9417.398635 4250.813002
</CgPoint>

<CgPoint
 name="16030"
 desc="EOR*"
>

6271.812244 9662.351025 4257.399815
</CgPoint>

<CgPoint
 name="16031"
 desc="EOR*"
>

6261.164722 9638.655077 4257.183614
</CgPoint>

<CgPoint
 name="16032"
 desc="EOR*"
>

6250.373201 9613.205026 4256.775614
</CgPoint>

<CgPoint
 name="16033"
 desc="EOR*"
>

6239.451579 9585.915872 4256.044112
</CgPoint>

<CgPoint
 name="16034"
 desc="EOR*"
>

6228.226656 9556.686813 4256.522613
</CgPoint>

<CgPoint
 name="16035"
 desc="EOR*"
>

6219.462939 9525.246850 4256.913414
</CgPoint>

<CgPoint
 name="16036"
 desc="EOR*"
>

6214.234328 9498.101396 4256.834014
</CgPoint>

<CgPoint
 name="16037"
 desc="EOR*"
>

6209.465819 9470.628341 4256.792114
</CgPoint>

<CgPoint
 name="16038"
 desc="EOR*"
>

6204.713909 9443.332787 4256.799214
</CgPoint>

<CgPoint
 name="16039"
 desc="EOR*"
>

6200.909202 9418.247336 4257.073614
</CgPoint>

<CgPoint
 name="16040"
 desc="EOR*"
>

6195.752892 9389.840480 4256.848514
</CgPoint>

<CgPoint
 name="16041"
 desc="EOR*"
>

6190.258081 9360.760122 4256.130112
</CgPoint>

<CgPoint
 name="16042"
 desc="EOR*"
>

6184.771570 9330.598561 4255.396811
</CgPoint>

<CgPoint
 name="16043"
 desc="EOR*"
>

6179.950960 9300.220400 4254.384709
</CgPoint>

<CgPoint
 name="16044"
 desc="EOR*"
>

6174.122148 9268.565337 4253.307307
</CgPoint>

<CgPoint
 name="16045"
 desc="EOR*"
>

6167.471035 9239.155578 4252.097104
</CgPoint>

<CgPoint
 name="16046"
 desc="EOR*"
>

6157.956816 9205.403311 4250.930802
</CgPoint>

<CgPoint
 name="16047"
 desc="EOR*"
>

6147.251295 9174.542749 4250.030900
</CgPoint>

<CgPoint
 name="16048"
 desc="EOR*"
>

6134.655369 9145.447091 4249.731099
</CgPoint>

<CgPoint
 name="16049"
 desc="EOR*"
>

6122.124544 9120.233840 4249.630999
</CgPoint>

<CgPoint
 name="16050"
 desc="EOR*"
>

6137.579075 9114.720329 4249.447099
</CgPoint>

<CgPoint
 name="16051"
 desc="EOR*"
>

6146.249492 9138.353377 4249.411399
</CgPoint>

<CgPoint
 name="16052"
 desc="EOR*"
>

6157.750816 9167.092034 4249.776400
</CgPoint>

<CgPoint
 name="16053"
 desc="EOR*"
>

6168.464837 9193.779788 4250.426801
</CgPoint>

<CgPoint
 name="16054"
 desc="EOR*"
>

6179.035858 9224.489849 4251.407703
</CgPoint>

<CgPoint
 name="16055"
 desc="EOR*"
>

6186.379173 9249.285199 4252.347805
</CgPoint>

<CgPoint
 name="16056"
 desc="EOR*"
>

6193.440187 9275.309251 4253.253707
</CgPoint>

<CgPoint
 name="16057"
 desc="EOR*"
>

6199.590099 9301.859004 4254.326709
</CgPoint>

<CgPoint
 name="16058"
 desc="EOR*"
>

6205.196710 9327.809456 4255.262211
</CgPoint>

<CgPoint
 name="16059"
 desc="EOR*"
>

6211.238022 9354.889610 4255.886012
</CgPoint>

<CgPoint
 name="16060"
 desc="EOR*"
>

6216.789934 9384.082168 4256.183612
</CgPoint>

<CgPoint
 name="16061"
 desc="EOR*"
>

6222.583345 9414.921730 4256.331513
</CgPoint>

<CgPoint
 name="16062"
 desc="EOR*"
>

6228.216156 9447.474795 4256.248012
</CgPoint>

<CgPoint
 name="16063"
 desc="EOR*"
>

6234.622769 9480.286461 4256.315413
</CgPoint>

<CgPoint
 name="16064"
 desc="EOR*"
>

6241.365083 9512.796626 4256.327813
</CgPoint>

<CgPoint
 name="16065"
 desc="EOR*"
>

6249.484899 9545.607791 4256.064312
</CgPoint>

<CgPoint
 name="16066"
 desc="EOR*"
>

6260.752222 9577.881156 4255.458411
</CgPoint>

<CgPoint
 name="16067"
 desc="EOR*"
>

6272.555345 9606.808914 4256.452313
</CgPoint>

<CgPoint
 name="16068"
 desc="EOR*"
>

6291.014982 9649.024698 4257.110314
</CgPoint>

<CgPoint
 name="16069"
 desc="EOR*"
>

6301.432203 9673.253747 4257.115114
</CgPoint>

<CgPoint
 name="16070"
 desc="TRANS PT*"
>

6137.577775 9114.733929 4250.399801
</CgPoint>

<CgPoint
 name="20001"
 desc="Cogo"
>

6826.990654 10880.406961
</CgPoint>

<CgPoint
 name="20002"
 desc="Cogo"
>

5095.826592 10874.708149
</CgPoint>

<CgPoint
 name="20003"
 desc="Cogo"
>

5113.287127 7902.270505
</CgPoint>

<CgPoint
 name="20004"
 desc="Cogo"
>

6623.929348 7907.959716
</CgPoint>

<CgPoint
 name="20005"
 desc="Cogo"
>

6694.615189 8052.751706
</CgPoint>

<CgPoint
 name="20006"
 desc="Cogo"
>

6867.619735 8081.029562
</CgPoint>

<CgPoint
 name="20007"
 desc="Cogo"
>

6865.157230 8095.826092
</CgPoint>

<CgPoint
 name="20008"
 desc="Cogo"
>

6693.623087 8067.788536
</CgPoint>

<CgPoint
 name="20009"
 desc="Cogo"
>

6622.318645 9155.295611
</CgPoint>

<CgPoint
 name="20010"
 desc="Cogo"
>

6179.161758 9153.356107
</CgPoint>

<CgPoint
 name="20011"
 desc="Cogo"
>

6240.508181 9302.946106
</CgPoint>

<CgPoint
 name="20012"
 desc="Cogo"
>

6416.839834 9895.601691
</CgPoint>

<CgPoint
 name="20013"
 desc="Cogo"
>

6464.882530 10005.717811
</CgPoint>

<CgPoint
 name="20014"
 desc="Cogo"
>

6828.226956 10619.070438
</CgPoint>

<CgPoint
 name="20015"
 desc="Cogo"
>

6448.968098 9969.259839
</CgPoint>

<CgPoint
 name="20016"
 desc="Cogo"
>

6305.579211 9521.651543
</CgPoint>

<CgPoint
 name="30000"
 desc="cogo"
>

6187.200874 9149.445699 0.000000
</CgPoint>

<CgPoint
 name="30001"
 desc="cogo"
>

6247.704895 9299.378299 0.000000
</CgPoint>

<CgPoint
 name="30002"
 desc="cogo"
>

6311.544823 9518.446337 0.000000
</CgPoint>

<CgPoint
 name="30003"
 desc="cogo"
>

6420.700441 9893.016286 0.000000
</CgPoint>

<CgPoint
 name="30004"
 desc="cogo"
>

6468.123136 10003.401007 0.000000
</CgPoint>

<CgPoint
 name="30005"
 desc="cogo"
>

6830.860762 10431.239262 0.000000
</CgPoint>

<CgPoint
 name="30006"
 desc="cogo"
>

6581.900164 9887.953076 0.000000
</CgPoint>

<CgPoint
 name="30007"
 desc="cogo"
>

6531.050962 9484.379969 0.000000
</CgPoint>

<CgPoint
 name="30008"
 desc="cogo"
>

6535.231270 9362.888626 0.000000
</CgPoint>

<CgPoint
 name="30009"
 desc="cogo"
>

6550.173400 9153.079606 0.000000
</CgPoint>

<CgPoint
 name="30010"
 desc="cogo"
>

6842.901086 8571.528843 0.000000
</CgPoint>

<CgPoint
 name="30011"
 desc="cogo"
>

6849.763600 8571.589543 0.000000
</CgPoint>

<CgPoint
 name="30012"
 desc="PT22"
>

6796.789905 5110.139590 4245.448848
</CgPoint>

</CgPoints>

<Alignments
 name="Points"
>

<Alignment
 name="Alignment26162"
 desc="CL DIRT RD"
 staStart="0.000000"
 length="1928.768132"
>

<CoordGeom
>

<Line
>

<Start
 pntRef="6000"
>

5715.318051 7801.507380 4256.932161
</Start>

<End
 pntRef="6001"
>

5710.081957 7834.292875 4258.505228
</End>

</Line>

<Line
>

<Start
 pntRef="6001"
>

5710.081957 7834.292875 4258.505228
</Start>

<End
 pntRef="6002"
>

5704.913404 7867.836660 4258.621660
</End>

</Line>

<Line
>

<Start
 pntRef="6002"
>

5704.913404 7867.836660 4258.621660
</Start>

<End
 pntRef="6003"
>

5703.549202 7901.802691 4259.131440
</End>

</Line>

<Line
>

<Start
 pntRef="6003"
>

5703.549202 7901.802691 4259.131440
</Start>

<End
 pntRef="6004"
>

5708.284579 7938.892665 4260.127514
</End>

</Line>

<Line
>

<Start
 pntRef="6004"
>

5708.284579 7938.892665 4260.127514
</Start>

<End
 pntRef="6005"
>

5716.822321 7972.529466 4258.841311
</End>

</Line>

<Line
>

<Start
 pntRef="6005"
>

5716.822321 7972.529466 4258.841311
</Start>

<End
 pntRef="6006"
>

5730.912464 8010.279612 4257.744873
</End>

</Line>

<Line
>

<Start
 pntRef="6006"
>

5730.912464 8010.279612 4257.744873
</Start>

<End
 pntRef="6007"
>

5744.600793 8046.584050 4257.048043
</End>

</Line>

<Line
>

<Start
 pntRef="6007"
>

5744.600793 8046.584050 4257.048043
</Start>

<End
 pntRef="6008"
>

5757.004403 8085.038368 4256.523456
</End>

</Line>

<Line
>

<Start
 pntRef="6008"
>

5757.004403 8085.038368 4256.523456
</Start>

<End
 pntRef="6009"
>

5767.365328 8122.352778 4256.187480
</End>

</Line>

<Line
>

<Start
 pntRef="6009"
>

5767.365328 8122.352778 4256.187480
</Start>

<End
 pntRef="6010"
>

5775.489803 8151.979438 4255.912815
</End>

</Line>

<Line
>

<Start
 pntRef="6010"
>

5775.489803 8151.979438 4255.912815
</Start>

<End
 pntRef="6011"
>

5785.700321 8189.774756 4255.512341
</End>

</Line>

<Line
>

<Start
 pntRef="6011"
>

5785.700321 8189.774756 4255.512341
</Start>

<End
 pntRef="6012"
>

5797.111548 8228.632893 4254.708371
</End>

</Line>

<Line
>

<Start
 pntRef="6012"
>

5797.111548 8228.632893 4254.708371
</Start>

<End
 pntRef="6013"
>

5811.647780 8266.006636 4253.399519
</End>

</Line>

<Line
>

<Start
 pntRef="6013"
>

5811.647780 8266.006636 4253.399519
</Start>

<End
 pntRef="6014"
>

5830.050606 8306.186038 4251.423403
</End>

</Line>

<Line
>

<Start
 pntRef="6014"
>

5830.050606 8306.186038 4251.423403
</Start>

<End
 pntRef="6015"
>

5846.295921 8346.020748 4249.470033
</End>

</Line>

<Line
>

<Start
 pntRef="6015"
>

5846.295921 8346.020748 4249.470033
</Start>

<End
 pntRef="6016"
>

5858.614993 8388.719911 4247.835415
</End>

</Line>

<Line
>

<Start
 pntRef="6016"
>

5858.614993 8388.719911 4247.835415
</Start>

<End
 pntRef="6017"
>

5865.223612 8418.761015 4247.105269
</End>

</Line>

<Line
>

<Start
 pntRef="6017"
>

5865.223612 8418.761015 4247.105269
</Start>

<End
 pntRef="6018"
>

5871.574490 8449.226702 4246.567039
</End>

</Line>

<Line
>

<Start
 pntRef="6018"
>

5871.574490 8449.226702 4246.567039
</Start>

<End
 pntRef="6019"
>

5877.604047 8478.992474 4246.573719
</End>

</Line>

<Line
>

<Start
 pntRef="6019"
>

5877.604047 8478.992474 4246.573719
</Start>

<End
 pntRef="6020"
>

5885.964335 8521.376402 4247.539517
</End>

</Line>

<Line
>

<Start
 pntRef="6020"
>

5885.964335 8521.376402 4247.539517
</Start>

<End
 pntRef="6021"
>

5893.301445 8559.395924 4248.837702
</End>

</Line>

<Line
>

<Start
 pntRef="6021"
>

5893.301445 8559.395924 4248.837702
</Start>

<End
 pntRef="6022"
>

5898.960709 8588.932177 4250.197160
</End>

</Line>

<Line
>

<Start
 pntRef="6022"
>

5898.960709 8588.932177 4250.197160
</Start>

<End
 pntRef="6023"
>

5905.509939 8630.775894 4252.232218
</End>

</Line>

<Line
>

<Start
 pntRef="6023"
>

5905.509939 8630.775894 4252.232218
</Start>

<End
 pntRef="6024"
>

5912.985019 8673.453647 4253.732914
</End>

</Line>

<Line
>

<Start
 pntRef="6024"
>

5912.985019 8673.453647 4253.732914
</Start>

<End
 pntRef="6025"
>

5923.512712 8717.255553 4254.277761
</End>

</Line>

<Line
>

<Start
 pntRef="6025"
>

5923.512712 8717.255553 4254.277761
</Start>

<End
 pntRef="6026"
>

5932.646654 8746.523769 4253.919474
</End>

</Line>

<Line
>

<Start
 pntRef="6026"
>

5932.646654 8746.523769 4253.919474
</Start>

<End
 pntRef="6027"
>

5943.724597 8775.200080 4253.313880
</End>

</Line>

<Line
>

<Start
 pntRef="6027"
>

5943.724597 8775.200080 4253.313880
</Start>

<End
 pntRef="6028"
>

5956.273116 8804.495655 4252.801681
</End>

</Line>

<Line
>

<Start
 pntRef="6028"
>

5956.273116 8804.495655 4252.801681
</Start>

<End
 pntRef="6029"
>

5970.161773 8834.080690 4252.374272
</End>

</Line>

<Line
>

<Start
 pntRef="6029"
>

5970.161773 8834.080690 4252.374272
</Start>

<End
 pntRef="6030"
>

5984.798660 8863.932413 4251.950738
</End>

</Line>

<Line
>

<Start
 pntRef="6030"
>

5984.798660 8863.932413 4251.950738
</Start>

<End
 pntRef="6031"
>

5999.670204 8893.702934 4251.662177
</End>

</Line>

<Line
>

<Start
 pntRef="6031"
>

5999.670204 8893.702934 4251.662177
</Start>

<End
 pntRef="6032"
>

6014.142535 8922.282468 4251.509023
</End>

</Line>

<Line
>

<Start
 pntRef="6032"
>

6014.142535 8922.282468 4251.509023
</Start>

<End
 pntRef="6033"
>

6028.372136 8950.441932 4251.066282
</End>

</Line>

<Line
>

<Start
 pntRef="6033"
>

6028.372136 8950.441932 4251.066282
</Start>

<End
 pntRef="6034"
>

6042.778594 8978.676061 4250.495252
</End>

</Line>

<Line
>

<Start
 pntRef="6034"
>

6042.778594 8978.676061 4250.495252
</Start>

<End
 pntRef="6035"
>

6057.979556 9006.372629 4250.191632
</End>

</Line>

<Line
>

<Start
 pntRef="6035"
>

6057.979556 9006.372629 4250.191632
</Start>

<End
 pntRef="6036"
>

6073.779209 9033.031990 4250.083444
</End>

</Line>

<Line
>

<Start
 pntRef="6036"
>

6073.779209 9033.031990 4250.083444
</Start>

<End
 pntRef="6037"
>

6090.421553 9058.581304 4250.011766
</End>

</Line>

<Line
>

<Start
 pntRef="6037"
>

6090.421553 9058.581304 4250.011766
</Start>

<End
 pntRef="6038"
>

6106.863258 9083.807328 4249.996829
</End>

</Line>

<Line
>

<Start
 pntRef="6038"
>

6106.863258 9083.807328 4249.996829
</Start>

<End
 pntRef="6039"
>

6128.951743 9122.608557 4249.742786
</End>

</Line>

<Line
>

<Start
 pntRef="6039"
>

6128.951743 9122.608557 4249.742786
</Start>

<End
 pntRef="6040"
>

6146.872055 9161.645515 4249.879493
</End>

</Line>

<Line
>

<Start
 pntRef="6040"
>

6146.872055 9161.645515 4249.879493
</Start>

<End
 pntRef="6041"
>

6162.169795 9202.192028 4250.798622
</End>

</Line>

<Line
>

<Start
 pntRef="6041"
>

6162.169795 9202.192028 4250.798622
</Start>

<End
 pntRef="6042"
>

6174.868155 9242.792056 4252.326804
</End>

</Line>

<Line
>

<Start
 pntRef="6042"
>

6174.868155 9242.792056 4252.326804
</Start>

<End
 pntRef="6043"
>

6186.188992 9285.284661 4254.072226
</End>

</Line>

<Line
>

<Start
 pntRef="6043"
>

6186.188992 9285.284661 4254.072226
</Start>

<End
 pntRef="6044"
>

6195.222560 9328.625083 4255.653434
</End>

</Line>

<Line
>

<Start
 pntRef="6044"
>

6195.222560 9328.625083 4255.653434
</Start>

<End
 pntRef="6045"
>

6203.411420 9372.320194 4256.554948
</End>

</Line>

<Line
>

<Start
 pntRef="6045"
>

6203.411420 9372.320194 4256.554948
</Start>

<End
 pntRef="6046"
>

6208.474381 9402.425437 4256.808556
</End>

</Line>

<Line
>

<Start
 pntRef="6046"
>

6208.474381 9402.425437 4256.808556
</Start>

<End
 pntRef="6047"
>

6213.566023 9432.759676 4256.818035
</End>

</Line>

<Line
>

<Start
 pntRef="6047"
>

6213.566023 9432.759676 4256.818035
</Start>

<End
 pntRef="6048"
>

6219.095381 9462.998290 4256.752789
</End>

</Line>

<Line
>

<Start
 pntRef="6048"
>

6219.095381 9462.998290 4256.752789
</Start>

<End
 pntRef="6049"
>

6224.853172 9492.974387 4256.865290
</End>

</Line>

<Line
>

<Start
 pntRef="6049"
>

6224.853172 9492.974387 4256.865290
</Start>

<End
 pntRef="6050"
>

6235.038002 9535.613663 4256.906062
</End>

</Line>

<Line
>

<Start
 pntRef="6050"
>

6235.038002 9535.613663 4256.906062
</Start>

<End
 pntRef="6051"
>

6247.291587 9575.132829 4255.865154
</End>

</Line>

<Line
>

<Start
 pntRef="6051"
>

6247.291587 9575.132829 4255.865154
</Start>

<End
 pntRef="6052"
>

6259.597983 9607.323645 4256.925051
</End>

</Line>

<Line
>

<Start
 pntRef="6052"
>

6259.597983 9607.323645 4256.925051
</Start>

<End
 pntRef="6053"
>

6267.399168 9626.668004 4257.406158
</End>

</Line>

</CoordGeom>

</Alignment>

</Alignments>

</LandXML>
