<?xml version="1.0"?>
<LandXML xmlns="http://www.landxml.org/schema/LandXML-1.0"  xmlns:xsi="http://www.w3.org/2001/XMLSchema-instance" xsi:schemaLocation="http://www.landxml.org/schema/LandXML-1.0 http://www.landxml.org/schema/LandXML-1.0/LandXML-1.0.xsd" version="1.0" date="2008-03-19" time="12:50:37" readOnly="false" language="English">
<Project name="LOT 1A DONA ANA VILLAGE RPLT 4 03-19-2008.job"/>
<Units>
<Imperial linearUnit="foot" areaUnit="squareFoot" volumeUnit="cubicFeet" temperatureUnit="fahrenheit" pressureUnit="inchHG" angularUnit="decimal degrees" directionUnit="decimal degrees"/>
</Units>
<Application name="Survey Pro" manufacturer="Tripod Data Systems" version="4.0" manufacturerURL="www.tdsway.com"/>
<CgPoints
 name="Points"
>
<CgPoint
 name="1"
 desc="1/2&quot; IRF #5939"
>
9821.927393 10322.800452 4037.364745
</CgPoint>
<CgPoint
 name="2"
 desc="1/2&quot; IRF"
>
9648.177984 10099.288035 4026.569394
</CgPoint>
<CgPoint
 name="3"
 desc="1/2&quot; IRF"
>
9999.031689 9933.149053 4036.780599
</CgPoint>
<CgPoint
 name="4"
 desc="1/2&quot; IRF"
>
10108.341118 10234.648784 4041.111742
</CgPoint>
<CgPoint
 name="5"
 desc="1/2&quot; IRF #14831"
>
10115.230571 10232.160772 4041.119466
</CgPoint>
<CgPoint
 name="6"
 desc="CHISELED &quot;X&quot; FND"
>
10168.196335 10378.780615 4043.048167
</CgPoint>
<CgPoint
 name="7"
 desc="CHISELED &quot;X&quot; FND"
>
9931.555939 10464.610875 4040.037609
</CgPoint>
<CgPoint
 name="101"
 desc="EOP*"
>
10014.298168 10024.575195 4038.633867
</CgPoint>
<CgPoint
 name="102"
 desc="EOP*"
>
10015.359077 10022.413322 4038.654441
</CgPoint>
<CgPoint
 name="103"
 desc="STRIPE*"
>
10007.106875 10006.138909 4038.592481
</CgPoint>
<CgPoint
 name="104"
 desc="STRIPE*"
>
9999.096438 10009.968944 4038.268263
</CgPoint>
<CgPoint
 name="105"
 desc="STRIPE*"
>
9990.908530 10013.863058 4037.975135
</CgPoint>
<CgPoint
 name="106"
 desc="STRIPE*"
>
9982.813052 10017.773063 4037.701656
</CgPoint>
<CgPoint
 name="107"
 desc="STRIPE*"
>
9974.691429 10021.592938 4037.478582
</CgPoint>
<CgPoint
 name="108"
 desc="STRIPE*"
>
9983.180733 10039.010881 4037.449463
</CgPoint>
<CgPoint
 name="109"
 desc="STRIPE*"
>
9991.325989 10035.022015 4037.607738
</CgPoint>
<CgPoint
 name="110"
 desc="STRIPE*"
>
9999.399904 10031.132102 4037.858153
</CgPoint>
<CgPoint
 name="111"
 desc="STRIPE*"
>
10007.625258 10027.414183 4038.272687
</CgPoint>
<CgPoint
 name="112"
 desc="STRIPE*"
>
10015.162392 10022.476476 4038.656280
</CgPoint>
<CgPoint
 name="113"
 desc="STRIPE*"
>
9994.617696 9982.595105 4038.535157
</CgPoint>
<CgPoint
 name="114"
 desc="STRIPE*"
>
9986.515921 9986.357108 4038.209111
</CgPoint>
<CgPoint
 name="115"
 desc="STRIPE*"
>
9978.422948 9990.226040 4037.971501
</CgPoint>
<CgPoint
 name="116"
 desc="STRIPE*"
>
9970.412381 9994.197896 4037.756303
</CgPoint>
<CgPoint
 name="117"
 desc="STRIPE*"
>
9962.302680 9998.098532 4037.545706
</CgPoint>
<CgPoint
 name="118"
 desc="STRIPE*"
>
9953.081000 9980.721270 4037.508257
</CgPoint>
<CgPoint
 name="119"
 desc="STRIPE*"
>
9961.182132 9976.894522 4037.599768
</CgPoint>
<CgPoint
 name="120"
 desc="STRIPE*"
>
9969.294572 9973.221248 4037.744313
</CgPoint>
<CgPoint
 name="121"
 desc="STRIPE*"
>
9977.522435 9969.220998 4037.905567
</CgPoint>
<CgPoint
 name="122"
 desc="STRIPE*"
>
9985.510522 9965.305825 4038.282905
</CgPoint>
<CgPoint
 name="123"
 desc="EOP*"
>
9986.369637 9964.451316 4038.365795
</CgPoint>
<CgPoint
 name="124"
 desc="ROCKWALL*"
>
10008.056397 9960.608477 4039.010142
</CgPoint>
<CgPoint
 name="125"
 desc="ROCKWALL*"
>
10011.303235 9957.799222 4039.512129
</CgPoint>
<CgPoint
 name="126"
 desc="ROCKWALL*"
>
10012.686761 9954.815882 4039.468489
</CgPoint>
<CgPoint
 name="127"
 desc="TBOW*"
>
10008.243001 9950.878463 4039.073395
</CgPoint>
<CgPoint
 name="128"
 desc="TBOW*"
>
10008.296581 9948.282451 4038.980214
</CgPoint>
<CgPoint
 name="129"
 desc="TBOW*"
>
10007.710632 9946.113952 4038.943569
</CgPoint>
<CgPoint
 name="130"
 desc="TBOW*"
>
9998.465812 9923.524361 4038.014877
</CgPoint>
<CgPoint
 name="131"
 desc="TBC*"
>
10002.214380 9922.128499 4038.099115
</CgPoint>
<CgPoint
 name="132"
 desc="LIP*"
>
10004.147246 9921.440632 4037.522938
</CgPoint>
<CgPoint
 name="133"
 desc="TBC*"
>
10011.492617 9944.845228 4038.952428
</CgPoint>
<CgPoint
 name="134"
 desc="TBC*"
>
10012.317976 9949.564915 4039.077497
</CgPoint>
<CgPoint
 name="135"
 desc="TBC*"
>
10011.327970 9954.337397 4039.320656
</CgPoint>
<CgPoint
 name="136"
 desc="Cogo"
>
10004.065905 9921.372277
</CgPoint>
<CgPoint
 name="137"
 desc="Cogo"
>
10013.364188 9944.140078
</CgPoint>
<CgPoint
 name="138"
 desc="Cogo"
>
10013.173960 9955.107030
</CgPoint>
<CgPoint
 name="139"
 desc="TBC*"
>
10013.414721 9955.188789 4039.452800
</CgPoint>
<CgPoint
 name="140"
 desc="TBC*"
>
10014.051834 9957.095445 4040.048441
</CgPoint>
<CgPoint
 name="141"
 desc="LP BASE*CONC"
>
10017.212115 9973.897230 4039.629762
</CgPoint>
<CgPoint
 name="142"
 desc="LP BASE*CONC"
>
10015.506623 9973.123943 4039.707544
</CgPoint>
<CgPoint
 name="143"
 desc="LP BASE*CONC"
>
10014.699158 9974.878459 4039.303663
</CgPoint>
<CgPoint
 name="144"
 desc="LP BASE*CONC"
>
10016.285728 9975.657939 4039.453602
</CgPoint>
<CgPoint
 name="145"
 desc="TBC*"
>
10038.656752 10025.155627 4039.991010
</CgPoint>
<CgPoint
 name="146"
 desc="TBC*"
>
10067.953869 10106.660128 4039.566308
</CgPoint>
<CgPoint
 name="147"
 desc="TBC*"
>
10081.080096 10142.621188 4039.136318
</CgPoint>
<CgPoint
 name="148"
 desc="TBC*"
>
9714.693039 10186.646696 4031.879528
</CgPoint>
<CgPoint
 name="149"
 desc="TBC*"
>
9710.473497 10190.831151 4032.652941
</CgPoint>
<CgPoint
 name="150"
 desc="TBC*"
>
9708.331871 10194.481267 4032.760521
</CgPoint>
<CgPoint
 name="151"
 desc="TBC*"
>
9756.865388 10257.046592 4035.778417
</CgPoint>
<CgPoint
 name="152"
 desc="UG COMM*RISER"
>
9790.273650 10288.139749 4037.101474
</CgPoint>
<CgPoint
 name="153"
 desc="UG COMM*RISER"
>
9789.659899 10287.488243 4037.003806
</CgPoint>
<CgPoint
 name="154"
 desc="STRIPE*"
>
9840.691464 10056.592279 4035.714621
</CgPoint>
<CgPoint
 name="155"
 desc="STRIPE*"
>
9848.734197 10052.655035 4035.826260
</CgPoint>
<CgPoint
 name="156"
 desc="STRIPE*"
>
9856.841317 10048.843599 4035.859735
</CgPoint>
<CgPoint
 name="157"
 desc="STRIPE*"
>
9847.658824 10031.600294 4036.545243
</CgPoint>
<CgPoint
 name="158"
 desc="EOP*"
>
9846.473003 10032.097841 4036.509179
</CgPoint>
<CgPoint
 name="159"
 desc="STRIPE*"
>
9839.587919 10035.492719 4036.484332
</CgPoint>
<CgPoint
 name="160"
 desc="STRIPE*"
>
9831.423195 10039.337519 4036.374959
</CgPoint>
<CgPoint
 name="161"
 desc="STRIPE*"
>
9853.020595 10080.174277 4034.972037
</CgPoint>
<CgPoint
 name="162"
 desc="STRIPE*"
>
9861.206379 10076.334456 4035.165837
</CgPoint>
<CgPoint
 name="163"
 desc="STRIPE*"
>
9869.233385 10072.369245 4035.318843
</CgPoint>
<CgPoint
 name="164"
 desc="STRIPE*"
>
9878.171665 10089.798534 4035.143055
</CgPoint>
<CgPoint
 name="165"
 desc="STRIPE*"
>
9870.060440 10093.585781 4034.906780
</CgPoint>
<CgPoint
 name="166"
 desc="EOP*"
>
9869.471039 10094.316942 4034.886488
</CgPoint>
<CgPoint
 name="167"
 desc="STRIPE*"
>
9861.939344 10097.455108 4034.731042
</CgPoint>
<CgPoint
 name="168"
 desc="STRIPE*"
>
9719.041834 10115.040817 4034.803278
</CgPoint>
<CgPoint
 name="169"
 desc="STRIPE*"
>
9709.933262 10097.854332 4035.611096
</CgPoint>
<CgPoint
 name="170"
 desc="STRIPE*"
>
9701.853821 10101.923555 4035.583438
</CgPoint>
<CgPoint
 name="171"
 desc="STRIPE*"
>
9693.818747 10105.756466 4035.520144
</CgPoint>
<CgPoint
 name="172"
 desc="STRIPE*"
>
9685.595060 10109.597055 4035.521764
</CgPoint>
<CgPoint
 name="173"
 desc="STRIPE*"
>
9677.474485 10113.406437 4035.340124
</CgPoint>
<CgPoint
 name="174"
 desc="EOP*"
>
9677.322053 10113.559306 4035.243773
</CgPoint>
<CgPoint
 name="175"
 desc="EOP*"
>
9700.179231 10155.048581 4032.423240
</CgPoint>
<CgPoint
 name="176"
 desc="EOP*"
>
9701.087670 10158.844133 4031.958027
</CgPoint>
<CgPoint
 name="177"
 desc="EOP*"
>
9697.683513 10164.176222 4031.181846
</CgPoint>
<CgPoint
 name="178"
 desc="SMH*"
>
9689.998900 10160.328383 4031.455648
</CgPoint>
<CgPoint
 name="179"
 desc="EOP*"
>
9712.483236 10183.353154 4031.784988
</CgPoint>
<CgPoint
 name="180"
 desc="EOP*"
>
9725.287744 10176.310632 4031.668612
</CgPoint>
<CgPoint
 name="181"
 desc="EOP*"
>
9731.939954 10164.348802 4032.287430
</CgPoint>
<CgPoint
 name="182"
 desc="EOP*"
>
9734.767658 10147.907530 4033.226681
</CgPoint>
<CgPoint
 name="183"
 desc="EOP*"
>
9735.882599 10139.821243 4033.639684
</CgPoint>
<CgPoint
 name="184"
 desc="EOP*"
>
9739.994074 10136.336840 4033.880366
</CgPoint>
<CgPoint
 name="185"
 desc="EOP*"
>
9748.044663 10152.549999 4033.597358
</CgPoint>
<CgPoint
 name="186"
 desc="STRIPE*"
>
9739.483394 10134.698579 4033.987125
</CgPoint>
<CgPoint
 name="187"
 desc="STRIPE*"
>
9747.555355 10130.924460 4034.196203
</CgPoint>
<CgPoint
 name="188"
 desc="STRIPE*"
>
9755.690542 10127.115952 4034.275301
</CgPoint>
<CgPoint
 name="189"
 desc="STRIPE*"
>
9763.781336 10123.167742 4034.297596
</CgPoint>
<CgPoint
 name="190"
 desc="STRIPE*"
>
9772.777170 10140.262180 4033.630289
</CgPoint>
<CgPoint
 name="191"
 desc="STRIPE*"
>
9764.706840 10144.113777 4033.651882
</CgPoint>
<CgPoint
 name="192"
 desc="STRIPE*"
>
9756.620555 10148.031873 4033.702225
</CgPoint>
<CgPoint
 name="193"
 desc="STRIPE*"
>
9748.432048 10152.102602 4033.667555
</CgPoint>
<CgPoint
 name="194"
 desc="STRIPE*"
>
9710.998948 10118.928671 4034.654340
</CgPoint>
<CgPoint
 name="195"
 desc="STRIPE*"
>
9702.733359 10122.712813 4034.544760
</CgPoint>
<CgPoint
 name="196"
 desc="STRIPE*"
>
9694.673290 10126.696526 4034.474650
</CgPoint>
<CgPoint
 name="197"
 desc="STRIPE*"
>
9686.650813 10130.558213 4034.294729
</CgPoint>
<CgPoint
 name="198"
 desc="TBC*"
>
9695.928211 10161.992936 4031.217349
</CgPoint>
<CgPoint
 name="199"
 desc="TBC*"
>
9692.331954 10163.942614 4030.968513
</CgPoint>
<CgPoint
 name="200"
 desc="TBC*"
>
9689.899934 10164.895288 4030.832976
</CgPoint>
<CgPoint
 name="201"
 desc="TBC*"
>
9684.852384 10164.107170 4030.559432
</CgPoint>
<CgPoint
 name="202"
 desc="TBOW*"
>
9643.533790 10104.241457 4026.503989
</CgPoint>
<CgPoint
 name="203"
 desc="TBC*"
>
9640.430594 10106.691803 4026.235517
</CgPoint>
<CgPoint
 name="204"
 desc="TBOW*"
>
9637.843376 10097.012196 4025.990097
</CgPoint>
<CgPoint
 name="205"
 desc="OHE*PP W/CONDUIT"
>
9645.856687 10099.616829 4026.718771
</CgPoint>
<CgPoint
 name="206"
 desc="ROCKWALL*"
>
9643.217637 10093.065780 4026.220126
</CgPoint>
<CgPoint
 name="207"
 desc="ROCKWALL*"
>
9648.713133 10099.590022 4026.163049
</CgPoint>
<CgPoint
 name="208"
 desc="ROCKWALL*"
>
9655.089203 10096.754155 4028.706964
</CgPoint>
<CgPoint
 name="209"
 desc="ROCKWALL*"
>
9655.833860 10098.250876 4028.837890
</CgPoint>
<CgPoint
 name="210"
 desc="ROCKWALL*"
>
9659.490451 10096.770576 4029.210095
</CgPoint>
<CgPoint
 name="211"
 desc="ROCKWALL*"
>
9658.862863 10095.071077 4029.113496
</CgPoint>
<CgPoint
 name="212"
 desc="ROCKWALL*"
>
9657.629615 10094.436662 4028.714641
</CgPoint>
<CgPoint
 name="213"
 desc="ROCKWALL*"
>
9658.138592 10096.103817 4028.584481
</CgPoint>
<CgPoint
 name="214"
 desc="ROCKWALL*"
>
9656.425752 10096.933349 4028.984630
</CgPoint>
<CgPoint
 name="215"
 desc="ROCKWALL*"
>
9655.617308 10095.329664 4028.787888
</CgPoint>
<CgPoint
 name="216"
 desc="ROCKWALL*"
>
9649.183957 10098.258354 4028.636706
</CgPoint>
<CgPoint
 name="217"
 desc="Cogo"
>
9696.881424 10163.751174
</CgPoint>
<CgPoint
 name="218"
 desc="Cogo"
>
9693.377730 10165.647422
</CgPoint>
<CgPoint
 name="219"
 desc="Cogo"
>
9683.882598 10165.856322
</CgPoint>
<CgPoint
 name="220"
 desc="Cogo"
>
9638.848759 10107.915655
</CgPoint>
<CgPoint
 name="221"
 desc="UG COMM*RISER"
>
9788.628879 10288.050515 4037.019318
</CgPoint>
<CgPoint
 name="222"
 desc="UG COMM*RISER"
>
9789.057762 10288.800294 4037.084002
</CgPoint>
<CgPoint
 name="223"
 desc="TBC*"
>
9813.282124 10329.861355 4037.843205
</CgPoint>
<CgPoint
 name="224"
 desc="TBC*"
>
9817.377762 10335.142472 4037.927758
</CgPoint>
<CgPoint
 name="225"
 desc="TBOW*"
>
9816.488640 10327.493664 4037.892979
</CgPoint>
<CgPoint
 name="226"
 desc="TBOW*"
>
9820.676477 10332.803576 4037.950755
</CgPoint>
<CgPoint
 name="227"
 desc="TBC*"
>
9832.612711 10328.002552 4040.114239
</CgPoint>
<CgPoint
 name="228"
 desc="TBC*"
>
9830.756842 10322.575856 4040.084262
</CgPoint>
<CgPoint
 name="229"
 desc="TBC*"
>
9925.290124 10290.259036 4041.307059
</CgPoint>
<CgPoint
 name="230"
 desc="TBC*"
>
9927.201936 10296.256115 4041.242007
</CgPoint>
<CgPoint
 name="231"
 desc="TBC*HEADER"
>
9932.062526 10288.101099 4041.308684
</CgPoint>
<CgPoint
 name="232"
 desc="TBC*HEADER"
>
9932.281323 10288.572872 4041.326005
</CgPoint>
<CgPoint
 name="233"
 desc="UG ELEC*BOX"
>
9932.093006 10291.452431 4042.398512
</CgPoint>
<CgPoint
 name="234"
 desc="UG ELEC*BOX"
>
9930.536407 10296.188341 4042.424436
</CgPoint>
<CgPoint
 name="235"
 desc="UG ELEC*BOX"
>
9931.733909 10296.718473 4042.086745
</CgPoint>
<CgPoint
 name="236"
 desc="UG ELEC*BOX"
>
9931.218068 10298.241300 4042.104220
</CgPoint>
<CgPoint
 name="237"
 desc="UG ELEC*BOX"
>
9934.724315 10299.302573 4042.109931
</CgPoint>
<CgPoint
 name="238"
 desc="UG ELEC*BOX"
>
9935.186023 10297.739206 4042.377523
</CgPoint>
<CgPoint
 name="239"
 desc="UG ELEC*BOX"
>
9936.534453 10297.874080 4042.399553
</CgPoint>
<CgPoint
 name="240"
 desc="UG ELEC*BOX"
>
9937.935542 10293.328152 4042.382917
</CgPoint>
<CgPoint
 name="241"
 desc="TBC*HEADER"
>
9977.615407 10274.285519 4041.647954
</CgPoint>
<CgPoint
 name="242"
 desc="TBC*HEADER"
>
10034.156838 10257.244898 4042.560458
</CgPoint>
<CgPoint
 name="243"
 desc="TBC*HEADER"
>
10035.262192 10256.869548 4042.119078
</CgPoint>
<CgPoint
 name="244"
 desc="TBC*HEADER"
>
10046.771387 10253.375410 4042.256515
</CgPoint>
<CgPoint
 name="245"
 desc="TBC*HEADER"
>
10048.603432 10257.994929 4042.578914
</CgPoint>
<CgPoint
 name="246"
 desc="TBC*HEADER"
>
10048.680103 10258.537924 4043.102350
</CgPoint>
<CgPoint
 name="247"
 desc="TBC*HEADER"
>
10082.541144 10147.862512 4039.012150
</CgPoint>
<CgPoint
 name="248"
 desc="TBC*HEADER"
>
10083.094330 10149.661928 4038.984105
</CgPoint>
<CgPoint
 name="249"
 desc="TBC*HEADER"
>
10083.336131 10151.717418 4038.399592
</CgPoint>
<CgPoint
 name="250"
 desc="TBC*HEADER"
>
10083.733474 10156.430508 4038.431944
</CgPoint>
<CgPoint
 name="251"
 desc="TBC*HEADER"
>
10083.727733 10158.539862 4038.956792
</CgPoint>
<CgPoint
 name="252"
 desc="TBC*HEADER"
>
10084.035437 10161.006512 4039.026486
</CgPoint>
<CgPoint
 name="253"
 desc="TBC*HEADER"
>
10085.787848 10170.948699 4039.427796
</CgPoint>
<CgPoint
 name="254"
 desc="TBC*HEADER"
>
10089.884840 10180.561108 4039.452668
</CgPoint>
<CgPoint
 name="255"
 desc="TBC*HEADER"
>
10091.712753 10183.919856 4039.466871
</CgPoint>
<CgPoint
 name="256"
 desc="TBC*HEADER"
>
10094.087636 10187.541804 4039.659773
</CgPoint>
<CgPoint
 name="257"
 desc="LP BASE*CONC"
>
10103.217251 10205.965202 4040.356332
</CgPoint>
<CgPoint
 name="258"
 desc="LP BASE*CONC"
>
10101.595525 10205.091012 4040.562163
</CgPoint>
<CgPoint
 name="259"
 desc="LP BASE*CONC"
>
10100.823561 10206.565676 4040.445936
</CgPoint>
<CgPoint
 name="260"
 desc="LP BASE*CONC"
>
10102.469890 10207.584209 4040.550874
</CgPoint>
<CgPoint
 name="261"
 desc="UG ELEC*VAULT"
>
10112.943830 10218.493654 4041.646517
</CgPoint>
<CgPoint
 name="262"
 desc="UG ELEC*VAULT"
>
10109.392399 10219.113915 4041.617081
</CgPoint>
<CgPoint
 name="263"
 desc="UG ELEC*VAULT"
>
10110.601718 10225.704007 4041.741525
</CgPoint>
<CgPoint
 name="264"
 desc="UG ELEC*VAULT"
>
10114.283661 10224.928209 4041.735105
</CgPoint>
<CgPoint
 name="265"
 desc="TBC*HEADER"
>
10118.166734 10222.319283 4041.519969
</CgPoint>
<CgPoint
 name="266"
 desc="TBC*HEADER"
>
10120.073027 10225.656984 4041.660570
</CgPoint>
<CgPoint
 name="267"
 desc="TBC*HEADER"
>
10122.319839 10230.168573 4041.826259
</CgPoint>
<CgPoint
 name="268"
 desc="TBC*HEADER"
>
10126.816844 10242.490587 4042.228520
</CgPoint>
<CgPoint
 name="269"
 desc="ROCKWALL*WOODFNC"
>
9941.556238 9960.962296 4028.270651
</CgPoint>
<CgPoint
 name="270"
 desc="PIPE FNC*"
>
9943.211552 9959.605126 4028.509235
</CgPoint>
<CgPoint
 name="271"
 desc="ROCKWALL*"
>
9994.097583 9933.330530 4036.282210
</CgPoint>
<CgPoint
 name="272"
 desc="PIPE FNC*"
>
9993.215233 9932.976308 4033.320068
</CgPoint>
<CgPoint
 name="273"
 desc="ROCKWALL*"
>
9990.566087 9924.578999 4035.680745
</CgPoint>
<CgPoint
 name="274"
 desc="PIPE FNC*"
>
9990.142871 9924.935869 4032.706444
</CgPoint>
<CgPoint
 name="275"
 desc="UG ELEC*VAULT"
>
10023.077848 9985.977897 4040.173338
</CgPoint>
<CgPoint
 name="276"
 desc="UG ELEC*VAULT"
>
10019.776327 9987.300956 4040.172589
</CgPoint>
<CgPoint
 name="277"
 desc="UG ELEC*VAULT"
>
10020.597498 9979.782606 4040.330113
</CgPoint>
<CgPoint
 name="278"
 desc="UG ELEC*VAULT"
>
10017.285164 9981.264845 4040.232898
</CgPoint>
<CgPoint
 name="279"
 desc="WOOD FNC*"
>
9715.019528 10068.401603 4028.344074
</CgPoint>
<CgPoint
 name="301"
 desc="Cogo"
>
10007.372859 9959.273267
</CgPoint>
<CgPoint
 name="302"
 desc="Cogo"
>
10011.233780 9954.443246
</CgPoint>
<CgPoint
 name="303"
 desc="Cogo"
>
9713.514989 10185.030461
</CgPoint>
<CgPoint
 name="304"
 desc="Cogo"
>
9706.508150 10193.660256
</CgPoint>
<CgPoint
 name="305"
 desc="Cogo"
>
9706.751593 10195.707128
</CgPoint>
<CgPoint
 name="306"
 desc="Cogo"
>
9755.284755 10258.271996
</CgPoint>
<CgPoint
 name="307"
 desc="Cogo"
>
9811.701414 10331.086661
</CgPoint>
<CgPoint
 name="308"
 desc="Cogo"
>
9815.797331 10336.368136
</CgPoint>
<CgPoint
 name="309"
 desc="Cogo"
>
9925.441923 10290.735437
</CgPoint>
<CgPoint
 name="310"
 desc="Cogo"
>
9932.210991 10288.578563
</CgPoint>
<CgPoint
 name="311"
 desc="Cogo"
>
9977.760106 10274.764125
</CgPoint>
<CgPoint
 name="312"
 desc="Cogo"
>
10034.309410 10257.721131
</CgPoint>
<CgPoint
 name="313"
 desc="Cogo"
>
10035.415244 10257.345618
</CgPoint>
<CgPoint
 name="314"
 desc="Cogo"
>
10046.476265 10253.987543
</CgPoint>
<CgPoint
 name="315"
 desc="Cogo"
>
10048.116675 10258.123853
</CgPoint>
<CgPoint
 name="316"
 desc="Cogo"
>
10048.185013 10258.607831
</CgPoint>
<CgPoint
 name="317"
 desc="Cogo"
>
9834.505110 10327.355373
</CgPoint>
<CgPoint
 name="318"
 desc="Cogo"
>
9833.296497 10323.821300
</CgPoint>
<CgPoint
 name="319"
 desc="Cogo"
>
9924.004832 10292.812063
</CgPoint>
<CgPoint
 name="320"
 desc="Cogo"
>
9925.296416 10296.863577
</CgPoint>
<CgPoint
 name="321"
 desc="Cogo"
>
10013.888947 9955.030325
</CgPoint>
<CgPoint
 name="322"
 desc="Cogo"
>
10014.524204 9956.931429
</CgPoint>
<CgPoint
 name="323"
 desc="Cogo"
>
10068.423909 10106.489644
</CgPoint>
<CgPoint
 name="324"
 desc="Cogo"
>
10081.564275 10142.496401
</CgPoint>
<CgPoint
 name="325"
 desc="Cogo"
>
10083.571249 10149.511761
</CgPoint>
<CgPoint
 name="326"
 desc="Cogo"
>
10083.833595 10151.666292
</CgPoint>
<CgPoint
 name="327"
 desc="Cogo"
>
10084.233533 10156.410148
</CgPoint>
<CgPoint
 name="328"
 desc="Cogo"
>
10084.227818 10158.509474
</CgPoint>
<CgPoint
 name="329"
 desc="Cogo"
>
10084.534470 10160.975420
</CgPoint>
<CgPoint
 name="330"
 desc="Cogo"
>
10090.326311 10180.325895
</CgPoint>
<CgPoint
 name="331"
 desc="Cogo"
>
10094.493440 10187.249701
</CgPoint>
<CgPoint
 name="332"
 desc="Cogo"
>
10118.594678 10222.060700
</CgPoint>
<CgPoint
 name="333"
 desc="Cogo"
>
10122.774367 10229.960235
</CgPoint>
<CgPoint
 name="334"
 desc="Cogo"
>
10127.286542 10242.319167
</CgPoint>
<CgPoint
 name="335"
 desc="Cogo"
>
9940.858044 9959.634691
</CgPoint>
<CgPoint
 name="336"
 desc="Cogo"
>
9992.199061 9932.634184
</CgPoint>
<CgPoint
 name="337"
 desc="Cogo"
>
9989.175068 9925.140315
</CgPoint>
<CgPoint
 name="338"
 desc="STRIPE*"
>
9944.975584 9984.633119 4037.508257
</CgPoint>
<CgPoint
 name="339"
 desc="STRIPE*"
>
9936.870169 9988.544968 4037.508257
</CgPoint>
<CgPoint
 name="340"
 desc="STRIPE*"
>
9928.764753 9992.456817 4037.508257
</CgPoint>
<CgPoint
 name="341"
 desc="Cogo"
>
9920.659338 9996.368667 4037.508257
</CgPoint>
<CgPoint
 name="342"
 desc="STRIPE*"
>
9912.553922 10000.280516 4037.508257
</CgPoint>
<CgPoint
 name="343"
 desc="STRIPE*"
>
9904.448507 10004.192365 4037.508257
</CgPoint>
<CgPoint
 name="344"
 desc="STRIPE*"
>
9896.343091 10008.104214 4037.508257
</CgPoint>
<CgPoint
 name="345"
 desc="STRIPE*"
>
9888.237676 10012.016063 4037.508257
</CgPoint>
<CgPoint
 name="346"
 desc="STRIPE*"
>
9880.132260 10015.927912 4037.508257
</CgPoint>
<CgPoint
 name="347"
 desc="STRIPE*"
>
9872.026845 10019.839762 4037.508257
</CgPoint>
<CgPoint
 name="348"
 desc="STRIPE*"
>
9863.921429 10023.751611 4037.508257
</CgPoint>
<CgPoint
 name="349"
 desc="STRIPE*"
>
9855.816014 10027.663460 4037.508257
</CgPoint>
<CgPoint
 name="350"
 desc="STRIPE*"
>
9954.192668 10002.000844 4037.545706
</CgPoint>
<CgPoint
 name="351"
 desc="STRIPE*"
>
9946.082657 10005.903155 4037.545706
</CgPoint>
<CgPoint
 name="352"
 desc="STRIPE*"
>
9937.972645 10009.805467 4037.545706
</CgPoint>
<CgPoint
 name="353"
 desc="STRIPE*"
>
9929.862633 10013.707779 4037.545706
</CgPoint>
<CgPoint
 name="354"
 desc="STRIPE*"
>
9921.752622 10017.610090 4037.545706
</CgPoint>
<CgPoint
 name="355"
 desc="STRIPE*"
>
9913.642610 10021.512402 4037.545706
</CgPoint>
<CgPoint
 name="356"
 desc="STRIPE*"
>
9905.532599 10025.414714 4037.545706
</CgPoint>
<CgPoint
 name="357"
 desc="STRIPE*"
>
9897.422587 10029.317025 4037.545706
</CgPoint>
<CgPoint
 name="358"
 desc="STRIPE*"
>
9889.312576 10033.219337 4037.545706
</CgPoint>
<CgPoint
 name="359"
 desc="STRIPE*"
>
9881.202564 10037.121649 4037.545706
</CgPoint>
<CgPoint
 name="360"
 desc="STRIPE*"
>
9873.092552 10041.023960 4037.545706
</CgPoint>
<CgPoint
 name="361"
 desc="STRIPE*"
>
9864.982541 10044.926272 4037.545706
</CgPoint>
<CgPoint
 name="362"
 desc="STRIPE*"
>
9823.314729 10043.243041 4036.374959
</CgPoint>
<CgPoint
 name="363"
 desc="STRIPE*"
>
9815.206263 10047.148563 4036.374959
</CgPoint>
<CgPoint
 name="364"
 desc="STRIPE*"
>
9807.097797 10051.054085 4036.374959
</CgPoint>
<CgPoint
 name="365"
 desc="STRIPE*"
>
9798.989331 10054.959606 4036.374959
</CgPoint>
<CgPoint
 name="366"
 desc="STRIPE*"
>
9790.880864 10058.865128 4036.374959
</CgPoint>
<CgPoint
 name="367"
 desc="STRIPE*"
>
9782.772398 10062.770650 4036.374959
</CgPoint>
<CgPoint
 name="368"
 desc="STRIPE*"
>
9774.663932 10066.676171 4036.374959
</CgPoint>
<CgPoint
 name="369"
 desc="STRIPE*"
>
9766.555466 10070.581693 4036.374959
</CgPoint>
<CgPoint
 name="370"
 desc="STRIPE*"
>
9758.447000 10074.487215 4036.374959
</CgPoint>
<CgPoint
 name="371"
 desc="STRIPE*"
>
9750.338533 10078.392737 4036.374959
</CgPoint>
<CgPoint
 name="372"
 desc="STRIPE*"
>
9742.230067 10082.298258 4036.374959
</CgPoint>
<CgPoint
 name="373"
 desc="STRIPE*"
>
9734.121601 10086.203780 4036.374959
</CgPoint>
<CgPoint
 name="374"
 desc="STRIPE*"
>
9726.013135 10090.109302 4036.374959
</CgPoint>
<CgPoint
 name="375"
 desc="STRIPE*"
>
9717.904669 10094.014823 4036.374959
</CgPoint>
<CgPoint
 name="376"
 desc="STRIPE*"
>
9832.579216 10060.489940 4035.714621
</CgPoint>
<CgPoint
 name="377"
 desc="STRIPE*"
>
9824.466969 10064.387601 4035.714621
</CgPoint>
<CgPoint
 name="378"
 desc="STRIPE*"
>
9816.354721 10068.285261 4035.714621
</CgPoint>
<CgPoint
 name="379"
 desc="STRIPE*"
>
9808.242473 10072.182922 4035.714621
</CgPoint>
<CgPoint
 name="380"
 desc="STRIPE*"
>
9800.130225 10076.080583 4035.714621
</CgPoint>
<CgPoint
 name="381"
 desc="STRIPE*"
>
9792.017978 10079.978244 4035.714621
</CgPoint>
<CgPoint
 name="382"
 desc="STRIPE*"
>
9783.905730 10083.875905 4035.714621
</CgPoint>
<CgPoint
 name="383"
 desc="STRIPE*"
>
9775.793482 10087.773565 4035.714621
</CgPoint>
<CgPoint
 name="384"
 desc="STRIPE*"
>
9767.681234 10091.671226 4035.714621
</CgPoint>
<CgPoint
 name="385"
 desc="STRIPE*"
>
9759.568986 10095.568887 4035.714621
</CgPoint>
<CgPoint
 name="386"
 desc="STRIPE*"
>
9751.456739 10099.466548 4035.714621
</CgPoint>
<CgPoint
 name="387"
 desc="STRIPE*"
>
9743.344491 10103.364209 4035.714621
</CgPoint>
<CgPoint
 name="388"
 desc="STRIPE*"
>
9735.232243 10107.261870 4035.714621
</CgPoint>
<CgPoint
 name="389"
 desc="STRIPE*"
>
9727.119995 10111.159530 4035.714621
</CgPoint>
<CgPoint
 name="390"
 desc="STRIPE*"
>
9966.582404 10025.497300 4037.478582
</CgPoint>
<CgPoint
 name="391"
 desc="STRIPE*"
>
9958.473380 10029.401661 4037.478582
</CgPoint>
<CgPoint
 name="392"
 desc="STRIPE*"
>
9950.364355 10033.306023 4037.478582
</CgPoint>
<CgPoint
 name="393"
 desc="STRIPE*"
>
9942.255330 10037.210385 4037.478582
</CgPoint>
<CgPoint
 name="394"
 desc="STRIPE*"
>
9934.146305 10041.114746 4037.478582
</CgPoint>
<CgPoint
 name="395"
 desc="STRIPE*"
>
9926.037280 10045.019108 4037.478582
</CgPoint>
<CgPoint
 name="396"
 desc="STRIPE*"
>
9917.928255 10048.923469 4037.478582
</CgPoint>
<CgPoint
 name="397"
 desc="STRIPE*"
>
9909.819230 10052.827831 4037.478582
</CgPoint>
<CgPoint
 name="398"
 desc="STRIPE*"
>
9901.710205 10056.732193 4037.478582
</CgPoint>
<CgPoint
 name="399"
 desc="STRIPE*"
>
9893.601180 10060.636554 4037.478582
</CgPoint>
<CgPoint
 name="400"
 desc="STRIPE*"
>
9885.492156 10064.540916 4037.478582
</CgPoint>
<CgPoint
 name="401"
 desc="STRIPE*"
>
9877.383131 10068.445277 4037.478582
</CgPoint>
<CgPoint
 name="402"
 desc="STRIPE*"
>
9975.078582 10042.929487 4037.449463
</CgPoint>
<CgPoint
 name="403"
 desc="STRIPE*"
>
9966.976431 10046.848094 4037.449463
</CgPoint>
<CgPoint
 name="404"
 desc="STRIPE*"
>
9958.874280 10050.766700 4037.449463
</CgPoint>
<CgPoint
 name="405"
 desc="STRIPE*"
>
9950.772130 10054.685306 4037.449463
</CgPoint>
<CgPoint
 name="406"
 desc="STRIPE*"
>
9942.669979 10058.603913 4037.449463
</CgPoint>
<CgPoint
 name="407"
 desc="STRIPE*"
>
9934.567828 10062.522519 4037.449463
</CgPoint>
<CgPoint
 name="408"
 desc="STRIPE*"
>
9926.465677 10066.441125 4037.449463
</CgPoint>
<CgPoint
 name="409"
 desc="STRIPE*"
>
9918.363526 10070.359732 4037.449463
</CgPoint>
<CgPoint
 name="410"
 desc="STRIPE*"
>
9910.261375 10074.278338 4037.449463
</CgPoint>
<CgPoint
 name="411"
 desc="STRIPE*"
>
9902.159225 10078.196945 4037.449463
</CgPoint>
<CgPoint
 name="412"
 desc="STRIPE*"
>
9894.057074 10082.115551 4037.449463
</CgPoint>
<CgPoint
 name="413"
 desc="STRIPE*"
>
9885.954923 10086.034157 4037.449463
</CgPoint>
<CgPoint
 name="414"
 desc="STRIPE*"
>
9844.912502 10084.080573 4034.972037
</CgPoint>
<CgPoint
 name="415"
 desc="STRIPE*"
>
9836.804409 10087.986870 4034.972037
</CgPoint>
<CgPoint
 name="416"
 desc="STRIPE*"
>
9828.696316 10091.893166 4034.972037
</CgPoint>
<CgPoint
 name="417"
 desc="STRIPE*"
>
9820.588223 10095.799463 4034.972037
</CgPoint>
<CgPoint
 name="418"
 desc="STRIPE*"
>
9812.480130 10099.705759 4034.972037
</CgPoint>
<CgPoint
 name="419"
 desc="STRIPE*"
>
9804.372037 10103.612056 4034.972037
</CgPoint>
<CgPoint
 name="420"
 desc="STRIPE*"
>
9796.263944 10107.518353 4034.972037
</CgPoint>
<CgPoint
 name="421"
 desc="STRIPE*"
>
9788.155852 10111.424649 4034.972037
</CgPoint>
<CgPoint
 name="422"
 desc="STRIPE*"
>
9780.047759 10115.330946 4034.972037
</CgPoint>
<CgPoint
 name="423"
 desc="STRIPE*"
>
9771.939666 10119.237242 4034.972037
</CgPoint>
<CgPoint
 name="424"
 desc="STRIPE*"
>
9853.825948 10101.350377 4034.731042
</CgPoint>
<CgPoint
 name="425"
 desc="STRIPE*"
>
9845.712552 10105.245647 4034.731042
</CgPoint>
<CgPoint
 name="426"
 desc="STRIPE*"
>
9837.599156 10109.140917 4034.731042
</CgPoint>
<CgPoint
 name="427"
 desc="STRIPE*"
>
9829.485760 10113.036187 4034.731042
</CgPoint>
<CgPoint
 name="428"
 desc="STRIPE*"
>
9821.372364 10116.931457 4034.731042
</CgPoint>
<CgPoint
 name="429"
 desc="STRIPE*"
>
9813.258967 10120.826727 4034.731042
</CgPoint>
<CgPoint
 name="430"
 desc="STRIPE*"
>
9805.145571 10124.721996 4034.731042
</CgPoint>
<CgPoint
 name="431"
 desc="STRIPE*"
>
9797.032175 10128.617266 4034.731042
</CgPoint>
<CgPoint
 name="432"
 desc="STRIPE*"
>
9788.918779 10132.512536 4034.731042
</CgPoint>
<CgPoint
 name="433"
 desc="STRIPE*"
>
9780.805383 10136.407806 4034.731042
</CgPoint>
<CgPoint
 name="501"
 desc="Cogo"
>
9791.202833 10331.183737 4036.780599
</CgPoint>
<CgPoint
 name="502"
 desc="Cogo"
>
9620.400290 10110.904846 4036.780599
</CgPoint>
<CgPoint
 name="503"
 desc="Cogo"
>
9999.031689 9933.149053 4036.780599
</CgPoint>
<CgPoint
 name="504"
 desc="Cogo"
>
10107.882696 10233.142091 4036.780599
</CgPoint>
<CgPoint
 name="505"
 desc="Cogo"
>
10114.919662 10230.606006 4036.780599
</CgPoint>
<CgPoint
 name="506"
 desc="Cogo"
>
10168.152653 10377.242789 4036.780599
</CgPoint>
<CgPoint
 name="507"
 desc="Cogo"
>
9902.021304 10474.105217 4036.780599
</CgPoint>
<CgPoint
 name="5000"
 desc="BASE"
>
10000.020000 10000.020000 100.000200
</CgPoint>
</CgPoints>
<Alignments
 name="Points"
>
<Alignment
 name="Alignment14"
 desc="ROCKWALL*"
 staStart="0.000000"
 length="806.310091"
>
<CoordGeom
>
<Line
>
<Start
 pntRef="206"
>
9643.217637 10093.065780 4026.220126
</Start>
<End
 pntRef="207"
>
9648.713133 10099.590022 4026.163049
</End>
</Line>
<Line
>
<Start
 pntRef="207"
>
9648.713133 10099.590022 4026.163049
</Start>
<End
 pntRef="208"
>
9655.089203 10096.754155 4028.706964
</End>
</Line>
<Line
>
<Start
 pntRef="208"
>
9655.089203 10096.754155 4028.706964
</Start>
<End
 pntRef="209"
>
9655.833860 10098.250876 4028.837890
</End>
</Line>
<Line
>
<Start
 pntRef="209"
>
9655.833860 10098.250876 4028.837890
</Start>
<End
 pntRef="210"
>
9659.490451 10096.770576 4029.210095
</End>
</Line>
<Line
>
<Start
 pntRef="210"
>
9659.490451 10096.770576 4029.210095
</Start>
<End
 pntRef="211"
>
9658.862863 10095.071077 4029.113496
</End>
</Line>
<Line
>
<Start
 pntRef="211"
>
9658.862863 10095.071077 4029.113496
</Start>
<End
 pntRef="269"
>
9941.556238 9960.962296 4028.270651
</End>
</Line>
<Line
>
<Start
 pntRef="269"
>
9941.556238 9960.962296 4028.270651
</Start>
<End
 pntRef="271"
>
9994.097583 9933.330530 4036.282210
</End>
</Line>
<Line
>
<Start
 pntRef="271"
>
9994.097583 9933.330530 4036.282210
</Start>
<End
 pntRef="273"
>
9990.566087 9924.578999 4035.680745
</End>
</Line>
<Line
>
<Start
 pntRef="273"
>
9990.566087 9924.578999 4035.680745
</Start>
<End
 pntRef="337"
>
9989.175068 9925.140315
</End>
</Line>
<Line
>
<Start
 pntRef="337"
>
9989.175068 9925.140315
</Start>
<End
 pntRef="336"
>
9992.199061 9932.634184
</End>
</Line>
<Line
>
<Start
 pntRef="336"
>
9992.199061 9932.634184
</Start>
<End
 pntRef="335"
>
9940.858044 9959.634691
</End>
</Line>
<Line
>
<Start
 pntRef="335"
>
9940.858044 9959.634691
</Start>
<End
 pntRef="212"
>
9657.629615 10094.436662 4028.714641
</End>
</Line>
<Line
>
<Start
 pntRef="212"
>
9657.629615 10094.436662 4028.714641
</Start>
<End
 pntRef="213"
>
9658.138592 10096.103817 4028.584481
</End>
</Line>
<Line
>
<Start
 pntRef="213"
>
9658.138592 10096.103817 4028.584481
</Start>
<End
 pntRef="214"
>
9656.425752 10096.933349 4028.984630
</End>
</Line>
<Line
>
<Start
 pntRef="214"
>
9656.425752 10096.933349 4028.984630
</Start>
<End
 pntRef="215"
>
9655.617308 10095.329664 4028.787888
</End>
</Line>
<Line
>
<Start
 pntRef="215"
>
9655.617308 10095.329664 4028.787888
</Start>
<End
 pntRef="216"
>
9649.183957 10098.258354 4028.636706
</End>
</Line>
<Line
>
<Start
 pntRef="216"
>
9649.183957 10098.258354 4028.636706
</Start>
<End
 pntRef="206"
>
9643.217637 10093.065780 4026.220126
</End>
</Line>
</CoordGeom>
</Alignment>
<Alignment
 name="Alignment10"
 desc="TBC*"
 staStart="0.000000"
 length="34.261538"
>
<CoordGeom
>
<Line
>
<Start
 pntRef="131"
>
10002.214380 9922.128499 4038.099115
</Start>
<End
 pntRef="133"
>
10011.492617 9944.845228 4038.952428
</End>
</Line>
<Curve
 rot="cw"
>
<Start
 pntRef="133"
>
10011.492617 9944.845228 4038.952428
</Start>
<Center
>
9999.446600 9949.383795
</Center>
<End
 pntRef="135"
>
10011.327970 9954.337397 4039.320656
</End>
</Curve>
</CoordGeom>
</Alignment>
<Alignment
 name="Alignment15"
 desc="TBOW*"
 staStart="0.000000"
 length="29.267591"
>
<CoordGeom
>
<Curve
 rot="ccw"
>
<Start
 pntRef="127"
>
10008.243001 9950.878463 4039.073395
</Start>
<Center
>
9999.831781 9949.406303
</Center>
<End
 pntRef="129"
>
10007.710632 9946.113952 4038.943569
</End>
</Curve>
<Line
>
<Start
 pntRef="129"
>
10007.710632 9946.113952 4038.943569
</Start>
<End
 pntRef="130"
>
9998.465812 9923.524361 4038.014877
</End>
</Line>
</CoordGeom>
</Alignment>
<Alignment
 name="Alignment12"
 desc="ROCKWALL*"
 staStart="0.000000"
 length="7.642004"
>
<CoordGeom
>
<Curve
 rot="ccw"
>
<Start
 pntRef="124"
>
10008.056397 9960.608477 4039.010142
</Start>
<Center
>
10003.942993 9952.573430
</Center>
<End
 pntRef="126"
>
10012.686761 9954.815882 4039.468489
</End>
</Curve>
</CoordGeom>
</Alignment>
<Alignment
 name="Alignment9"
 desc="EOP*"
 staStart="0.000000"
 length="865.055141"
>
<CoordGeom
>
<Line
>
<Start
 pntRef="101"
>
10014.298168 10024.575195 4038.633867
</Start>
<End
 pntRef="102"
>
10015.359077 10022.413322 4038.654441
</End>
</Line>
<Line
>
<Start
 pntRef="102"
>
10015.359077 10022.413322 4038.654441
</Start>
<End
 pntRef="123"
>
9986.369637 9964.451316 4038.365795
</End>
</Line>
<Line
>
<Start
 pntRef="123"
>
9986.369637 9964.451316 4038.365795
</Start>
<End
 pntRef="158"
>
9846.473003 10032.097841 4036.509179
</End>
</Line>
<Line
>
<Start
 pntRef="158"
>
9846.473003 10032.097841 4036.509179
</Start>
<End
 pntRef="174"
>
9677.322053 10113.559306 4035.243773
</End>
</Line>
<Line
>
<Start
 pntRef="174"
>
9677.322053 10113.559306 4035.243773
</Start>
<End
 pntRef="175"
>
9700.179231 10155.048581 4032.423240
</End>
</Line>
<Curve
 rot="cw"
>
<Start
 pntRef="175"
>
9700.179231 10155.048581 4032.423240
</Start>
<Center
>
9694.526522 10158.408008
</Center>
<End
 pntRef="177"
>
9697.683513 10164.176222 4031.181846
</End>
</Curve>
<Line
>
<Start
 pntRef="177"
>
9697.683513 10164.176222 4031.181846
</Start>
<End
 pntRef="179"
>
9712.483236 10183.353154 4031.784988
</End>
</Line>
<Line
>
<Start
 pntRef="179"
>
9712.483236 10183.353154 4031.784988
</Start>
<End
 pntRef="180"
>
9725.287744 10176.310632 4031.668612
</End>
</Line>
<Curve
 rot="ccw"
>
<Start
 pntRef="180"
>
9725.287744 10176.310632 4031.668612
</Start>
<Center
>
9689.521082 10148.589456
</Center>
<End
 pntRef="182"
>
9734.767658 10147.907530 4033.226681
</End>
</Curve>
<Curve
 rot="cw"
>
<Start
 pntRef="182"
>
9734.767658 10147.907530 4033.226681
</Start>
<Center
>
9743.835799 10145.037842
</Center>
<End
 pntRef="184"
>
9739.994074 10136.336840 4033.880366
</End>
</Curve>
<Line
>
<Start
 pntRef="184"
>
9739.994074 10136.336840 4033.880366
</Start>
<End
 pntRef="185"
>
9748.044663 10152.549999 4033.597358
</End>
</Line>
<Line
>
<Start
 pntRef="185"
>
9748.044663 10152.549999 4033.597358
</Start>
<End
 pntRef="166"
>
9869.471039 10094.316942 4034.886488
</End>
</Line>
<Line
>
<Start
 pntRef="166"
>
9869.471039 10094.316942 4034.886488
</Start>
<End
 pntRef="101"
>
10014.298168 10024.575195 4038.633867
</End>
</Line>
</CoordGeom>
</Alignment>
<Alignment
 name="Alignment17"
 desc="TBOW*"
 staStart="0.000000"
 length="9.200165"
>
<CoordGeom
>
<Line
>
<Start
 pntRef="202"
>
9643.533790 10104.241457 4026.503989
</Start>
<End
 pntRef="204"
>
9637.843376 10097.012196 4025.990097
</End>
</Line>
</CoordGeom>
</Alignment>
<Alignment
 name="Alignment19"
 desc="TBC*"
 staStart="0.000000"
 length="84.525261"
>
<CoordGeom
>
<Line
>
<Start
 pntRef="198"
>
9695.928211 10161.992936 4031.217349
</Start>
<End
 pntRef="199"
>
9692.331954 10163.942614 4030.968513
</End>
</Line>
<Curve
 rot="cw"
>
<Start
 pntRef="199"
>
9692.331954 10163.942614 4030.968513
</Start>
<Center
>
9688.451174 10157.616229
</Center>
<End
 pntRef="201"
>
9684.852384 10164.107170 4030.559432
</End>
</Curve>
<Line
>
<Start
 pntRef="201"
>
9684.852384 10164.107170 4030.559432
</Start>
<End
 pntRef="203"
>
9640.430594 10106.691803 4026.235517
</End>
</Line>
</CoordGeom>
</Alignment>
<Alignment
 name="Alignment30"
 desc="Offset"
 staStart="0.000000"
 length="35.827059"
>
<CoordGeom
>
<Line
>
<Start
 pntRef="136"
>
10004.065905 9921.372277
</Start>
<End
 pntRef="137"
>
10013.364188 9944.140078
</End>
</Line>
<Curve
 rot="cw"
>
<Start
 pntRef="137"
>
10013.364188 9944.140078
</Start>
<Center
>
9999.446600 9949.383795
</Center>
<End
 pntRef="138"
>
10013.173960 9955.107030
</End>
</Curve>
</CoordGeom>
</Alignment>
<Alignment
 name="Alignment36"
 desc="LP BASE*"
 staStart="0.000000"
 length="3.906746"
>
<CoordGeom
>
<Curve
 rot="ccw"
>
<Start
 pntRef="257"
>
10103.217251 10205.965202 4040.356332
</Start>
<Center
>
10102.016761 10206.250911
</Center>
<End
 pntRef="259"
>
10100.823561 10206.565676 4040.445936
</End>
</Curve>
</CoordGeom>
</Alignment>
<Alignment
 name="Alignment33"
 desc="UG ELEC*"
 staStart="0.000000"
 length="25.444399"
>
<CoordGeom
>
<Line
>
<Start
 pntRef="233"
>
9932.093006 10291.452431 4042.398512
</Start>
<End
 pntRef="234"
>
9930.536407 10296.188341 4042.424436
</End>
</Line>
<Line
>
<Start
 pntRef="234"
>
9930.536407 10296.188341 4042.424436
</Start>
<End
 pntRef="235"
>
9931.733909 10296.718473 4042.086745
</End>
</Line>
<Line
>
<Start
 pntRef="235"
>
9931.733909 10296.718473 4042.086745
</Start>
<End
 pntRef="236"
>
9931.218068 10298.241300 4042.104220
</End>
</Line>
<Line
>
<Start
 pntRef="236"
>
9931.218068 10298.241300 4042.104220
</Start>
<End
 pntRef="237"
>
9934.724315 10299.302573 4042.109931
</End>
</Line>
<Line
>
<Start
 pntRef="237"
>
9934.724315 10299.302573 4042.109931
</Start>
<End
 pntRef="238"
>
9935.186023 10297.739206 4042.377523
</End>
</Line>
<Line
>
<Start
 pntRef="238"
>
9935.186023 10297.739206 4042.377523
</Start>
<End
 pntRef="239"
>
9936.534453 10297.874080 4042.399553
</End>
</Line>
<Line
>
<Start
 pntRef="239"
>
9936.534453 10297.874080 4042.399553
</Start>
<End
 pntRef="240"
>
9937.935542 10293.328152 4042.382917
</End>
</Line>
<Line
>
<Start
 pntRef="240"
>
9937.935542 10293.328152 4042.382917
</Start>
<End
 pntRef="233"
>
9932.093006 10291.452431 4042.398512
</End>
</Line>
</CoordGeom>
</Alignment>
<Alignment
 name="Alignment34"
 desc="LP BASE*"
 staStart="0.000000"
 length="4.222454"
>
<CoordGeom
>
<Curve
 rot="ccw"
>
<Start
 pntRef="141"
>
10017.212115 9973.897230 4039.629762
</Start>
<Center
>
10015.958401 9974.394925
</Center>
<End
 pntRef="143"
>
10014.699158 9974.878459 4039.303663
</End>
</Curve>
</CoordGeom>
</Alignment>
<Alignment
 name="Alignment79"
 desc="TBOW*"
 staStart="0.000000"
 length="6.762629"
>
<CoordGeom
>
<Line
>
<Start
 pntRef="225"
>
9816.488640 10327.493664 4037.892979
</Start>
<End
 pntRef="226"
>
9820.676477 10332.803576 4037.950755
</End>
</Line>
</CoordGeom>
</Alignment>
<Alignment
 name="Alignment65"
 desc="TBC*"
 staStart="0.000000"
 length="10.205517"
>
<CoordGeom
>
<Curve
 rot="ccw"
>
<Start
 pntRef="148"
>
9714.693039 10186.646696 4031.879528
</Start>
<Center
>
9726.299216 10202.569883
</Center>
<End
 pntRef="150"
>
9708.331871 10194.481267 4032.760521
</End>
</Curve>
</CoordGeom>
</Alignment>
<Alignment
 name="Alignment76"
 desc="Offset"
 staStart="0.000000"
 length="87.321550"
>
<CoordGeom
>
<Line
>
<Start
 pntRef="217"
>
9696.881424 10163.751174
</Start>
<End
 pntRef="218"
>
9693.377730 10165.647422
</End>
</Line>
<Curve
 rot="cw"
>
<Start
 pntRef="218"
>
9693.377730 10165.647422
</Start>
<Center
>
9688.451174 10157.616229
</Center>
<End
 pntRef="219"
>
9683.882598 10165.856322
</End>
</Curve>
<Line
>
<Start
 pntRef="219"
>
9683.882598 10165.856322
</Start>
<End
 pntRef="220"
>
9638.848759 10107.915655
</End>
</Line>
</CoordGeom>
</Alignment>
<Alignment
 name="Alignment91"
 desc="TBC*"
 staStart="0.000000"
 length="132.476410"
>
<CoordGeom
>
<Line
>
<Start
 pntRef="229"
>
9925.290124 10290.259036 4041.307059
</Start>
<End
 pntRef="231"
>
9932.062526 10288.101099 4041.308684
</End>
</Line>
<Line
>
<Start
 pntRef="231"
>
9932.062526 10288.101099 4041.308684
</Start>
<End
 pntRef="241"
>
9977.615407 10274.285519 4041.647954
</End>
</Line>
<Line
>
<Start
 pntRef="241"
>
9977.615407 10274.285519 4041.647954
</Start>
<End
 pntRef="242"
>
10034.156838 10257.244898 4042.560458
</End>
</Line>
<Line
>
<Start
 pntRef="242"
>
10034.156838 10257.244898 4042.560458
</Start>
<End
 pntRef="243"
>
10035.262192 10256.869548 4042.119078
</End>
</Line>
<Line
>
<Start
 pntRef="243"
>
10035.262192 10256.869548 4042.119078
</Start>
<End
 pntRef="244"
>
10046.771387 10253.375410 4042.256515
</End>
</Line>
<Line
>
<Start
 pntRef="244"
>
10046.771387 10253.375410 4042.256515
</Start>
<End
 pntRef="245"
>
10048.603432 10257.994929 4042.578914
</End>
</Line>
<Line
>
<Start
 pntRef="245"
>
10048.603432 10257.994929 4042.578914
</Start>
<End
 pntRef="246"
>
10048.680103 10258.537924 4043.102350
</End>
</Line>
</CoordGeom>
</Alignment>
<Alignment
 name="Alignment87"
 desc="TBC*"
 staStart="0.000000"
 length="111.934253"
>
<CoordGeom
>
<Line
>
<Start
 pntRef="227"
>
9832.612711 10328.002552 4040.114239
</Start>
<End
 pntRef="228"
>
9830.756842 10322.575856 4040.084262
</End>
</Line>
<Line
>
<Start
 pntRef="228"
>
9830.756842 10322.575856 4040.084262
</Start>
<End
 pntRef="229"
>
9925.290124 10290.259036 4041.307059
</End>
</Line>
<Line
>
<Start
 pntRef="229"
>
9925.290124 10290.259036 4041.307059
</Start>
<End
 pntRef="230"
>
9927.201936 10296.256115 4041.242007
</End>
</Line>
</CoordGeom>
</Alignment>
<Alignment
 name="Alignment84"
 desc="TBC*"
 staStart="0.000000"
 length="311.040513"
>
<CoordGeom
>
<Line
>
<Start
 pntRef="139"
>
10013.414721 9955.188789 4039.452800
</Start>
<End
 pntRef="140"
>
10014.051834 9957.095445 4040.048441
</End>
</Line>
<Line
>
<Start
 pntRef="140"
>
10014.051834 9957.095445 4040.048441
</Start>
<End
 pntRef="146"
>
10067.953869 10106.660128 4039.566308
</End>
</Line>
<Line
>
<Start
 pntRef="146"
>
10067.953869 10106.660128 4039.566308
</Start>
<End
 pntRef="147"
>
10081.080096 10142.621188 4039.136318
</End>
</Line>
<Curve
 rot="ccw"
>
<Start
 pntRef="147"
>
10081.080096 10142.621188 4039.136318
</Start>
<Center
>
10215.397151 10108.003886
</Center>
<End
 pntRef="248"
>
10083.094330 10149.661928 4038.984105
</End>
</Curve>
<Line
>
<Start
 pntRef="248"
>
10083.094330 10149.661928 4038.984105
</Start>
<End
 pntRef="249"
>
10083.336131 10151.717418 4038.399592
</End>
</Line>
<Line
>
<Start
 pntRef="249"
>
10083.336131 10151.717418 4038.399592
</Start>
<End
 pntRef="250"
>
10083.733474 10156.430508 4038.431944
</End>
</Line>
<Line
>
<Start
 pntRef="250"
>
10083.733474 10156.430508 4038.431944
</Start>
<End
 pntRef="251"
>
10083.727733 10158.539862 4038.956792
</End>
</Line>
<Line
>
<Start
 pntRef="251"
>
10083.727733 10158.539862 4038.956792
</Start>
<End
 pntRef="252"
>
10084.035437 10161.006512 4039.026486
</End>
</Line>
<Curve
 rot="ccw"
>
<Start
 pntRef="252"
>
10084.035437 10161.006512 4039.026486
</Start>
<Center
>
10129.014314 10158.204065
</Center>
<End
 pntRef="254"
>
10089.884840 10180.561108 4039.452668
</End>
</Curve>
<Curve
 rot="ccw"
>
<Start
 pntRef="254"
>
10089.884840 10180.561108 4039.452668
</Start>
<Center
>
10134.472547 10158.472163
</Center>
<End
 pntRef="256"
>
10094.087636 10187.541804 4039.659773
</End>
</Curve>
<Line
>
<Start
 pntRef="256"
>
10094.087636 10187.541804 4039.659773
</Start>
<End
 pntRef="265"
>
10118.166734 10222.319283 4041.519969
</End>
</Line>
<Curve
 rot="cw"
>
<Start
 pntRef="265"
>
10118.166734 10222.319283 4041.519969
</Start>
<Center
>
10051.312541 10262.715587
</Center>
<End
 pntRef="267"
>
10122.319839 10230.168573 4041.826259
</End>
</Curve>
<Line
>
<Start
 pntRef="267"
>
10122.319839 10230.168573 4041.826259
</Start>
<End
 pntRef="268"
>
10126.816844 10242.490587 4042.228520
</End>
</Line>
</CoordGeom>
</Alignment>
<Alignment
 name="Alignment102"
 desc="UG ELEC*"
 staStart="0.000000"
 length="20.388947"
>
<CoordGeom
>
<Line
>
<Start
 pntRef="278"
>
10017.285164 9981.264845 4040.232898
</Start>
<End
 pntRef="277"
>
10020.597498 9979.782606 4040.330113
</End>
</Line>
<Line
>
<Start
 pntRef="277"
>
10020.597498 9979.782606 4040.330113
</Start>
<End
 pntRef="275"
>
10023.077848 9985.977897 4040.173338
</End>
</Line>
<Line
>
<Start
 pntRef="275"
>
10023.077848 9985.977897 4040.173338
</Start>
<End
 pntRef="276"
>
10019.776327 9987.300956 4040.172589
</End>
</Line>
<Line
>
<Start
 pntRef="276"
>
10019.776327 9987.300956 4040.172589
</Start>
<End
 pntRef="278"
>
10017.285164 9981.264845 4040.232898
</End>
</Line>
</CoordGeom>
</Alignment>
<Alignment
 name="Alignment99"
 desc="UG ELEC*"
 staStart="0.000000"
 length="20.640676"
>
<CoordGeom
>
<Line
>
<Start
 pntRef="261"
>
10112.943830 10218.493654 4041.646517
</Start>
<End
 pntRef="262"
>
10109.392399 10219.113915 4041.617081
</End>
</Line>
<Line
>
<Start
 pntRef="262"
>
10109.392399 10219.113915 4041.617081
</Start>
<End
 pntRef="263"
>
10110.601718 10225.704007 4041.741525
</End>
</Line>
<Line
>
<Start
 pntRef="263"
>
10110.601718 10225.704007 4041.741525
</Start>
<End
 pntRef="264"
>
10114.283661 10224.928209 4041.735105
</End>
</Line>
<Line
>
<Start
 pntRef="264"
>
10114.283661 10224.928209 4041.735105
</Start>
<End
 pntRef="261"
>
10112.943830 10218.493654 4041.646517
</End>
</Line>
</CoordGeom>
</Alignment>
<Alignment
 name="Alignment113"
 desc="Offset"
 staStart="0.000000"
 length="6.372107"
>
<CoordGeom
>
<Curve
 rot="ccw"
>
<Start
 pntRef="301"
>
10007.372859 9959.273267
</Start>
<Center
>
10003.942993 9952.573430
</Center>
<End
 pntRef="302"
>
10011.233780 9954.443246
</End>
</Curve>
</CoordGeom>
</Alignment>
<Alignment
 name="Alignment143"
 desc="TBC*"
 staStart="0.000000"
 length="177.979166"
>
<CoordGeom
>
<Line
>
<Start
 pntRef="150"
>
9708.331871 10194.481267 4032.760521
</Start>
<End
 pntRef="151"
>
9756.865388 10257.046592 4035.778417
</End>
</Line>
<Line
>
<Start
 pntRef="151"
>
9756.865388 10257.046592 4035.778417
</Start>
<End
 pntRef="223"
>
9813.282124 10329.861355 4037.843205
</End>
</Line>
<Line
>
<Start
 pntRef="223"
>
9813.282124 10329.861355 4037.843205
</Start>
<End
 pntRef="224"
>
9817.377762 10335.142472 4037.927758
</End>
</Line>
</CoordGeom>
</Alignment>
<Alignment
 name="Alignment138"
 desc="Offset"
 staStart="0.000000"
 length="11.241397"
>
<CoordGeom
>
<Curve
 rot="ccw"
>
<Start
 pntRef="303"
>
9713.514989 10185.030461
</Start>
<Center
>
9726.299216 10202.569883
</Center>
<End
 pntRef="304"
>
9706.508150 10193.660256
</End>
</Curve>
</CoordGeom>
</Alignment>
<Alignment
 name="Alignment150"
 desc="Offset"
 staStart="0.000000"
 length="177.978916"
>
<CoordGeom
>
<Line
>
<Start
 pntRef="305"
>
9706.751593 10195.707128
</Start>
<End
 pntRef="306"
>
9755.284755 10258.271996
</End>
</Line>
<Line
>
<Start
 pntRef="306"
>
9755.284755 10258.271996
</Start>
<End
 pntRef="307"
>
9811.701414 10331.086661
</End>
</Line>
<Line
>
<Start
 pntRef="307"
>
9811.701414 10331.086661
</Start>
<End
 pntRef="308"
>
9815.797331 10336.368136
</End>
</Line>
</CoordGeom>
</Alignment>
<Alignment
 name="Alignment168"
 desc="Offset"
 staStart="0.000000"
 length="131.429909"
>
<CoordGeom
>
<Line
>
<Start
 pntRef="309"
>
9925.441923 10290.735437
</Start>
<End
 pntRef="310"
>
9932.210991 10288.578563
</End>
</Line>
<Line
>
<Start
 pntRef="310"
>
9932.210991 10288.578563
</Start>
<End
 pntRef="311"
>
9977.760106 10274.764125
</End>
</Line>
<Line
>
<Start
 pntRef="311"
>
9977.760106 10274.764125
</Start>
<End
 pntRef="312"
>
10034.309410 10257.721131
</End>
</Line>
<Line
>
<Start
 pntRef="312"
>
10034.309410 10257.721131
</Start>
<End
 pntRef="313"
>
10035.415244 10257.345618
</End>
</Line>
<Line
>
<Start
 pntRef="313"
>
10035.415244 10257.345618
</Start>
<End
 pntRef="314"
>
10046.476265 10253.987543
</End>
</Line>
<Line
>
<Start
 pntRef="314"
>
10046.476265 10253.987543
</Start>
<End
 pntRef="315"
>
10048.116675 10258.123853
</End>
</Line>
<Line
>
<Start
 pntRef="315"
>
10048.116675 10258.123853
</Start>
<End
 pntRef="316"
>
10048.185013 10258.607831
</End>
</Line>
</CoordGeom>
</Alignment>
<Alignment
 name="Alignment182"
 desc="Offset"
 staStart="0.000000"
 length="311.026046"
>
<CoordGeom
>
<Line
>
<Start
 pntRef="321"
>
10013.888947 9955.030325
</Start>
<End
 pntRef="322"
>
10014.524204 9956.931429
</End>
</Line>
<Line
>
<Start
 pntRef="322"
>
10014.524204 9956.931429
</Start>
<End
 pntRef="323"
>
10068.423909 10106.489644
</End>
</Line>
<Line
>
<Start
 pntRef="323"
>
10068.423909 10106.489644
</Start>
<End
 pntRef="324"
>
10081.564275 10142.496401
</End>
</Line>
<Curve
 rot="ccw"
>
<Start
 pntRef="324"
>
10081.564275 10142.496401
</Start>
<Center
>
10215.397151 10108.003886
</Center>
<End
 pntRef="325"
>
10083.571249 10149.511761
</End>
</Curve>
<Line
>
<Start
 pntRef="325"
>
10083.571249 10149.511761
</Start>
<End
 pntRef="326"
>
10083.833595 10151.666292
</End>
</Line>
<Line
>
<Start
 pntRef="326"
>
10083.833595 10151.666292
</Start>
<End
 pntRef="327"
>
10084.233533 10156.410148
</End>
</Line>
<Line
>
<Start
 pntRef="327"
>
10084.233533 10156.410148
</Start>
<End
 pntRef="328"
>
10084.227818 10158.509474
</End>
</Line>
<Line
>
<Start
 pntRef="328"
>
10084.227818 10158.509474
</Start>
<End
 pntRef="329"
>
10084.534470 10160.975420
</End>
</Line>
<Curve
 rot="ccw"
>
<Start
 pntRef="329"
>
10084.534470 10160.975420
</Start>
<Center
>
10129.014314 10158.204065
</Center>
<End
 pntRef="330"
>
10090.326311 10180.325895
</End>
</Curve>
<Curve
 rot="ccw"
>
<Start
 pntRef="330"
>
10090.326311 10180.325895
</Start>
<Center
>
10134.472547 10158.472163
</Center>
<End
 pntRef="331"
>
10094.493440 10187.249701
</End>
</Curve>
<Line
>
<Start
 pntRef="331"
>
10094.493440 10187.249701
</Start>
<End
 pntRef="332"
>
10118.594678 10222.060700
</End>
</Line>
<Curve
 rot="cw"
>
<Start
 pntRef="332"
>
10118.594678 10222.060700
</Start>
<Center
>
10051.312541 10262.715587
</Center>
<End
 pntRef="333"
>
10122.774367 10229.960235
</End>
</Curve>
<Line
>
<Start
 pntRef="333"
>
10122.774367 10229.960235
</Start>
<End
 pntRef="334"
>
10127.286542 10242.319167
</End>
</Line>
</CoordGeom>
</Alignment>
<Alignment
 name="Alignment176"
 desc="Offset"
 staStart="0.000000"
 length="103.849701"
>
<CoordGeom
>
<Line
>
<Start
 pntRef="317"
>
9834.505110 10327.355373
</Start>
<End
 pntRef="318"
>
9833.296497 10323.821300
</End>
</Line>
<Line
>
<Start
 pntRef="318"
>
9833.296497 10323.821300
</Start>
<End
 pntRef="319"
>
9924.004832 10292.812063
</End>
</Line>
<Line
>
<Start
 pntRef="319"
>
9924.004832 10292.812063
</Start>
<End
 pntRef="320"
>
9925.296416 10296.863577
</End>
</Line>
</CoordGeom>
</Alignment>
<Alignment
 name="Alignment199"
 desc="WOOD FNC*"
 staStart="0.000000"
 length="250.723126"
>
<CoordGeom
>
<Line
>
<Start
 pntRef="279"
>
9715.019528 10068.401603 4028.344074
</Start>
<End
 pntRef="269"
>
9941.556238 9960.962296 4028.270651
</End>
</Line>
</CoordGeom>
</Alignment>
<Alignment
 name="Alignment195"
 desc="UG COMM*"
 staStart="0.000000"
 length="4.316948"
>
<CoordGeom
>
<Line
>
<Start
 pntRef="152"
>
9790.273650 10288.139749 4037.101474
</Start>
<End
 pntRef="153"
>
9789.659899 10287.488243 4037.003806
</End>
</Line>
<Line
>
<Start
 pntRef="153"
>
9789.659899 10287.488243 4037.003806
</Start>
<End
 pntRef="221"
>
9788.628879 10288.050515 4037.019318
</End>
</Line>
<Line
>
<Start
 pntRef="221"
>
9788.628879 10288.050515 4037.019318
</Start>
<End
 pntRef="222"
>
9789.057762 10288.800294 4037.084002
</End>
</Line>
<Line
>
<Start
 pntRef="222"
>
9789.057762 10288.800294 4037.084002
</Start>
<End
 pntRef="152"
>
9790.273650 10288.139749 4037.101474
</End>
</Line>
</CoordGeom>
</Alignment>
<Alignment
 name="Alignment220"
 desc="PIPE FNC*"
 staStart="0.000000"
 length="65.259557"
>
<CoordGeom
>
<Line
>
<Start
 pntRef="270"
>
9943.211552 9959.605126 4028.509235
</Start>
<End
 pntRef="272"
>
9993.215233 9932.976308 4033.320068
</End>
</Line>
<Line
>
<Start
 pntRef="272"
>
9993.215233 9932.976308 4033.320068
</Start>
<End
 pntRef="274"
>
9990.142871 9924.935869 4032.706444
</End>
</Line>
</CoordGeom>
</Alignment>
</Alignments>
</LandXML>
