<?xml version="1.0"?>
<LandXML xmlns="http://www.landxml.org/schema/LandXML-1.0"  xmlns:xsi="http://www.w3.org/2001/XMLSchema-instance" xsi:schemaLocation="http://www.landxml.org/schema/LandXML-1.0 http://www.landxml.org/schema/LandXML-1.0/LandXML-1.0.xsd" version="1.0" date="2008-06-24" time="08:53:24" readOnly="false" language="English">
<Project name="495-08 HANSSEN.job"/>
<Units>
<Imperial linearUnit="foot" areaUnit="squareFoot" volumeUnit="cubicFeet" temperatureUnit="fahrenheit" pressureUnit="inchHG" angularUnit="decimal degrees" directionUnit="decimal degrees"/>
</Units>
<Application name="Survey Pro" manufacturer="Tripod Data Systems" version="4.0" manufacturerURL="www.tdsway.com"/>
<CgPoints
 name="Points"
>
<CgPoint
 name="1"
 desc="1/2&quot; IRF #5939"
>
9821.927344 10322.800446 4037.364775
</CgPoint>
<CgPoint
 name="2"
 desc="1/2&quot; IRF"
>
9648.177996 10099.287999 4026.569353
</CgPoint>
<CgPoint
 name="3"
 desc="1/2&quot; IRF"
>
9999.031698 9933.149066 4036.780574
</CgPoint>
<CgPoint
 name="4"
 desc="1/2&quot; IRF"
>
10108.341117 10234.648769 4041.111782
</CgPoint>
<CgPoint
 name="5"
 desc="1/2&quot; IRF #14831"
>
10115.230530 10232.160764 4041.119482
</CgPoint>
<CgPoint
 name="6"
 desc="CHISELED &quot;X&quot; FND"
>
10168.196336 10378.780658 4043.048186
</CgPoint>
<CgPoint
 name="7"
 desc="CHISELED &quot;X&quot; FND"
>
9931.555963 10464.610829 4040.037580
</CgPoint>
<CgPoint
 name="8"
 desc="ROBOTIC"
>
9899.556183 10178.258502 4037.684746
</CgPoint>
<CgPoint
 name="101"
 desc="EOP*"
>
10014.298129 10024.575149 4038.633877
</CgPoint>
<CgPoint
 name="102"
 desc="EOP*"
>
10015.359031 10022.413345 4038.654477
</CgPoint>
<CgPoint
 name="103"
 desc="STRIPE*"
>
10007.106914 10006.138912 4038.592477
</CgPoint>
<CgPoint
 name="104"
 desc="STRIPE*"
>
9999.096398 10009.968920 4038.268277
</CgPoint>
<CgPoint
 name="105"
 desc="STRIPE*"
>
9990.908482 10013.863028 4037.975176
</CgPoint>
<CgPoint
 name="106"
 desc="STRIPE*"
>
9982.813066 10017.773036 4037.701675
</CgPoint>
<CgPoint
 name="107"
 desc="STRIPE*"
>
9974.691449 10021.592943 4037.478575
</CgPoint>
<CgPoint
 name="108"
 desc="STRIPE*"
>
9983.180766 10039.010878 4037.449475
</CgPoint>
<CgPoint
 name="109"
 desc="STRIPE*"
>
9991.325983 10035.021970 4037.607775
</CgPoint>
<CgPoint
 name="110"
 desc="STRIPE*"
>
9999.399899 10031.132062 4037.858176
</CgPoint>
<CgPoint
 name="111"
 desc="STRIPE*"
>
10007.625215 10027.414155 4038.272677
</CgPoint>
<CgPoint
 name="112"
 desc="STRIPE*"
>
10015.162430 10022.476445 4038.656277
</CgPoint>
<CgPoint
 name="113"
 desc="STRIPE*"
>
9994.617689 9982.595065 4038.535177
</CgPoint>
<CgPoint
 name="114"
 desc="STRIPE*"
>
9986.515873 9986.357073 4038.209076
</CgPoint>
<CgPoint
 name="115"
 desc="STRIPE*"
>
9978.422957 9990.226080 4037.971476
</CgPoint>
<CgPoint
 name="116"
 desc="STRIPE*"
>
9970.412341 9994.197888 4037.756276
</CgPoint>
<CgPoint
 name="117"
 desc="STRIPE*"
>
9962.302725 9998.098496 4037.545675
</CgPoint>
<CgPoint
 name="118"
 desc="STRIPE*"
>
9953.081006 9980.721261 4037.508275
</CgPoint>
<CgPoint
 name="119"
 desc="STRIPE*"
>
9961.182122 9976.894554 4037.599775
</CgPoint>
<CgPoint
 name="120"
 desc="STRIPE*"
>
9969.294539 9973.221246 4037.744275
</CgPoint>
<CgPoint
 name="121"
 desc="STRIPE*"
>
9977.522455 9969.221038 4037.905576
</CgPoint>
<CgPoint
 name="122"
 desc="STRIPE*"
>
9985.510571 9965.305831 4038.282877
</CgPoint>
<CgPoint
 name="123"
 desc="EOP*"
>
9986.369673 9964.451329 4038.365777
</CgPoint>
<CgPoint
 name="124"
 desc="ROCKWALL*"
>
10008.056416 9960.608521 4039.010178
</CgPoint>
<CgPoint
 name="125"
 desc="ROCKWALL*"
>
10011.303223 9957.799216 4039.512079
</CgPoint>
<CgPoint
 name="126"
 desc="ROCKWALL*"
>
10012.686725 9954.815910 4039.468479
</CgPoint>
<CgPoint
 name="127"
 desc="TBOW*"
>
10008.243016 9950.878502 4039.073378
</CgPoint>
<CgPoint
 name="128"
 desc="TBOW*"
>
10008.296617 9948.282497 4038.980178
</CgPoint>
<CgPoint
 name="129"
 desc="TBOW*"
>
10007.710615 9946.113992 4038.943578
</CgPoint>
<CgPoint
 name="130"
 desc="TBOW*"
>
9998.465797 9923.524347 4038.014876
</CgPoint>
<CgPoint
 name="131"
 desc="TBC*"
>
10002.214404 9922.128544 4038.099076
</CgPoint>
<CgPoint
 name="132"
 desc="LIP*"
>
10004.147208 9921.440643 4037.522975
</CgPoint>
<CgPoint
 name="133"
 desc="TBC*"
>
10011.492623 9944.845190 4038.952478
</CgPoint>
<CgPoint
 name="134"
 desc="TBC*"
>
10012.318025 9949.564899 4039.077478
</CgPoint>
<CgPoint
 name="135"
 desc="TBC*"
>
10011.327923 9954.337409 4039.320679
</CgPoint>
<CgPoint
 name="136"
 desc="Cogo"
>
10004.065908 9921.372243 -99999.199998
</CgPoint>
<CgPoint
 name="137"
 desc="Cogo"
>
10013.364227 9944.140088 -99999.199998
</CgPoint>
<CgPoint
 name="138"
 desc="Cogo"
>
10013.173926 9955.107010 -99999.199998
</CgPoint>
<CgPoint
 name="139"
 desc="TBC*"
>
10013.414727 9955.188810 4039.452779
</CgPoint>
<CgPoint
 name="140"
 desc="TBC*"
>
10014.051828 9957.095414 4040.048480
</CgPoint>
<CgPoint
 name="141"
 desc="LP BASE*CONC"
>
10017.212134 9973.897248 4039.629779
</CgPoint>
<CgPoint
 name="142"
 desc="LP BASE*CONC"
>
10015.506631 9973.123946 4039.707579
</CgPoint>
<CgPoint
 name="143"
 desc="LP BASE*CONC"
>
10014.699129 9974.878450 4039.303679
</CgPoint>
<CgPoint
 name="144"
 desc="LP BASE*CONC"
>
10016.285733 9975.657951 4039.453579
</CgPoint>
<CgPoint
 name="145"
 desc="TBC*"
>
10038.656777 10025.155650 4039.990980
</CgPoint>
<CgPoint
 name="146"
 desc="TBC*"
>
10067.953836 10106.660113 4039.566279
</CgPoint>
<CgPoint
 name="147"
 desc="TBC*"
>
10081.080062 10142.621185 4039.136278
</CgPoint>
<CgPoint
 name="148"
 desc="TBC*"
>
9714.693029 10186.646673 4031.879564
</CgPoint>
<CgPoint
 name="149"
 desc="TBC*"
>
9710.473521 10190.831182 4032.652965
</CgPoint>
<CgPoint
 name="150"
 desc="TBC*"
>
9708.331917 10194.481289 4032.760566
</CgPoint>
<CgPoint
 name="151"
 desc="TBC*"
>
9756.865414 10257.046614 4035.778372
</CgPoint>
<CgPoint
 name="152"
 desc="UG COMM*RISER"
>
9790.273681 10288.139776 4037.101474
</CgPoint>
<CgPoint
 name="153"
 desc="UG COMM*RISER"
>
9789.659879 10287.488275 4037.003774
</CgPoint>
<CgPoint
 name="154"
 desc="STRIPE*"
>
9840.691481 10056.592313 4035.714571
</CgPoint>
<CgPoint
 name="155"
 desc="STRIPE*"
>
9848.734197 10052.655005 4035.826272
</CgPoint>
<CgPoint
 name="156"
 desc="STRIPE*"
>
9856.841314 10048.843598 4035.859772
</CgPoint>
<CgPoint
 name="157"
 desc="STRIPE*"
>
9847.658795 10031.600263 4036.545273
</CgPoint>
<CgPoint
 name="158"
 desc="EOP*"
>
9846.472993 10032.097864 4036.509173
</CgPoint>
<CgPoint
 name="159"
 desc="STRIPE*"
>
9839.587879 10035.492671 4036.484373
</CgPoint>
<CgPoint
 name="160"
 desc="STRIPE*"
>
9831.423163 10039.337479 4036.374973
</CgPoint>
<CgPoint
 name="161"
 desc="STRIPE*"
>
9853.020606 10080.174260 4034.972070
</CgPoint>
<CgPoint
 name="162"
 desc="STRIPE*"
>
9861.206422 10076.334453 4035.165870
</CgPoint>
<CgPoint
 name="163"
 desc="STRIPE*"
>
9869.233338 10072.369245 4035.318871
</CgPoint>
<CgPoint
 name="164"
 desc="STRIPE*"
>
9878.171656 10089.798580 4035.143070
</CgPoint>
<CgPoint
 name="165"
 desc="STRIPE*"
>
9870.060440 10093.585787 4034.906770
</CgPoint>
<CgPoint
 name="166"
 desc="EOP*"
>
9869.471039 10094.316989 4034.886470
</CgPoint>
<CgPoint
 name="167"
 desc="STRIPE*"
>
9861.939324 10097.455095 4034.731069
</CgPoint>
<CgPoint
 name="168"
 desc="STRIPE*"
>
9719.041838 10115.040830 4034.803270
</CgPoint>
<CgPoint
 name="169"
 desc="STRIPE*"
>
9709.933220 10097.854296 4035.611071
</CgPoint>
<CgPoint
 name="170"
 desc="STRIPE*"
>
9701.853804 10101.923604 4035.583471
</CgPoint>
<CgPoint
 name="171"
 desc="STRIPE*"
>
9693.818788 10105.756512 4035.520171
</CgPoint>
<CgPoint
 name="172"
 desc="STRIPE*"
>
9685.595071 10109.597019 4035.521771
</CgPoint>
<CgPoint
 name="173"
 desc="STRIPE*"
>
9677.474455 10113.406427 4035.340171
</CgPoint>
<CgPoint
 name="174"
 desc="EOP*"
>
9677.322055 10113.559327 4035.243770
</CgPoint>
<CgPoint
 name="175"
 desc="EOP*"
>
9700.179200 10155.048610 4032.423265
</CgPoint>
<CgPoint
 name="176"
 desc="EOP*"
>
9701.087702 10158.844118 4031.958064
</CgPoint>
<CgPoint
 name="177"
 desc="EOP*"
>
9697.683495 10164.176228 4031.181862
</CgPoint>
<CgPoint
 name="178"
 desc="SMH*"
>
9689.998880 10160.328421 4031.455663
</CgPoint>
<CgPoint
 name="179"
 desc="EOP*"
>
9712.483225 10183.353167 4031.784964
</CgPoint>
<CgPoint
 name="180"
 desc="EOP*"
>
9725.287751 10176.310653 4031.668563
</CgPoint>
<CgPoint
 name="181"
 desc="EOP*"
>
9731.939964 10164.348829 4032.287465
</CgPoint>
<CgPoint
 name="182"
 desc="EOP*"
>
9734.767670 10147.907496 4033.226666
</CgPoint>
<CgPoint
 name="183"
 desc="EOP*"
>
9735.882572 10139.821280 4033.639667
</CgPoint>
<CgPoint
 name="184"
 desc="EOP*"
>
9739.994080 10136.336873 4033.880368
</CgPoint>
<CgPoint
 name="185"
 desc="EOP*"
>
9748.044696 10152.550005 4033.597367
</CgPoint>
<CgPoint
 name="186"
 desc="STRIPE*"
>
9739.483379 10134.698569 4033.987168
</CgPoint>
<CgPoint
 name="187"
 desc="STRIPE*"
>
9747.555395 10130.924462 4034.196168
</CgPoint>
<CgPoint
 name="188"
 desc="STRIPE*"
>
9755.690511 10127.115954 4034.275269
</CgPoint>
<CgPoint
 name="189"
 desc="STRIPE*"
>
9763.781328 10123.167746 4034.297569
</CgPoint>
<CgPoint
 name="190"
 desc="STRIPE*"
>
9772.777146 10140.262181 4033.630267
</CgPoint>
<CgPoint
 name="191"
 desc="STRIPE*"
>
9764.706829 10144.113788 4033.651867
</CgPoint>
<CgPoint
 name="192"
 desc="STRIPE*"
>
9756.620513 10148.031896 4033.702267
</CgPoint>
<CgPoint
 name="193"
 desc="STRIPE*"
>
9748.432097 10152.102604 4033.667567
</CgPoint>
<CgPoint
 name="194"
 desc="STRIPE*"
>
9710.998922 10118.928638 4034.654369
</CgPoint>
<CgPoint
 name="195"
 desc="STRIPE*"
>
9702.733405 10122.712845 4034.544769
</CgPoint>
<CgPoint
 name="196"
 desc="STRIPE*"
>
9694.673289 10126.696553 4034.474669
</CgPoint>
<CgPoint
 name="197"
 desc="STRIPE*"
>
9686.650773 10130.558261 4034.294769
</CgPoint>
<CgPoint
 name="198"
 desc="TBC*"
>
9695.928192 10161.992924 4031.217362
</CgPoint>
<CgPoint
 name="199"
 desc="TBC*"
>
9692.331985 10163.942628 4030.968562
</CgPoint>
<CgPoint
 name="200"
 desc="TBC*"
>
9689.899980 10164.895330 4030.832962
</CgPoint>
<CgPoint
 name="201"
 desc="TBC*"
>
9684.852370 10164.107128 4030.559461
</CgPoint>
<CgPoint
 name="202"
 desc="TBOW*"
>
9643.533787 10104.241408 4026.503953
</CgPoint>
<CgPoint
 name="203"
 desc="TBC*"
>
9640.430581 10106.691813 4026.235552
</CgPoint>
<CgPoint
 name="204"
 desc="TBOW*"
>
9637.843376 10097.012194 4025.990052
</CgPoint>
<CgPoint
 name="205"
 desc="OHE*PP W/CONDUIT"
>
9645.856692 10099.616799 4026.718753
</CgPoint>
<CgPoint
 name="206"
 desc="ROCKWALL*"
>
9643.217686 10093.065786 4026.220152
</CgPoint>
<CgPoint
 name="207"
 desc="ROCKWALL*"
>
9648.713097 10099.589999 4026.163052
</CgPoint>
<CgPoint
 name="208"
 desc="ROCKWALL*"
>
9655.089210 10096.754194 4028.706957
</CgPoint>
<CgPoint
 name="209"
 desc="ROCKWALL*"
>
9655.833812 10098.250897 4028.837858
</CgPoint>
<CgPoint
 name="210"
 desc="ROCKWALL*"
>
9659.490419 10096.770594 4029.210058
</CgPoint>
<CgPoint
 name="211"
 desc="ROCKWALL*"
>
9658.862818 10095.071090 4029.113458
</CgPoint>
<CgPoint
 name="212"
 desc="ROCKWALL*"
>
9657.629615 10094.436689 4028.714657
</CgPoint>
<CgPoint
 name="213"
 desc="ROCKWALL*"
>
9658.138616 10096.103792 4028.584457
</CgPoint>
<CgPoint
 name="214"
 desc="ROCKWALL*"
>
9656.425713 10096.933394 4028.984658
</CgPoint>
<CgPoint
 name="215"
 desc="ROCKWALL*"
>
9655.617311 10095.329691 4028.787858
</CgPoint>
<CgPoint
 name="216"
 desc="ROCKWALL*"
>
9649.183998 10098.258397 4028.636657
</CgPoint>
<CgPoint
 name="217"
 desc="Cogo"
>
9696.881394 10163.751128 -99999.199998
</CgPoint>
<CgPoint
 name="218"
 desc="Cogo"
>
9693.377687 10165.647431 -99999.199998
</CgPoint>
<CgPoint
 name="219"
 desc="Cogo"
>
9683.882568 10165.856332 -99999.199998
</CgPoint>
<CgPoint
 name="220"
 desc="Cogo"
>
9638.848778 10107.915616 -99999.199998
</CgPoint>
<CgPoint
 name="221"
 desc="UG COMM*RISER"
>
9788.628877 10288.050476 4037.019274
</CgPoint>
<CgPoint
 name="222"
 desc="UG COMM*RISER"
>
9789.057778 10288.800278 4037.083974
</CgPoint>
<CgPoint
 name="223"
 desc="TBC*"
>
9813.282127 10329.861360 4037.843176
</CgPoint>
<CgPoint
 name="224"
 desc="TBC*"
>
9817.377735 10335.142470 4037.927776
</CgPoint>
<CgPoint
 name="225"
 desc="TBOW*"
>
9816.488633 10327.493655 4037.892976
</CgPoint>
<CgPoint
 name="226"
 desc="TBOW*"
>
9820.676441 10332.803566 4037.950776
</CgPoint>
<CgPoint
 name="227"
 desc="TBC*"
>
9832.612665 10328.002556 4040.114280
</CgPoint>
<CgPoint
 name="228"
 desc="TBC*"
>
9830.756862 10322.575845 4040.084280
</CgPoint>
<CgPoint
 name="229"
 desc="TBC*"
>
9925.290151 10290.259081 4041.307083
</CgPoint>
<CgPoint
 name="230"
 desc="TBC*"
>
9927.201954 10296.256093 4041.241982
</CgPoint>
<CgPoint
 name="231"
 desc="TBC*HEADER"
>
9932.062564 10288.101076 4041.308683
</CgPoint>
<CgPoint
 name="232"
 desc="TBC*HEADER"
>
9932.281365 10288.572877 4041.325983
</CgPoint>
<CgPoint
 name="233"
 desc="UG ELEC*BOX"
>
9932.092964 10291.452383 4042.398485
</CgPoint>
<CgPoint
 name="234"
 desc="UG ELEC*BOX"
>
9930.536361 10296.188292 4042.424485
</CgPoint>
<CgPoint
 name="235"
 desc="UG ELEC*BOX"
>
9931.733863 10296.718493 4042.086784
</CgPoint>
<CgPoint
 name="236"
 desc="UG ELEC*BOX"
>
9931.218062 10298.241296 4042.104184
</CgPoint>
<CgPoint
 name="237"
 desc="UG ELEC*BOX"
>
9934.724269 10299.302599 4042.109884
</CgPoint>
<CgPoint
 name="238"
 desc="UG ELEC*BOX"
>
9935.186070 10297.739195 4042.377485
</CgPoint>
<CgPoint
 name="239"
 desc="UG ELEC*BOX"
>
9936.534473 10297.874096 4042.399585
</CgPoint>
<CgPoint
 name="240"
 desc="UG ELEC*BOX"
>
9937.935576 10293.328187 4042.382885
</CgPoint>
<CgPoint
 name="241"
 desc="TBC*HEADER"
>
9977.615455 10274.285549 4041.647983
</CgPoint>
<CgPoint
 name="242"
 desc="TBC*HEADER"
>
10034.156868 10257.244914 4042.560485
</CgPoint>
<CgPoint
 name="243"
 desc="TBC*HEADER"
>
10035.262171 10256.869514 4042.119084
</CgPoint>
<CgPoint
 name="244"
 desc="TBC*HEADER"
>
10046.771394 10253.375407 4042.256485
</CgPoint>
<CgPoint
 name="245"
 desc="TBC*HEADER"
>
10048.603397 10257.994916 4042.578885
</CgPoint>
<CgPoint
 name="246"
 desc="TBC*HEADER"
>
10048.680097 10258.537917 4043.102386
</CgPoint>
<CgPoint
 name="247"
 desc="TBC*HEADER"
>
10082.541165 10147.862496 4039.012178
</CgPoint>
<CgPoint
 name="248"
 desc="TBC*HEADER"
>
10083.094366 10149.661899 4038.984078
</CgPoint>
<CgPoint
 name="249"
 desc="TBC*HEADER"
>
10083.336167 10151.717403 4038.399577
</CgPoint>
<CgPoint
 name="250"
 desc="TBC*HEADER"
>
10083.733467 10156.430513 4038.431977
</CgPoint>
<CgPoint
 name="251"
 desc="TBC*HEADER"
>
10083.727767 10158.539817 4038.956778
</CgPoint>
<CgPoint
 name="252"
 desc="TBC*HEADER"
>
10084.035468 10161.006522 4039.026478
</CgPoint>
<CgPoint
 name="253"
 desc="TBC*HEADER"
>
10085.787872 10170.948742 4039.427779
</CgPoint>
<CgPoint
 name="254"
 desc="TBC*HEADER"
>
10089.884880 10180.561061 4039.452679
</CgPoint>
<CgPoint
 name="255"
 desc="TBC*HEADER"
>
10091.712783 10183.919868 4039.466879
</CgPoint>
<CgPoint
 name="256"
 desc="TBC*HEADER"
>
10094.087588 10187.541775 4039.659779
</CgPoint>
<CgPoint
 name="257"
 desc="LP BASE*CONC"
>
10103.217206 10205.965212 4040.356381
</CgPoint>
<CgPoint
 name="258"
 desc="LP BASE*CONC"
>
10101.595503 10205.091010 4040.562181
</CgPoint>
<CgPoint
 name="259"
 desc="LP BASE*CONC"
>
10100.823602 10206.565713 4040.445981
</CgPoint>
<CgPoint
 name="260"
 desc="LP BASE*CONC"
>
10102.469905 10207.584215 4040.550881
</CgPoint>
<CgPoint
 name="261"
 desc="UG ELEC*VAULT"
>
10112.943826 10218.493637 4041.646483
</CgPoint>
<CgPoint
 name="262"
 desc="UG ELEC*VAULT"
>
10109.392419 10219.113938 4041.617083
</CgPoint>
<CgPoint
 name="263"
 desc="UG ELEC*VAULT"
>
10110.601721 10225.704051 4041.741483
</CgPoint>
<CgPoint
 name="264"
 desc="UG ELEC*VAULT"
>
10114.283629 10224.928250 4041.735083
</CgPoint>
<CgPoint
 name="265"
 desc="TBC*HEADER"
>
10118.166736 10222.319245 4041.519983
</CgPoint>
<CgPoint
 name="266"
 desc="TBC*HEADER"
>
10120.073040 10225.656951 4041.660583
</CgPoint>
<CgPoint
 name="267"
 desc="TBC*HEADER"
>
10122.319845 10230.168560 4041.826284
</CgPoint>
<CgPoint
 name="268"
 desc="TBC*HEADER"
>
10126.816854 10242.490585 4042.228484
</CgPoint>
<CgPoint
 name="269"
 desc="ROCKWALL*WOODFNC"
>
9941.556283 9960.962322 4028.270657
</CgPoint>
<CgPoint
 name="270"
 desc="PIPE FNC*"
>
9943.211586 9959.605119 4028.509257
</CgPoint>
<CgPoint
 name="271"
 desc="ROCKWALL*"
>
9994.097588 9933.330567 4036.282173
</CgPoint>
<CgPoint
 name="272"
 desc="PIPE FNC*"
>
9993.215186 9932.976266 4033.320067
</CgPoint>
<CgPoint
 name="273"
 desc="ROCKWALL*"
>
9990.566081 9924.578949 4035.680771
</CgPoint>
<CgPoint
 name="274"
 desc="PIPE FNC*"
>
9990.142880 9924.935850 4032.706465
</CgPoint>
<CgPoint
 name="275"
 desc="UG ELEC*VAULT"
>
10023.077846 9985.977872 4040.173380
</CgPoint>
<CgPoint
 name="276"
 desc="UG ELEC*VAULT"
>
10019.776340 9987.300975 4040.172580
</CgPoint>
<CgPoint
 name="277"
 desc="UG ELEC*VAULT"
>
10020.597541 9979.782560 4040.330081
</CgPoint>
<CgPoint
 name="278"
 desc="UG ELEC*VAULT"
>
10017.285135 9981.264863 4040.232880
</CgPoint>
<CgPoint
 name="279"
 desc="WOOD FNC*"
>
9715.019530 10068.401637 4028.344057
</CgPoint>
<CgPoint
 name="280"
 desc="DRAINAGE"
>
9724.218734 10188.683165 4032.295657
</CgPoint>
<CgPoint
 name="281"
 desc="DRAINAGE"
>
9728.335942 10194.956352 4032.386755
</CgPoint>
<CgPoint
 name="282"
 desc="DRAINAGE"
>
9734.202134 10203.424872 4033.212029
</CgPoint>
<CgPoint
 name="283"
 desc="DRAINAGE"
>
9737.905751 10207.674280 4033.683995
</CgPoint>
<CgPoint
 name="284"
 desc="DRAINAGE"
>
9741.691675 10215.450460 4034.273061
</CgPoint>
<CgPoint
 name="285"
 desc="DRAINAGE"
>
9757.302279 10206.085653 4035.465249
</CgPoint>
<CgPoint
 name="286"
 desc="DRAINAGE"
>
9762.487569 10207.554501 4035.616447
</CgPoint>
<CgPoint
 name="287"
 desc="DRAINAGE"
>
9771.094732 10206.713569 4035.711991
</CgPoint>
<CgPoint
 name="288"
 desc="DRAINAGE"
>
9776.889530 10204.771443 4035.785159
</CgPoint>
<CgPoint
 name="289"
 desc="DRAINAGE"
>
9784.635304 10195.441078 4035.916131
</CgPoint>
<CgPoint
 name="290"
 desc="DRAINAGE"
>
9782.574823 10180.343735 4036.023557
</CgPoint>
<CgPoint
 name="291"
 desc="DRAINAGE"
>
9784.668192 10176.624233 4035.982131
</CgPoint>
<CgPoint
 name="292"
 desc="DRAINAGE"
>
9812.075907 10164.657436 4035.945335
</CgPoint>
<CgPoint
 name="293"
 desc="DRAINAGE"
>
9835.158827 10153.576242 4036.006310
</CgPoint>
<CgPoint
 name="294"
 desc="DRAINAGE"
>
9891.327223 10129.174321 4036.446185
</CgPoint>
<CgPoint
 name="295"
 desc="DRAINAGE"
>
9936.607577 10104.035013 4036.987789
</CgPoint>
<CgPoint
 name="296"
 desc="DRAINAGE"
>
9953.729483 10094.716964 4036.744712
</CgPoint>
<CgPoint
 name="297"
 desc="DRAINAGE"
>
9941.084083 10062.617939 4036.170896
</CgPoint>
<CgPoint
 name="298"
 desc="BLDG"
>
9977.137352 10336.879209 4054.586796
</CgPoint>
<CgPoint
 name="299"
 desc="BLDG"
>
9963.501733 10299.123081 4051.987239
</CgPoint>
<CgPoint
 name="300"
 desc="BLDG DOOR"
>
10041.581240 10270.657843 4050.108243
</CgPoint>
<CgPoint
 name="301"
 desc="Cogo"
>
10007.372815 9959.273219 -99999.199998
</CgPoint>
<CgPoint
 name="302"
 desc="Cogo"
>
10011.233822 9954.443209 -99999.199998
</CgPoint>
<CgPoint
 name="303"
 desc="Cogo"
>
9713.515027 10185.030470 -99999.199998
</CgPoint>
<CgPoint
 name="304"
 desc="Cogo"
>
9706.508113 10193.660287 -99999.199998
</CgPoint>
<CgPoint
 name="305"
 desc="Cogo"
>
9706.751614 10195.707091 -99999.199998
</CgPoint>
<CgPoint
 name="306"
 desc="Cogo"
>
9755.284711 10258.272017 -99999.199998
</CgPoint>
<CgPoint
 name="307"
 desc="Cogo"
>
9811.701423 10331.086662 -99999.199998
</CgPoint>
<CgPoint
 name="308"
 desc="Cogo"
>
9815.797332 10336.368173 -99999.199998
</CgPoint>
<CgPoint
 name="309"
 desc="Cogo"
>
9925.441951 10290.735481 -99999.199998
</CgPoint>
<CgPoint
 name="310"
 desc="Cogo"
>
9932.210964 10288.578577 -99999.199998
</CgPoint>
<CgPoint
 name="311"
 desc="Cogo"
>
9977.760156 10274.764150 -99999.199998
</CgPoint>
<CgPoint
 name="312"
 desc="Cogo"
>
10034.309369 10257.721115 -99999.199998
</CgPoint>
<CgPoint
 name="313"
 desc="Cogo"
>
10035.415271 10257.345615 -99999.199998
</CgPoint>
<CgPoint
 name="314"
 desc="Cogo"
>
10046.476293 10253.987508 -99999.199998
</CgPoint>
<CgPoint
 name="315"
 desc="Cogo"
>
10048.116696 10258.123816 -99999.199998
</CgPoint>
<CgPoint
 name="316"
 desc="Cogo"
>
10048.184996 10258.607817 -99999.199998
</CgPoint>
<CgPoint
 name="317"
 desc="Cogo"
>
9834.505069 10327.355355 -99999.199998
</CgPoint>
<CgPoint
 name="318"
 desc="Cogo"
>
9833.296467 10323.821348 -99999.199998
</CgPoint>
<CgPoint
 name="319"
 desc="Cogo"
>
9924.004848 10292.812086 -99999.199998
</CgPoint>
<CgPoint
 name="320"
 desc="Cogo"
>
9925.296451 10296.863594 -99999.199998
</CgPoint>
<CgPoint
 name="321"
 desc="Cogo"
>
10013.888928 9955.030310 -99999.199998
</CgPoint>
<CgPoint
 name="322"
 desc="Cogo"
>
10014.524229 9956.931414 -99999.199998
</CgPoint>
<CgPoint
 name="323"
 desc="Cogo"
>
10068.423937 10106.489613 -99999.199998
</CgPoint>
<CgPoint
 name="324"
 desc="Cogo"
>
10081.564263 10142.496385 -99999.199998
</CgPoint>
<CgPoint
 name="325"
 desc="Cogo"
>
10083.571267 10149.511799 -99999.199998
</CgPoint>
<CgPoint
 name="326"
 desc="Cogo"
>
10083.833568 10151.666303 -99999.199998
</CgPoint>
<CgPoint
 name="327"
 desc="Cogo"
>
10084.233568 10156.410113 -99999.199998
</CgPoint>
<CgPoint
 name="328"
 desc="Cogo"
>
10084.227768 10158.509517 -99999.199998
</CgPoint>
<CgPoint
 name="329"
 desc="Cogo"
>
10084.534469 10160.975422 -99999.199998
</CgPoint>
<CgPoint
 name="330"
 desc="Cogo"
>
10090.326281 10180.325861 -99999.199998
</CgPoint>
<CgPoint
 name="331"
 desc="Cogo"
>
10094.493489 10187.249674 -99999.199998
</CgPoint>
<CgPoint
 name="332"
 desc="Cogo"
>
10118.594637 10222.060744 -99999.199998
</CgPoint>
<CgPoint
 name="333"
 desc="Cogo"
>
10122.774346 10229.960260 -99999.199998
</CgPoint>
<CgPoint
 name="334"
 desc="Cogo"
>
10127.286555 10242.319185 -99999.199998
</CgPoint>
<CgPoint
 name="335"
 desc="Cogo"
>
9940.858082 9959.634719 -99999.199998
</CgPoint>
<CgPoint
 name="336"
 desc="Cogo"
>
9992.199084 9932.634165 -99999.199998
</CgPoint>
<CgPoint
 name="337"
 desc="Cogo"
>
9989.175078 9925.140350 -99999.199998
</CgPoint>
<CgPoint
 name="338"
 desc="STRIPE*"
>
9944.975590 9984.633069 4037.508275
</CgPoint>
<CgPoint
 name="339"
 desc="STRIPE*"
>
9936.870174 9988.544977 4037.508275
</CgPoint>
<CgPoint
 name="340"
 desc="STRIPE*"
>
9928.764758 9992.456785 4037.508275
</CgPoint>
<CgPoint
 name="341"
 desc="Cogo"
>
9920.659341 9996.368693 4037.508275
</CgPoint>
<CgPoint
 name="342"
 desc="STRIPE*"
>
9912.553925 10000.280501 4037.508275
</CgPoint>
<CgPoint
 name="343"
 desc="STRIPE*"
>
9904.448509 10004.192408 4037.508275
</CgPoint>
<CgPoint
 name="344"
 desc="STRIPE*"
>
9896.343093 10008.104216 4037.508275
</CgPoint>
<CgPoint
 name="345"
 desc="STRIPE*"
>
9888.237676 10012.016024 4037.508275
</CgPoint>
<CgPoint
 name="346"
 desc="STRIPE*"
>
9880.132260 10015.927932 4037.508275
</CgPoint>
<CgPoint
 name="347"
 desc="STRIPE*"
>
9872.026844 10019.839740 4037.508275
</CgPoint>
<CgPoint
 name="348"
 desc="STRIPE*"
>
9863.921428 10023.751648 4037.508275
</CgPoint>
<CgPoint
 name="349"
 desc="STRIPE*"
>
9855.816012 10027.663455 4037.508275
</CgPoint>
<CgPoint
 name="350"
 desc="STRIPE*"
>
9954.192708 10002.000804 4037.545675
</CgPoint>
<CgPoint
 name="351"
 desc="STRIPE*"
>
9946.082692 10005.903112 4037.545675
</CgPoint>
<CgPoint
 name="352"
 desc="STRIPE*"
>
9937.972676 10009.805420 4037.545675
</CgPoint>
<CgPoint
 name="353"
 desc="STRIPE*"
>
9929.862660 10013.707827 4037.545675
</CgPoint>
<CgPoint
 name="354"
 desc="STRIPE*"
>
9921.752644 10017.610135 4037.545675
</CgPoint>
<CgPoint
 name="355"
 desc="STRIPE*"
>
9913.642627 10021.512443 4037.545675
</CgPoint>
<CgPoint
 name="356"
 desc="STRIPE*"
>
9905.532611 10025.414751 4037.545675
</CgPoint>
<CgPoint
 name="357"
 desc="STRIPE*"
>
9897.422595 10029.317059 4037.545675
</CgPoint>
<CgPoint
 name="358"
 desc="STRIPE*"
>
9889.312579 10033.219366 4037.545675
</CgPoint>
<CgPoint
 name="359"
 desc="STRIPE*"
>
9881.202562 10037.121674 4037.545675
</CgPoint>
<CgPoint
 name="360"
 desc="STRIPE*"
>
9873.092546 10041.023982 4037.545675
</CgPoint>
<CgPoint
 name="361"
 desc="STRIPE*"
>
9864.982530 10044.926290 4037.545675
</CgPoint>
<CgPoint
 name="362"
 desc="STRIPE*"
>
9823.314747 10043.243086 4036.374973
</CgPoint>
<CgPoint
 name="363"
 desc="STRIPE*"
>
9815.206230 10047.148594 4036.374973
</CgPoint>
<CgPoint
 name="364"
 desc="STRIPE*"
>
9807.097814 10051.054102 4036.374973
</CgPoint>
<CgPoint
 name="365"
 desc="STRIPE*"
>
9798.989298 10054.959610 4036.374973
</CgPoint>
<CgPoint
 name="366"
 desc="STRIPE*"
>
9790.880882 10058.865118 4036.374973
</CgPoint>
<CgPoint
 name="367"
 desc="STRIPE*"
>
9782.772366 10062.770626 4036.374973
</CgPoint>
<CgPoint
 name="368"
 desc="STRIPE*"
>
9774.663949 10066.676133 4036.374973
</CgPoint>
<CgPoint
 name="369"
 desc="STRIPE*"
>
9766.555433 10070.581741 4036.374973
</CgPoint>
<CgPoint
 name="370"
 desc="STRIPE*"
>
9758.447017 10074.487249 4036.374973
</CgPoint>
<CgPoint
 name="371"
 desc="STRIPE*"
>
9750.338501 10078.392757 4036.374973
</CgPoint>
<CgPoint
 name="372"
 desc="STRIPE*"
>
9742.230084 10082.298265 4036.374973
</CgPoint>
<CgPoint
 name="373"
 desc="STRIPE*"
>
9734.121568 10086.203772 4036.374973
</CgPoint>
<CgPoint
 name="374"
 desc="STRIPE*"
>
9726.013152 10090.109280 4036.374973
</CgPoint>
<CgPoint
 name="375"
 desc="STRIPE*"
>
9717.904636 10094.014788 4036.374973
</CgPoint>
<CgPoint
 name="376"
 desc="STRIPE*"
>
9832.579265 10060.489921 4035.714571
</CgPoint>
<CgPoint
 name="377"
 desc="STRIPE*"
>
9824.466949 10064.387629 4035.714571
</CgPoint>
<CgPoint
 name="378"
 desc="STRIPE*"
>
9816.354733 10068.285237 4035.714571
</CgPoint>
<CgPoint
 name="379"
 desc="STRIPE*"
>
9808.242516 10072.182944 4035.714571
</CgPoint>
<CgPoint
 name="380"
 desc="STRIPE*"
>
9800.130200 10076.080552 4035.714571
</CgPoint>
<CgPoint
 name="381"
 desc="STRIPE*"
>
9792.017984 10079.978260 4035.714571
</CgPoint>
<CgPoint
 name="382"
 desc="STRIPE*"
>
9783.905768 10083.875868 4035.714571
</CgPoint>
<CgPoint
 name="383"
 desc="STRIPE*"
>
9775.793452 10087.773576 4035.714571
</CgPoint>
<CgPoint
 name="384"
 desc="STRIPE*"
>
9767.681235 10091.671183 4035.714571
</CgPoint>
<CgPoint
 name="385"
 desc="STRIPE*"
>
9759.569019 10095.568891 4035.714571
</CgPoint>
<CgPoint
 name="386"
 desc="STRIPE*"
>
9751.456703 10099.466499 4035.714571
</CgPoint>
<CgPoint
 name="387"
 desc="STRIPE*"
>
9743.344487 10103.364207 4035.714571
</CgPoint>
<CgPoint
 name="388"
 desc="STRIPE*"
>
9735.232270 10107.261915 4035.714571
</CgPoint>
<CgPoint
 name="389"
 desc="STRIPE*"
>
9727.119954 10111.159522 4035.714571
</CgPoint>
<CgPoint
 name="390"
 desc="STRIPE*"
>
9966.582433 10025.497251 4037.478575
</CgPoint>
<CgPoint
 name="391"
 desc="STRIPE*"
>
9958.473417 10029.401659 4037.478575
</CgPoint>
<CgPoint
 name="392"
 desc="STRIPE*"
>
9950.364401 10033.306067 4037.478575
</CgPoint>
<CgPoint
 name="393"
 desc="STRIPE*"
>
9942.255285 10037.210374 4037.478575
</CgPoint>
<CgPoint
 name="394"
 desc="STRIPE*"
>
9934.146268 10041.114782 4037.478575
</CgPoint>
<CgPoint
 name="395"
 desc="STRIPE*"
>
9926.037252 10045.019090 4037.478575
</CgPoint>
<CgPoint
 name="396"
 desc="STRIPE*"
>
9917.928236 10048.923498 4037.478575
</CgPoint>
<CgPoint
 name="397"
 desc="STRIPE*"
>
9909.819220 10052.827806 4037.478575
</CgPoint>
<CgPoint
 name="398"
 desc="STRIPE*"
>
9901.710203 10056.732213 4037.478575
</CgPoint>
<CgPoint
 name="399"
 desc="STRIPE*"
>
9893.601187 10060.636521 4037.478575
</CgPoint>
<CgPoint
 name="400"
 desc="STRIPE*"
>
9885.492171 10064.540929 4037.478575
</CgPoint>
<CgPoint
 name="401"
 desc="STRIPE*"
>
9877.383155 10068.445237 4037.478575
</CgPoint>
<CgPoint
 name="402"
 desc="STRIPE*"
>
9975.078550 10042.929486 4037.449475
</CgPoint>
<CgPoint
 name="403"
 desc="STRIPE*"
>
9966.976434 10046.848094 4037.449475
</CgPoint>
<CgPoint
 name="404"
 desc="STRIPE*"
>
9958.874318 10050.766702 4037.449475
</CgPoint>
<CgPoint
 name="405"
 desc="STRIPE*"
>
9950.772102 10054.685309 4037.449475
</CgPoint>
<CgPoint
 name="406"
 desc="STRIPE*"
>
9942.669985 10058.603917 4037.449475
</CgPoint>
<CgPoint
 name="407"
 desc="STRIPE*"
>
9934.567869 10062.522525 4037.449475
</CgPoint>
<CgPoint
 name="408"
 desc="STRIPE*"
>
9926.465653 10066.441133 4037.449475
</CgPoint>
<CgPoint
 name="409"
 desc="STRIPE*"
>
9918.363537 10070.359741 4037.449475
</CgPoint>
<CgPoint
 name="410"
 desc="STRIPE*"
>
9910.261421 10074.278349 4037.449475
</CgPoint>
<CgPoint
 name="411"
 desc="STRIPE*"
>
9902.159204 10078.196956 4037.449475
</CgPoint>
<CgPoint
 name="412"
 desc="STRIPE*"
>
9894.057088 10082.115564 4037.449475
</CgPoint>
<CgPoint
 name="413"
 desc="STRIPE*"
>
9885.954972 10086.034172 4037.449475
</CgPoint>
<CgPoint
 name="414"
 desc="STRIPE*"
>
9844.912490 10084.080568 4034.972070
</CgPoint>
<CgPoint
 name="415"
 desc="STRIPE*"
>
9836.804374 10087.986876 4034.972070
</CgPoint>
<CgPoint
 name="416"
 desc="STRIPE*"
>
9828.696357 10091.893184 4034.972070
</CgPoint>
<CgPoint
 name="417"
 desc="STRIPE*"
>
9820.588241 10095.799492 4034.972070
</CgPoint>
<CgPoint
 name="418"
 desc="STRIPE*"
>
9812.480125 10099.705799 4034.972070
</CgPoint>
<CgPoint
 name="419"
 desc="STRIPE*"
>
9804.372009 10103.612007 4034.972070
</CgPoint>
<CgPoint
 name="420"
 desc="STRIPE*"
>
9796.263993 10107.518315 4034.972070
</CgPoint>
<CgPoint
 name="421"
 desc="STRIPE*"
>
9788.155876 10111.424623 4034.972070
</CgPoint>
<CgPoint
 name="422"
 desc="STRIPE*"
>
9780.047760 10115.330931 4034.972070
</CgPoint>
<CgPoint
 name="423"
 desc="STRIPE*"
>
9771.939644 10119.237238 4034.972070
</CgPoint>
<CgPoint
 name="424"
 desc="STRIPE*"
>
9853.825908 10101.350403 4034.731069
</CgPoint>
<CgPoint
 name="425"
 desc="STRIPE*"
>
9845.712591 10105.245610 4034.731069
</CgPoint>
<CgPoint
 name="426"
 desc="STRIPE*"
>
9837.599175 10109.140918 4034.731069
</CgPoint>
<CgPoint
 name="427"
 desc="STRIPE*"
>
9829.485759 10113.036226 4034.731069
</CgPoint>
<CgPoint
 name="428"
 desc="STRIPE*"
>
9821.372343 10116.931434 4034.731069
</CgPoint>
<CgPoint
 name="429"
 desc="STRIPE*"
>
9813.258927 10120.826742 4034.731069
</CgPoint>
<CgPoint
 name="430"
 desc="STRIPE*"
>
9805.145610 10124.721949 4034.731069
</CgPoint>
<CgPoint
 name="431"
 desc="STRIPE*"
>
9797.032194 10128.617257 4034.731069
</CgPoint>
<CgPoint
 name="432"
 desc="STRIPE*"
>
9788.918778 10132.512565 4034.731069
</CgPoint>
<CgPoint
 name="433"
 desc="STRIPE*"
>
9780.805362 10136.407773 4034.731069
</CgPoint>
<CgPoint
 name="434"
 desc="BLDG DOOR"
>
10051.102787 10267.262922 4050.373301
</CgPoint>
<CgPoint
 name="435"
 desc="BLDG"
>
10099.897522 10249.506196 4051.907335
</CgPoint>
<CgPoint
 name="501"
 desc="Cogo"
>
9791.202882 10331.183762 4036.780574
</CgPoint>
<CgPoint
 name="502"
 desc="Cogo"
>
9620.400241 10110.904822 4036.780574
</CgPoint>
<CgPoint
 name="503"
 desc="Cogo"
>
9999.031698 9933.149066 4036.780574
</CgPoint>
<CgPoint
 name="504"
 desc="Cogo"
>
10107.882716 10233.142066 4036.780574
</CgPoint>
<CgPoint
 name="505"
 desc="Cogo"
>
10114.919630 10230.605961 4036.780574
</CgPoint>
<CgPoint
 name="506"
 desc="Cogo"
>
10168.152636 10377.242754 4036.780574
</CgPoint>
<CgPoint
 name="507"
 desc="Cogo"
>
9902.021304 10474.105248 4036.780574
</CgPoint>
<CgPoint
 name="600"
 desc="SET"
>
9894.006988 9982.881166 0.000000
</CgPoint>
<CgPoint
 name="601"
 desc="SET"
>
9936.580273 10065.330131 0.000000
</CgPoint>
<CgPoint
 name="602"
 desc="SET"
>
9746.673693 10156.534613 0.000000
</CgPoint>
<CgPoint
 name="603"
 desc="SET"
>
9718.635237 10189.924680 0.000000
</CgPoint>
<CgPoint
 name="5000"
 desc="BASE"
>
10000.020000 10000.020000 100.000200
</CgPoint>
</CgPoints>
<Alignments
 name="Points"
>
<Alignment
 name="Alignment31"
 desc="BLDG*"
 staStart="0.000000"
 length="185.283255"
>
<CoordGeom
>
<Line
>
<Start
 pntRef="298"
>
9977.137352 10336.879209 4054.586796
</Start>
<End
 pntRef="299"
>
9963.501733 10299.123081 4051.987239
</End>
</Line>
<Line
>
<Start
 pntRef="299"
>
9963.501733 10299.123081 4051.987239
</Start>
<End
 pntRef="300"
>
10041.581240 10270.657843 4050.108243
</End>
</Line>
<Line
>
<Start
 pntRef="300"
>
10041.581240 10270.657843 4050.108243
</Start>
<End
 pntRef="434"
>
10051.102787 10267.262922 4050.373301
</End>
</Line>
<Line
>
<Start
 pntRef="434"
>
10051.102787 10267.262922 4050.373301
</Start>
<End
 pntRef="435"
>
10099.897522 10249.506196 4051.907335
</End>
</Line>
</CoordGeom>
</Alignment>
<Alignment
 name="Alignment28"
 desc="DRAINAGE"
 staStart="0.000000"
 length="317.108142"
>
<CoordGeom
>
<Line
>
<Start
 pntRef="281"
>
9728.335942 10194.956352 4032.386755
</Start>
<End
 pntRef="282"
>
9734.202134 10203.424872 4033.212029
</End>
</Line>
<Line
>
<Start
 pntRef="282"
>
9734.202134 10203.424872 4033.212029
</Start>
<End
 pntRef="283"
>
9737.905751 10207.674280 4033.683995
</End>
</Line>
<Line
>
<Start
 pntRef="283"
>
9737.905751 10207.674280 4033.683995
</Start>
<End
 pntRef="284"
>
9741.691675 10215.450460 4034.273061
</End>
</Line>
<Line
>
<Start
 pntRef="284"
>
9741.691675 10215.450460 4034.273061
</Start>
<End
 pntRef="285"
>
9757.302279 10206.085653 4035.465249
</End>
</Line>
<Line
>
<Start
 pntRef="285"
>
9757.302279 10206.085653 4035.465249
</Start>
<End
 pntRef="286"
>
9762.487569 10207.554501 4035.616447
</End>
</Line>
<Line
>
<Start
 pntRef="286"
>
9762.487569 10207.554501 4035.616447
</Start>
<End
 pntRef="287"
>
9771.094732 10206.713569 4035.711991
</End>
</Line>
<Line
>
<Start
 pntRef="287"
>
9771.094732 10206.713569 4035.711991
</Start>
<End
 pntRef="288"
>
9776.889530 10204.771443 4035.785159
</End>
</Line>
<Line
>
<Start
 pntRef="288"
>
9776.889530 10204.771443 4035.785159
</Start>
<End
 pntRef="289"
>
9784.635304 10195.441078 4035.916131
</End>
</Line>
<Line
>
<Start
 pntRef="289"
>
9784.635304 10195.441078 4035.916131
</Start>
<End
 pntRef="290"
>
9782.574823 10180.343735 4036.023557
</End>
</Line>
<Line
>
<Start
 pntRef="290"
>
9782.574823 10180.343735 4036.023557
</Start>
<End
 pntRef="291"
>
9784.668192 10176.624233 4035.982131
</End>
</Line>
<Line
>
<Start
 pntRef="291"
>
9784.668192 10176.624233 4035.982131
</Start>
<End
 pntRef="292"
>
9812.075907 10164.657436 4035.945335
</End>
</Line>
<Line
>
<Start
 pntRef="292"
>
9812.075907 10164.657436 4035.945335
</Start>
<End
 pntRef="293"
>
9835.158827 10153.576242 4036.006310
</End>
</Line>
<Line
>
<Start
 pntRef="293"
>
9835.158827 10153.576242 4036.006310
</Start>
<End
 pntRef="294"
>
9891.327223 10129.174321 4036.446185
</End>
</Line>
<Line
>
<Start
 pntRef="294"
>
9891.327223 10129.174321 4036.446185
</Start>
<End
 pntRef="295"
>
9936.607577 10104.035013 4036.987789
</End>
</Line>
<Line
>
<Start
 pntRef="295"
>
9936.607577 10104.035013 4036.987789
</Start>
<End
 pntRef="296"
>
9953.729483 10094.716964 4036.744712
</End>
</Line>
<Line
>
<Start
 pntRef="296"
>
9953.729483 10094.716964 4036.744712
</Start>
<End
 pntRef="297"
>
9941.084083 10062.617939 4036.170896
</End>
</Line>
</CoordGeom>
</Alignment>
</Alignments>
</LandXML>
