<?xml version="1.0"?>
<LandXML xmlns="http://www.landxml.org/schema/LandXML-1.0"  xmlns:xsi="http://www.w3.org/2001/XMLSchema-instance" xsi:schemaLocation="http://www.landxml.org/schema/LandXML-1.0 http://www.landxml.org/schema/LandXML-1.0/LandXML-1.0.xsd" version="1.0" date="2008-06-10" time="10:12:17" readOnly="false" language="English">
<Project name="528-08 NELSON.job"/>
<Units>
<Imperial linearUnit="foot" areaUnit="squareFoot" volumeUnit="cubicFeet" temperatureUnit="fahrenheit" pressureUnit="inchHG" angularUnit="decimal degrees" directionUnit="decimal degrees"/>
</Units>
<Application name="Survey Pro" manufacturer="Tripod Data Systems" version="4.0" manufacturerURL="www.tdsway.com"/>
<CgPoints
 name="Points"
>
<CgPoint
 name="1"
 desc="5939 CNRTL POINT"
>
5225.488409 5454.082702 106.561443
</CgPoint>
<CgPoint
 name="2"
 desc="1&quot;IPF 1/4CORNER"
>
4937.802091 5850.040712 100.812838
</CgPoint>
<CgPoint
 name="3"
 desc="5/8&quot;IRF 8473"
>
4940.062211 5024.924951 98.489409
</CgPoint>
<CgPoint
 name="4"
 desc="5/8&quot;IRF 8473"
>
5338.635932 4872.437619 122.883800
</CgPoint>
<CgPoint
 name="5"
 desc="5/8&quot;IRF"
>
5592.610896 4868.357321 139.917642
</CgPoint>
<CgPoint
 name="6"
 desc="5/8&quot;IRF"
>
5591.910862 4823.510095 138.832425
</CgPoint>
<CgPoint
 name="7"
 desc="3/4&quot;IPF"
>
5589.786912 4688.327820 134.228695
</CgPoint>
<CgPoint
 name="50"
 desc="BASE"
>
5000.010000 5000.010000 100.000200
</CgPoint>
<CgPoint
 name="500"
 desc="COGO"
>
4940.061880 5025.042150 -4141.075682
</CgPoint>
<CgPoint
 name="501"
 desc="COGO"
>
4940.513881 4860.042420 -4141.075682
</CgPoint>
<CgPoint
 name="502"
 desc="COGO"
>
5600.512801 4861.850224 -4141.075682
</CgPoint>
<CgPoint
 name="503"
 desc="COGO"
>
5600.060800 5026.849954 -4141.075682
</CgPoint>
<CgPoint
 name="504"
 desc="COGO"
>
4940.705581 4790.042580 0.000000
</CgPoint>
<CgPoint
 name="505"
 desc="COGO"
>
5334.704869 4791.121782 0.000000
</CgPoint>
<CgPoint
 name="506"
 desc="COGO"
>
5335.629271 4692.462385 0.000000
</CgPoint>
<CgPoint
 name="507"
 desc="COGO"
>
5507.757416 4689.696979 0.000000
</CgPoint>
<CgPoint
 name="508"
 desc="COGO"
>
5510.012420 4824.678449 0.000000
</CgPoint>
<CgPoint
 name="509"
 desc="COGO"
>
5452.019804 4825.610951 0.000000
</CgPoint>
<CgPoint
 name="510"
 desc="COGO"
>
5452.771406 4870.604741 0.000000
</CgPoint>
<CgPoint
 name="511"
 desc="COGO"
>
4964.541029 5867.567235 0.000000
</CgPoint>
<CgPoint
 name="512"
 desc="COGO"
>
5337.466675 4802.447205 0.000000
</CgPoint>
<CgPoint
 name="616"
 desc="CP NAIL SET"
>
4967.324935 4995.673991 99.265199
</CgPoint>
<CgPoint
 name="617"
 desc="CP NAIL SET"
>
5044.693089 4717.242434 99.651199
</CgPoint>
<CgPoint
 name="618"
 desc="USBR ALUM CAP FN"
>
5006.692013 4981.869964 100.125200
</CgPoint>
<CgPoint
 name="700"
 desc="1/4 COR"
>
4937.802091 5850.040712 100.812838
</CgPoint>
<CgPoint
 name="701"
 desc="SECNR S.34"
>
4931.477221 8159.130722 124.082885
</CgPoint>
<CgPoint
 name="702"
 desc="CP 1/2&quot; REBAR 59"
>
5224.369893 5453.248367 106.262849
</CgPoint>
<CgPoint
 name="800"
 desc="1/2&quot; REB 12129"
>
4990.177166 4790.231512 98.170344
</CgPoint>
<CgPoint
 name="1000"
 desc="TBC"
>
5602.608617 4837.610332 139.199302
</CgPoint>
<CgPoint
 name="1001"
 desc="GUTR"
>
5603.464899 4837.399971 138.727105
</CgPoint>
<CgPoint
 name="1002"
 desc="LIP"
>
5604.620558 4837.281075 138.768311
</CgPoint>
<CgPoint
 name="1003"
 desc="CL RD"
>
5617.411629 4838.100445 138.825238
</CgPoint>
<CgPoint
 name="1004"
 desc="LIP"
>
5630.479393 4837.501863 138.855701
</CgPoint>
<CgPoint
 name="1005"
 desc="GUTR"
>
5631.776682 4837.525690 138.866622
</CgPoint>
<CgPoint
 name="1006"
 desc="N.TBC"
>
5632.625157 4837.535072 139.202911
</CgPoint>
<CgPoint
 name="1007"
 desc="CL RD"
>
5618.584197 4881.746001 139.459065
</CgPoint>
<CgPoint
 name="1008"
 desc="TBC"
>
5603.372440 4882.047122 139.888455
</CgPoint>
<CgPoint
 name="1009"
 desc="TBC"
>
5603.975403 4921.832801 140.482813
</CgPoint>
<CgPoint
 name="1010"
 desc="CL RD"
>
5619.156442 4921.210214 140.127896
</CgPoint>
<CgPoint
 name="1011"
 desc="CL RD"
>
5619.959527 4965.752214 140.509045
</CgPoint>
<CgPoint
 name="1012"
 desc="TBC"
>
5604.729260 4966.295277 141.050753
</CgPoint>
<CgPoint
 name="1013"
 desc="TBC STD-RO TYPE"
>
5605.572395 5011.056127 141.569725
</CgPoint>
<CgPoint
 name="1014"
 desc="RO GUTR"
>
5606.734133 5011.202330 141.256583
</CgPoint>
<CgPoint
 name="1015"
 desc="RO LIP"
>
5608.197335 5011.153611 141.236741
</CgPoint>
<CgPoint
 name="1016"
 desc="STD LIP"
>
5607.659010 5011.071039 141.208531
</CgPoint>
<CgPoint
 name="1017"
 desc="CL RD"
>
5621.951650 5010.013152 140.914965
</CgPoint>
<CgPoint
 name="1018"
 desc="CL RD"
>
5621.951433 5034.536882 141.663055
</CgPoint>
<CgPoint
 name="1019"
 desc="PVMT"
>
5622.368409 5022.844531 141.441345
</CgPoint>
<CgPoint
 name="1020"
 desc="PVMT"
>
5609.841066 5025.508012 141.484094
</CgPoint>
<CgPoint
 name="1021"
 desc="RO LIP"
>
5608.213473 5011.877421 141.349186
</CgPoint>
<CgPoint
 name="1022"
 desc="RO LIP"
>
5607.188389 5018.025843 141.527913
</CgPoint>
<CgPoint
 name="1023"
 desc="RO LIP"
>
5605.626033 5021.816619 141.621458
</CgPoint>
<CgPoint
 name="1024"
 desc="RO LIP"
>
5604.195680 5023.677698 141.575610
</CgPoint>
<CgPoint
 name="1025"
 desc="RO LIP"
>
5601.923882 5024.858476 141.669267
</CgPoint>
<CgPoint
 name="1026"
 desc="RO LIP"
>
5587.266355 5028.189231 141.671292
</CgPoint>
<CgPoint
 name="1027"
 desc="RO LIP"
>
5570.926122 5029.560430 141.719445
</CgPoint>
<CgPoint
 name="1028"
 desc="TBC RO"
>
5605.372084 5014.246713 141.706036
</CgPoint>
<CgPoint
 name="1029"
 desc="TBC RO"
>
5604.826359 5017.253203 141.802124
</CgPoint>
<CgPoint
 name="1030"
 desc="TBC RO"
>
5603.166341 5020.659892 141.927453
</CgPoint>
<CgPoint
 name="1031"
 desc="TBC RO"
>
5601.032436 5022.585734 141.884324
</CgPoint>
<CgPoint
 name="1032"
 desc="TBC RO"
>
5600.785175 5022.518457 141.844543
</CgPoint>
<CgPoint
 name="1033"
 desc="TBC RO"
>
5586.141577 5025.602852 141.908280
</CgPoint>
<CgPoint
 name="1034"
 desc="TBC RO"
>
5570.857510 5026.983601 142.055991
</CgPoint>
<CgPoint
 name="1035"
 desc="CL RD"
>
5592.933560 5036.320366 141.881801
</CgPoint>
<CgPoint
 name="1036"
 desc="CL RD"
>
5586.827061 5036.758371 141.890006
</CgPoint>
<CgPoint
 name="1037"
 desc="LIP RO"
>
5587.542636 5045.091512 142.035905
</CgPoint>
<CgPoint
 name="1038"
 desc="GUTR"
>
5587.848975 5046.633102 142.028575
</CgPoint>
<CgPoint
 name="1039"
 desc="E.TBC"
>
5588.045498 5047.741712 142.376472
</CgPoint>
<CgPoint
 name="1040"
 desc="CL RD"
>
5541.714174 5039.216018 141.844658
</CgPoint>
<CgPoint
 name="1041"
 desc="TBC RO"
>
5541.174303 5028.314310 142.088239
</CgPoint>
<CgPoint
 name="1042"
 desc="TBC RO"
>
5500.652507 5030.076503 142.180661
</CgPoint>
<CgPoint
 name="1043"
 desc="CL RD"
>
5500.566954 5040.974317 141.957903
</CgPoint>
<CgPoint
 name="1044"
 desc="CL RD"
>
5456.657816 5042.848190 142.131697
</CgPoint>
<CgPoint
 name="1045"
 desc="TBC RO"
>
5456.025591 5031.917714 142.389149
</CgPoint>
<CgPoint
 name="1046"
 desc="TBC RO"
>
5422.026557 5033.442729 142.602711
</CgPoint>
<CgPoint
 name="1047"
 desc="RO LIP"
>
5422.100141 5035.815212 142.178189
</CgPoint>
<CgPoint
 name="1048"
 desc="RO LIP"
>
5413.279026 5040.139542 142.391610
</CgPoint>
<CgPoint
 name="1049"
 desc="TBC RO"
>
5411.406691 5038.483741 142.701104
</CgPoint>
<CgPoint
 name="1050"
 desc="TBC RO"
>
5407.536068 5048.401563 142.757921
</CgPoint>
<CgPoint
 name="1051"
 desc="RO LIP"
>
5410.137324 5048.460054 142.495277
</CgPoint>
<CgPoint
 name="1052"
 desc="CL RD"
>
5422.722942 5049.875656 142.479888
</CgPoint>
<CgPoint
 name="1053"
 desc="CL SMH"
>
5425.176498 5041.234706 142.405112
</CgPoint>
<CgPoint
 name="1054"
 desc="N.RIM"
>
5426.260898 5041.110662 142.358053
</CgPoint>
<CgPoint
 name="1055"
 desc="CONC"
>
5427.116406 5043.277833 142.472356
</CgPoint>
<CgPoint
 name="1056"
 desc="CONC"
>
5426.969097 5038.896124 142.241039
</CgPoint>
<CgPoint
 name="1057"
 desc="CONC"
>
5422.774779 5038.959212 142.301630
</CgPoint>
<CgPoint
 name="1058"
 desc="CONC"
>
5422.685292 5043.466388 142.532046
</CgPoint>
<CgPoint
 name="1059"
 desc="CL SMH"
>
5611.096017 5041.268936 142.001878
</CgPoint>
<CgPoint
 name="1060"
 desc="N.RIM"
>
5612.112931 5041.301535 141.978296
</CgPoint>
<CgPoint
 name="3000"
 desc="BANK"
>
4989.886034 4784.599101 97.228616
</CgPoint>
<CgPoint
 name="3001"
 desc="BANK"
>
4983.728274 4809.134410 97.429447
</CgPoint>
<CgPoint
 name="3002"
 desc="BANK"
>
4974.870615 4838.043904 98.410072
</CgPoint>
<CgPoint
 name="3003"
 desc="BANK"
>
4971.299740 4855.026229 98.420851
</CgPoint>
<CgPoint
 name="3004"
 desc="CONC DRAIN TC"
>
4969.042962 4855.579960 98.276166
</CgPoint>
<CgPoint
 name="3005"
 desc="CONC DRAIN TC"
>
4970.637919 4855.633567 98.633313
</CgPoint>
<CgPoint
 name="3006"
 desc="CONC DRAIN TC"
>
4979.076574 4855.761787 99.420154
</CgPoint>
<CgPoint
 name="3007"
 desc="CONC DRAIN TC"
>
5019.029173 4855.684199 100.054448
</CgPoint>
<CgPoint
 name="3008"
 desc="CONC DRAIN TC"
>
5019.331827 4855.630136 99.991674
</CgPoint>
<CgPoint
 name="3009"
 desc="CONC DRAIN TC"
>
5023.619608 4852.638305 99.800413
</CgPoint>
<CgPoint
 name="3010"
 desc="DRAIN LIP"
>
5024.043958 4854.717481 99.548731
</CgPoint>
<CgPoint
 name="3011"
 desc="DRAIN LIP CL"
>
5023.295270 4859.061593 99.578917
</CgPoint>
<CgPoint
 name="3012"
 desc="DRAIN LIP"
>
5022.405249 4865.313725 99.533309
</CgPoint>
<CgPoint
 name="3013"
 desc="CONC DRAIN TC"
>
5021.533591 4867.590587 99.786664
</CgPoint>
<CgPoint
 name="3014"
 desc="CONC DRAIN TC"
>
5018.863422 4863.202460 100.010075
</CgPoint>
<CgPoint
 name="3015"
 desc="CONC DRAIN TC"
>
5018.221211 4863.214708 100.093687
</CgPoint>
<CgPoint
 name="3016"
 desc="FL"
>
5019.348745 4862.396040 99.490031
</CgPoint>
<CgPoint
 name="3017"
 desc="FL"
>
5019.491848 4856.503999 99.421072
</CgPoint>
<CgPoint
 name="3018"
 desc="CL"
>
5018.584028 4859.438741 99.429096
</CgPoint>
<CgPoint
 name="3019"
 desc="CONC DRAIN TC"
>
4978.166643 4863.137720 99.397748
</CgPoint>
<CgPoint
 name="3020"
 desc="FL"
>
4978.110194 4861.942014 98.660381
</CgPoint>
<CgPoint
 name="3021"
 desc="CL"
>
4978.313918 4859.189121 98.550413
</CgPoint>
<CgPoint
 name="3022"
 desc="FL"
>
4978.371056 4856.663195 98.654654
</CgPoint>
<CgPoint
 name="3023"
 desc="CONC DRAIN TC"
>
4969.030394 4863.032969 98.499344
</CgPoint>
<CgPoint
 name="3024"
 desc="FL"
>
4969.063430 4862.049031 97.840323
</CgPoint>
<CgPoint
 name="3025"
 desc="CL"
>
4968.935338 4859.600566 97.624903
</CgPoint>
<CgPoint
 name="3026"
 desc="FL"
>
4970.566847 4856.598564 97.937564
</CgPoint>
<CgPoint
 name="3027"
 desc="CL STONEWELL"
>
5005.317548 4915.612004 102.000397
</CgPoint>
<CgPoint
 name="3028"
 desc="RAD"
>
5001.926403 4915.567378 101.892662
</CgPoint>
<CgPoint
 name="3029"
 desc="EOP"
>
5000.345801 5062.404529 99.972954
</CgPoint>
<CgPoint
 name="3030"
 desc="EOP"
>
5009.161982 4999.502517 100.120115
</CgPoint>
<CgPoint
 name="3031"
 desc="EOP"
>
5009.748014 4999.638447 100.160594
</CgPoint>
<CgPoint
 name="3032"
 desc="STRIPE"
>
5007.336517 5030.593555 100.159868
</CgPoint>
<CgPoint
 name="3033"
 desc="STRIPE"
>
5017.229463 4955.263192 100.257303
</CgPoint>
<CgPoint
 name="3034"
 desc="EOP"
>
5015.429266 4955.005976 100.211974
</CgPoint>
<CgPoint
 name="3035"
 desc="EOP"
>
5020.318325 4915.558167 100.132771
</CgPoint>
<CgPoint
 name="3036"
 desc="STRIPE"
>
5022.282359 4915.792004 100.198241
</CgPoint>
<CgPoint
 name="3037"
 desc="EOP"
>
5029.211002 4843.125570 99.994613
</CgPoint>
<CgPoint
 name="3038"
 desc="STRIPE"
>
5031.518745 4843.498469 100.040380
</CgPoint>
<CgPoint
 name="3039"
 desc="STRIPE"
>
5037.569360 4796.655252 100.001437
</CgPoint>
<CgPoint
 name="3040"
 desc="EOP"
>
5035.868198 4796.485820 99.939039
</CgPoint>
<CgPoint
 name="3041"
 desc="EOP"
>
5061.668633 4820.056984 100.425007
</CgPoint>
<CgPoint
 name="3042"
 desc="STRIPE"
>
5057.021772 4832.514246 100.417476
</CgPoint>
<CgPoint
 name="3043"
 desc="STRIPE"
>
5051.075822 4879.651321 100.259884
</CgPoint>
<CgPoint
 name="3044"
 desc="EOP"
>
5053.846426 4880.222815 100.254379
</CgPoint>
<CgPoint
 name="3045"
 desc="DRIVE"
>
5053.348403 4885.992656 100.226614
</CgPoint>
<CgPoint
 name="3046"
 desc="DRIVE"
>
5051.671896 4900.775462 100.248724
</CgPoint>
<CgPoint
 name="3047"
 desc="EOP"
>
5050.367364 4908.311169 100.267654
</CgPoint>
<CgPoint
 name="3048"
 desc="STRIPE"
>
5047.424142 4908.352992 100.379576
</CgPoint>
<CgPoint
 name="3049"
 desc="STRIPE"
>
5040.219987 4963.858466 100.344779
</CgPoint>
<CgPoint
 name="3050"
 desc="EOP"
>
5043.095459 4964.457633 100.288441
</CgPoint>
<CgPoint
 name="3051"
 desc="RETWALL"
>
5050.201333 4980.761060 100.939813
</CgPoint>
<CgPoint
 name="3052"
 desc="RETWALL"
>
5049.248514 4980.765841 100.809845
</CgPoint>
<CgPoint
 name="3053"
 desc="DRIVE"
>
5048.790897 4980.752371 100.608413
</CgPoint>
<CgPoint
 name="3054"
 desc="DRIVE"
>
5044.718123 5012.766217 100.560687
</CgPoint>
<CgPoint
 name="3055"
 desc="EOP"
>
5035.947836 5025.143011 100.296073
</CgPoint>
<CgPoint
 name="3056"
 desc="STRIPE"
>
5032.284629 5024.652340 100.359145
</CgPoint>
<CgPoint
 name="3057"
 desc="STRIPE"
>
5029.333215 5046.941844 100.356702
</CgPoint>
<CgPoint
 name="3058"
 desc="EOP"
>
5032.531818 5047.456619 100.351440
</CgPoint>
<CgPoint
 name="3059"
 desc="STUCCWALL"
>
5062.242659 5028.966913 101.372662
</CgPoint>
<CgPoint
 name="3060"
 desc="STUCCWALL"
>
5061.384117 5028.494162 101.308178
</CgPoint>
<CgPoint
 name="3061"
 desc="STUCCWALL"
>
5061.322567 5028.336123 101.252952
</CgPoint>
<CgPoint
 name="3062"
 desc="STUCCWALL"
>
5061.549799 5026.633503 101.193777
</CgPoint>
<CgPoint
 name="3063"
 desc="STUCCWALL"
>
5072.904668 5027.216439 101.247409
</CgPoint>
<CgPoint
 name="3064"
 desc="STUCCWALL"
>
5072.690040 5028.032854 101.562908
</CgPoint>
<CgPoint
 name="3065"
 desc="STUCCWALL"
>
5062.601281 5027.903476 101.514033
</CgPoint>
<CgPoint
 name="3066"
 desc="STUCCWALL"
>
5062.496074 5028.854744 101.419802
</CgPoint>
<CgPoint
 name="3067"
 desc="ROCKWALL"
>
5072.653539 5026.878985 104.494116
</CgPoint>
<CgPoint
 name="3068"
 desc="GAS MTR"
>
5072.661654 5026.517461 102.585607
</CgPoint>
<CgPoint
 name="3069"
 desc="ROCKWALL"
>
5073.565713 5018.097855 101.016536
</CgPoint>
<CgPoint
 name="3070"
 desc="ROCKWALL"
>
5073.529122 5015.615239 102.366746
</CgPoint>
<CgPoint
 name="3071"
 desc="ROCKWALL"
>
5044.873609 5014.271547 101.924008
</CgPoint>
<CgPoint
 name="3072"
 desc="ROCKWALL"
>
5044.889015 5012.862187 101.993662
</CgPoint>
<CgPoint
 name="3073"
 desc="ROCKWALL"
>
5046.509598 5012.971430 102.063237
</CgPoint>
<CgPoint
 name="3074"
 desc="ROCKWALL"
>
5046.455368 5013.400806 102.347965
</CgPoint>
<CgPoint
 name="3075"
 desc="ROCKWALL"
>
5074.023666 5014.608880 102.799771
</CgPoint>
<CgPoint
 name="3076"
 desc="ROCKWALL"
>
5075.579335 4999.377968 101.920100
</CgPoint>
<CgPoint
 name="3077"
 desc="ROCKWALL"
>
5076.537630 4999.789863 102.202807
</CgPoint>
<CgPoint
 name="3078"
 desc="ROCKWALL"
>
5075.252792 5012.802504 102.446492
</CgPoint>
<CgPoint
 name="3079"
 desc="ROCKWALL"
>
5075.020723 5014.831845 103.138786
</CgPoint>
<CgPoint
 name="3080"
 desc="ROCKWALL"
>
5079.496376 5015.274828 102.361527
</CgPoint>
<CgPoint
 name="3081"
 desc="CONC"
>
5087.805821 5010.572300 102.234546
</CgPoint>
<CgPoint
 name="3082"
 desc="CONC"
>
5088.126957 5006.764883 102.229106
</CgPoint>
<CgPoint
 name="3083"
 desc="CONC"
>
5089.578462 5006.848146 102.356898
</CgPoint>
<CgPoint
 name="3084"
 desc="CONC"
>
5089.003993 5005.370026 102.330693
</CgPoint>
<CgPoint
 name="3085"
 desc="CONC"
>
5076.767671 4999.965295 102.117893
</CgPoint>
<CgPoint
 name="3086"
 desc="RETWALL"
>
5052.683401 4955.600531 99.995035
</CgPoint>
<CgPoint
 name="3087"
 desc="RETWALL"
>
5058.816603 4908.578991 99.921589
</CgPoint>
<CgPoint
 name="3088"
 desc="GAS MTR"
>
5058.824027 4902.105520 99.630512
</CgPoint>
<CgPoint
 name="3089"
 desc="RETWALL DRIVE"
>
5059.641158 4901.968233 99.992125
</CgPoint>
<CgPoint
 name="3090"
 desc="DRIVE POL"
>
5065.495916 4902.478846 100.110429
</CgPoint>
<CgPoint
 name="3091"
 desc="RETWALL"
>
5060.599033 4902.033754 99.943473
</CgPoint>
<CgPoint
 name="3092"
 desc="0.5HCURB DRIVE"
>
5061.262559 4886.856716 99.750893
</CgPoint>
<CgPoint
 name="3093"
 desc="0.5HCURB"
>
5061.542203 4883.705888 99.726776
</CgPoint>
<CgPoint
 name="3094"
 desc="ROCKWALL"
>
5061.500852 4883.645264 99.719921
</CgPoint>
<CgPoint
 name="3095"
 desc="ROCKWALL"
>
5061.745090 4881.542880 99.784771
</CgPoint>
<CgPoint
 name="3096"
 desc="ROCKWALL"
>
5073.997008 4882.487679 100.213957
</CgPoint>
<CgPoint
 name="3097"
 desc="ROCKWALL"
>
5073.915413 4883.353891 100.188026
</CgPoint>
<CgPoint
 name="3098"
 desc="ROCKWALL"
>
5063.755515 4882.657450 101.855684
</CgPoint>
<CgPoint
 name="3099"
 desc="ROCKWALL"
>
5063.604679 4883.722769 101.782516
</CgPoint>
<CgPoint
 name="3100"
 desc="ROCKWALL"
>
5061.625787 4883.634301 101.680661
</CgPoint>
<CgPoint
 name="3101"
 desc="CONC POL"
>
5084.119428 4880.608231 100.245399
</CgPoint>
<CgPoint
 name="3102"
 desc="CONC"
>
5074.249448 4879.546109 100.133219
</CgPoint>
<CgPoint
 name="3103"
 desc="CONC"
>
5073.452568 4888.497896 100.146397
</CgPoint>
<CgPoint
 name="3104"
 desc="CONC DRIVE"
>
5065.164904 4887.428252 100.013819
</CgPoint>
<CgPoint
 name="3105"
 desc="ROCKWALL"
>
5066.059879 4853.879588 101.565121
</CgPoint>
<CgPoint
 name="3106"
 desc="ROCKWALL"
>
5064.783524 4861.911053 101.266306
</CgPoint>
<CgPoint
 name="3107"
 desc="ROCKWALL"
>
5064.297395 4861.983024 101.394493
</CgPoint>
<CgPoint
 name="3108"
 desc="ROCKWALL"
>
5064.178932 4863.769552 101.680333
</CgPoint>
<CgPoint
 name="3109"
 desc="ROCKWALL"
>
5066.073540 4863.831922 102.124341
</CgPoint>
<CgPoint
 name="3110"
 desc="ROCKWALL"
>
5066.100168 4863.438273 101.880765
</CgPoint>
<CgPoint
 name="3111"
 desc="ROCKWALL"
>
5094.316686 4863.640159 101.877671
</CgPoint>
<CgPoint
 name="3112"
 desc="ROCKWALL"
>
5094.241160 4862.782415 101.911807
</CgPoint>
<CgPoint
 name="3113"
 desc="ROCKWALL"
>
5066.058752 4862.344944 102.040776
</CgPoint>
<CgPoint
 name="3114"
 desc="ROCKWALL"
>
5066.032892 4861.978682 102.161298
</CgPoint>
<CgPoint
 name="3115"
 desc="ROCKWALL"
>
5065.669120 4861.961029 101.549668
</CgPoint>
<CgPoint
 name="3116"
 desc="ROCKWALL"
>
5067.108291 4852.700488 101.500303
</CgPoint>
<CgPoint
 name="3117"
 desc="CONC"
>
5053.659379 4955.575389 99.895569
</CgPoint>
<CgPoint
 name="3118"
 desc="BANK"
>
4930.908758 5022.809176 97.365681
</CgPoint>
<CgPoint
 name="3119"
 desc="BANK"
>
4939.551093 4982.716959 97.576845
</CgPoint>
<CgPoint
 name="3120"
 desc="BANK"
>
4945.996414 4956.846709 96.964029
</CgPoint>
<CgPoint
 name="3121"
 desc="BANK"
>
4953.560041 4924.731794 97.131167
</CgPoint>
<CgPoint
 name="3122"
 desc="BANK"
>
4957.987297 4903.190779 97.219447
</CgPoint>
<CgPoint
 name="3123"
 desc="HOUSE/WALL"
>
5090.606681 5026.408259 106.570007
</CgPoint>
<CgPoint
 name="3124"
 desc="HOUSE"
>
5091.080466 5007.227573 108.341514
</CgPoint>
<CgPoint
 name="3125"
 desc="CAR PORT"
>
5089.705905 4992.208873 109.435798
</CgPoint>
<CgPoint
 name="3126"
 desc="CAR PORT POL"
>
5089.527156 4983.666472 109.364537
</CgPoint>
<CgPoint
 name="3127"
 desc="CAR PORT/HOUSE"
>
5109.751871 4982.490276 109.235389
</CgPoint>
<CgPoint
 name="3128"
 desc="HOUSE"
>
5099.117306 5007.349519 109.382365
</CgPoint>
<CgPoint
 name="3129"
 desc="HOUSE"
>
5103.123508 4992.462948 106.756542
</CgPoint>
<CgPoint
 name="3130"
 desc="HOUSE POL"
>
5109.571523 4990.933379 106.862619
</CgPoint>
<CgPoint
 name="3131"
 desc="HOUSE"
>
5109.879696 4978.494288 102.324336
</CgPoint>
<CgPoint
 name="3132"
 desc="HOUSE POL"
>
5117.995393 4959.637925 104.844231
</CgPoint>
<CgPoint
 name="3133"
 desc="HOUSE POL"
>
5109.970350 4958.799726 104.580102
</CgPoint>
<CgPoint
 name="3134"
 desc="HOUSE/WALL"
>
5079.500123 4963.487470 102.205122
</CgPoint>
<CgPoint
 name="3135"
 desc="HOUSE POL"
>
5071.766066 4962.789004 107.180626
</CgPoint>
<CgPoint
 name="3136"
 desc="HOUSE POL"
>
5068.992952 4959.589859 105.897020
</CgPoint>
<CgPoint
 name="3137"
 desc="HOUSE"
>
5071.032935 4937.717018 102.144686
</CgPoint>
<CgPoint
 name="3138"
 desc="HOUSE"
>
5069.384352 4937.518866 102.172534
</CgPoint>
<CgPoint
 name="3139"
 desc="HOUSE"
>
5070.904678 4920.846079 102.857244
</CgPoint>
<CgPoint
 name="3140"
 desc="HOUSE"
>
5070.160380 4920.788268 103.754643
</CgPoint>
<CgPoint
 name="3141"
 desc="HOUSE POL"
>
5071.681490 4902.517957 101.565260
</CgPoint>
<CgPoint
 name="3142"
 desc="HOUSE POL"
>
5076.278970 4898.173397 101.683622
</CgPoint>
<CgPoint
 name="3143"
 desc="HOUSE POL"
>
5077.140151 4888.329591 104.766285
</CgPoint>
<CgPoint
 name="3144"
 desc="ALUM SHED CNR"
>
5143.113363 4955.050982 105.526712
</CgPoint>
<CgPoint
 name="3145"
 desc="ALUM SHED POL"
>
5155.175663 4955.312521 103.605211
</CgPoint>
<CgPoint
 name="3146"
 desc="LINK FNC"
>
5155.843926 4955.346236 103.600341
</CgPoint>
<CgPoint
 name="3147"
 desc="OHE UP"
>
5077.402370 4742.412015 139.553395
</CgPoint>
<CgPoint
 name="3148"
 desc="OHE UP"
>
5057.480415 4880.643411 134.916149
</CgPoint>
<CgPoint
 name="3149"
 desc="OHE UP"
>
5037.320335 5047.606090 134.760699
</CgPoint>
<CgPoint
 name="3150"
 desc="OHE UP"
>
5016.757432 5209.582168 134.418268
</CgPoint>
<CgPoint
 name="3151"
 desc="OHE UP"
>
4956.104402 5029.132350 107.952855
</CgPoint>
<CgPoint
 name="3152"
 desc="OHE UP"
>
5037.384340 5047.695712 126.733960
</CgPoint>
<CgPoint
 name="3153"
 desc="OHE UP"
>
5142.451947 5036.117416 120.196119
</CgPoint>
</CgPoints>
<Alignments
 name="Points"
>
<Alignment
 name="Alignment22574"
 desc="CONC*"
 staStart="0.000000"
 length="54.970497"
>
<CoordGeom
>
<Line
>
<Start
 pntRef="3013"
>
5021.533591 4867.590587 99.786664
</Start>
<End
 pntRef="3014"
>
5018.863422 4863.202460 100.010075
</End>
</Line>
<Line
>
<Start
 pntRef="3014"
>
5018.863422 4863.202460 100.010075
</Start>
<End
 pntRef="3015"
>
5018.221211 4863.214708 100.093687
</End>
</Line>
<Line
>
<Start
 pntRef="3015"
>
5018.221211 4863.214708 100.093687
</Start>
<End
 pntRef="3019"
>
4978.166643 4863.137720 99.397748
</End>
</Line>
<Line
>
<Start
 pntRef="3019"
>
4978.166643 4863.137720 99.397748
</Start>
<End
 pntRef="3023"
>
4969.030394 4863.032969 98.499344
</End>
</Line>
</CoordGeom>
</Alignment>
<Alignment
 name="Alignment22568"
 desc="CONC*"
 staStart="0.000000"
 length="13.087041"
>
<CoordGeom
>
<Line
>
<Start
 pntRef="1055"
>
5427.116406 5043.277833 142.472356
</Start>
<End
 pntRef="1056"
>
5426.969097 5038.896124 142.241039
</End>
</Line>
<Line
>
<Start
 pntRef="1056"
>
5426.969097 5038.896124 142.241039
</Start>
<End
 pntRef="1057"
>
5422.774779 5038.959212 142.301630
</End>
</Line>
<Line
>
<Start
 pntRef="1057"
>
5422.774779 5038.959212 142.301630
</Start>
<End
 pntRef="1058"
>
5422.685292 5043.466388 142.532046
</End>
</Line>
</CoordGeom>
</Alignment>
<Alignment
 name="Alignment22566"
 desc="RO LIP"
 staStart="0.000000"
 length="18.717933"
>
<CoordGeom
>
<Line
>
<Start
 pntRef="1047"
>
5422.100141 5035.815212 142.178189
</Start>
<End
 pntRef="1048"
>
5413.279026 5040.139542 142.391610
</End>
</Line>
<Line
>
<Start
 pntRef="1048"
>
5413.279026 5040.139542 142.391610
</Start>
<End
 pntRef="1051"
>
5410.137324 5048.460054 142.495277
</End>
</Line>
</CoordGeom>
</Alignment>
<Alignment
 name="Alignment22564"
 desc="RO LIP"
 staStart="0.000000"
 length="46.759724"
>
<CoordGeom
>
<Curve
 rot="cw"
>
<Start
 pntRef="1021"
>
5608.213473 5011.877421 141.349186
</Start>
<Center
>
5585.279301 5011.213430
</Center>
<End
 pntRef="1023"
>
5605.626033 5021.816619 141.621458
</End>
</Curve>
<Curve
 rot="cw"
>
<Start
 pntRef="1023"
>
5605.626033 5021.816619 141.621458
</Start>
<Center
>
5600.512151 5019.366486
</Center>
<End
 pntRef="1025"
>
5601.923882 5024.858476 141.669267
</End>
</Curve>
<Curve
 rot="cw"
>
<Start
 pntRef="1025"
>
5601.923882 5024.858476 141.669267
</Start>
<Center
>
5569.708869 4917.007888
</Center>
<End
 pntRef="1027"
>
5570.926122 5029.560430 141.719445
</End>
</Curve>
</CoordGeom>
</Alignment>
<Alignment
 name="Alignment22562"
 desc="TBC*"
 staStart="0.000000"
 length="388.938986"
>
<CoordGeom
>
<Line
>
<Start
 pntRef="1000"
>
5602.608617 4837.610332 139.199302
</Start>
<End
 pntRef="1008"
>
5603.372440 4882.047122 139.888455
</End>
</Line>
<Line
>
<Start
 pntRef="1008"
>
5603.372440 4882.047122 139.888455
</Start>
<End
 pntRef="1009"
>
5603.975403 4921.832801 140.482813
</End>
</Line>
<Line
>
<Start
 pntRef="1009"
>
5603.975403 4921.832801 140.482813
</Start>
<End
 pntRef="1012"
>
5604.729260 4966.295277 141.050753
</End>
</Line>
<Line
>
<Start
 pntRef="1012"
>
5604.729260 4966.295277 141.050753
</Start>
<End
 pntRef="1013"
>
5605.572395 5011.056127 141.569725
</End>
</Line>
<Curve
 rot="cw"
>
<Start
 pntRef="1013"
>
5605.572395 5011.056127 141.569725
</Start>
<Center
>
5578.805442 5010.977229
</Center>
<End
 pntRef="1029"
>
5604.826359 5017.253203 141.802124
</End>
</Curve>
<Curve
 rot="cw"
>
<Start
 pntRef="1029"
>
5604.826359 5017.253203 141.802124
</Start>
<Center
>
5596.315120 5015.213624
</Center>
<End
 pntRef="1031"
>
5601.032436 5022.585734 141.884324
</End>
</Curve>
<Line
>
<Start
 pntRef="1031"
>
5601.032436 5022.585734 141.884324
</Start>
<End
 pntRef="1032"
>
5600.785175 5022.518457 141.844543
</End>
</Line>
<Curve
 rot="cw"
>
<Start
 pntRef="1032"
>
5600.785175 5022.518457 141.844543
</Start>
<Center
>
5566.908567 4897.987990
</Center>
<End
 pntRef="1034"
>
5570.857510 5026.983601 142.055991
</End>
</Curve>
<Line
>
<Start
 pntRef="1034"
>
5570.857510 5026.983601 142.055991
</Start>
<End
 pntRef="1041"
>
5541.174303 5028.314310 142.088239
</End>
</Line>
<Line
>
<Start
 pntRef="1041"
>
5541.174303 5028.314310 142.088239
</Start>
<End
 pntRef="1042"
>
5500.652507 5030.076503 142.180661
</End>
</Line>
<Line
>
<Start
 pntRef="1042"
>
5500.652507 5030.076503 142.180661
</Start>
<End
 pntRef="1045"
>
5456.025591 5031.917714 142.389149
</End>
</Line>
<Line
>
<Start
 pntRef="1045"
>
5456.025591 5031.917714 142.389149
</Start>
<End
 pntRef="1046"
>
5422.026557 5033.442729 142.602711
</End>
</Line>
<Curve
 rot="ccw"
>
<Start
 pntRef="1046"
>
5422.026557 5033.442729 142.602711
</Start>
<Center
>
5422.721560 5048.613793
</Center>
<End
 pntRef="1050"
>
5407.536068 5048.401563 142.757921
</End>
</Curve>
</CoordGeom>
</Alignment>
<Alignment
 name="Alignment22586"
 desc="STRIPE"
 staStart="0.000000"
 length="235.884040"
>
<CoordGeom
>
<Line
>
<Start
 pntRef="3032"
>
5007.336517 5030.593555 100.159868
</Start>
<End
 pntRef="3033"
>
5017.229463 4955.263192 100.257303
</End>
</Line>
<Line
>
<Start
 pntRef="3033"
>
5017.229463 4955.263192 100.257303
</Start>
<End
 pntRef="3036"
>
5022.282359 4915.792004 100.198241
</End>
</Line>
<Line
>
<Start
 pntRef="3036"
>
5022.282359 4915.792004 100.198241
</Start>
<End
 pntRef="3038"
>
5031.518745 4843.498469 100.040380
</End>
</Line>
<Line
>
<Start
 pntRef="3038"
>
5031.518745 4843.498469 100.040380
</Start>
<End
 pntRef="3039"
>
5037.569360 4796.655252 100.001437
</End>
</Line>
</CoordGeom>
</Alignment>
<Alignment
 name="Alignment22585"
 desc="EOP*"
 staStart="0.000000"
 length="268.949555"
>
<CoordGeom
>
<Line
>
<Start
 pntRef="3029"
>
5000.345801 5062.404529 99.972954
</Start>
<End
 pntRef="3030"
>
5009.161982 4999.502517 100.120115
</End>
</Line>
<Line
>
<Start
 pntRef="3030"
>
5009.161982 4999.502517 100.120115
</Start>
<End
 pntRef="3031"
>
5009.748014 4999.638447 100.160594
</End>
</Line>
<Line
>
<Start
 pntRef="3031"
>
5009.748014 4999.638447 100.160594
</Start>
<End
 pntRef="3034"
>
5015.429266 4955.005976 100.211974
</End>
</Line>
<Line
>
<Start
 pntRef="3034"
>
5015.429266 4955.005976 100.211974
</Start>
<End
 pntRef="3035"
>
5020.318325 4915.558167 100.132771
</End>
</Line>
<Line
>
<Start
 pntRef="3035"
>
5020.318325 4915.558167 100.132771
</Start>
<End
 pntRef="3037"
>
5029.211002 4843.125570 99.994613
</End>
</Line>
<Line
>
<Start
 pntRef="3037"
>
5029.211002 4843.125570 99.994613
</Start>
<End
 pntRef="3040"
>
5035.868198 4796.485820 99.939039
</End>
</Line>
</CoordGeom>
</Alignment>
<Alignment
 name="Alignment16244"
 desc="CONC*"
 staStart="0.000000"
 length="55.524001"
>
<CoordGeom
>
<Line
>
<Start
 pntRef="3004"
>
4969.042962 4855.579960 98.276166
</Start>
<End
 pntRef="3005"
>
4970.637919 4855.633567 98.633313
</End>
</Line>
<Line
>
<Start
 pntRef="3005"
>
4970.637919 4855.633567 98.633313
</Start>
<End
 pntRef="3006"
>
4979.076574 4855.761787 99.420154
</End>
</Line>
<Line
>
<Start
 pntRef="3006"
>
4979.076574 4855.761787 99.420154
</Start>
<End
 pntRef="3007"
>
5019.029173 4855.684199 100.054448
</End>
</Line>
<Line
>
<Start
 pntRef="3007"
>
5019.029173 4855.684199 100.054448
</Start>
<End
 pntRef="3008"
>
5019.331827 4855.630136 99.991674
</End>
</Line>
<Line
>
<Start
 pntRef="3008"
>
5019.331827 4855.630136 99.991674
</Start>
<End
 pntRef="3009"
>
5023.619608 4852.638305 99.800413
</End>
</Line>
</CoordGeom>
</Alignment>
<Alignment
 name="Alignment15"
 desc="STRIPE"
 staStart="0.000000"
 length="216.208331"
>
<CoordGeom
>
<Line
>
<Start
 pntRef="3042"
>
5057.021772 4832.514246 100.417476
</Start>
<End
 pntRef="3043"
>
5051.075822 4879.651321 100.259884
</End>
</Line>
<Line
>
<Start
 pntRef="3043"
>
5051.075822 4879.651321 100.259884
</Start>
<End
 pntRef="3048"
>
5047.424142 4908.352992 100.379576
</End>
</Line>
<Line
>
<Start
 pntRef="3048"
>
5047.424142 4908.352992 100.379576
</Start>
<End
 pntRef="3049"
>
5040.219987 4963.858466 100.344779
</End>
</Line>
<Line
>
<Start
 pntRef="3049"
>
5040.219987 4963.858466 100.344779
</Start>
<End
 pntRef="3056"
>
5032.284629 5024.652340 100.359145
</End>
</Line>
<Line
>
<Start
 pntRef="3056"
>
5032.284629 5024.652340 100.359145
</Start>
<End
 pntRef="3057"
>
5029.333215 5046.941844 100.356702
</End>
</Line>
</CoordGeom>
</Alignment>
<Alignment
 name="Alignment14"
 desc="EOP*"
 staStart="0.000000"
 length="229.269035"
>
<CoordGeom
>
<Line
>
<Start
 pntRef="3041"
>
5061.668633 4820.056984 100.425007
</Start>
<End
 pntRef="3044"
>
5053.846426 4880.222815 100.254379
</End>
</Line>
<Line
>
<Start
 pntRef="3044"
>
5053.846426 4880.222815 100.254379
</Start>
<End
 pntRef="3047"
>
5050.367364 4908.311169 100.267654
</End>
</Line>
<Line
>
<Start
 pntRef="3047"
>
5050.367364 4908.311169 100.267654
</Start>
<End
 pntRef="3050"
>
5043.095459 4964.457633 100.288441
</End>
</Line>
<Line
>
<Start
 pntRef="3050"
>
5043.095459 4964.457633 100.288441
</Start>
<End
 pntRef="3055"
>
5035.947836 5025.143011 100.296073
</End>
</Line>
<Line
>
<Start
 pntRef="3055"
>
5035.947836 5025.143011 100.296073
</Start>
<End
 pntRef="3058"
>
5032.531818 5047.456619 100.351440
</End>
</Line>
</CoordGeom>
</Alignment>
<Alignment
 name="Alignment22592"
 desc="RETWALL*"
 staStart="0.000000"
 length="81.393416"
>
<CoordGeom
>
<Line
>
<Start
 pntRef="3051"
>
5050.201333 4980.761060 100.939813
</Start>
<End
 pntRef="3052"
>
5049.248514 4980.765841 100.809845
</End>
</Line>
<Line
>
<Start
 pntRef="3052"
>
5049.248514 4980.765841 100.809845
</Start>
<End
 pntRef="3086"
>
5052.683401 4955.600531 99.995035
</End>
</Line>
<Line
>
<Start
 pntRef="3086"
>
5052.683401 4955.600531 99.995035
</Start>
<End
 pntRef="3087"
>
5058.816603 4908.578991 99.921589
</End>
</Line>
<Line
>
<Start
 pntRef="3087"
>
5058.816603 4908.578991 99.921589
</Start>
<End
 pntRef="3089"
>
5059.641158 4901.968233 99.992125
</End>
</Line>
<Line
>
<Start
 pntRef="3089"
>
5059.641158 4901.968233 99.992125
</Start>
<End
 pntRef="3091"
>
5060.599033 4902.033754 99.943473
</End>
</Line>
</CoordGeom>
</Alignment>
<Alignment
 name="Alignment22594"
 desc="STUCCWALL*"
 staStart="0.000000"
 length="26.128050"
>
<CoordGeom
>
<Line
>
<Start
 pntRef="3059"
>
5062.242659 5028.966913 101.372662
</Start>
<End
 pntRef="3060"
>
5061.384117 5028.494162 101.308178
</End>
</Line>
<Line
>
<Start
 pntRef="3060"
>
5061.384117 5028.494162 101.308178
</Start>
<End
 pntRef="3061"
>
5061.322567 5028.336123 101.252952
</End>
</Line>
<Line
>
<Start
 pntRef="3061"
>
5061.322567 5028.336123 101.252952
</Start>
<End
 pntRef="3062"
>
5061.549799 5026.633503 101.193777
</End>
</Line>
<Line
>
<Start
 pntRef="3062"
>
5061.549799 5026.633503 101.193777
</Start>
<End
 pntRef="3063"
>
5072.904668 5027.216439 101.247409
</End>
</Line>
<Line
>
<Start
 pntRef="3063"
>
5072.904668 5027.216439 101.247409
</Start>
<End
 pntRef="3064"
>
5072.690040 5028.032854 101.562908
</End>
</Line>
<Line
>
<Start
 pntRef="3064"
>
5072.690040 5028.032854 101.562908
</Start>
<End
 pntRef="3065"
>
5062.601281 5027.903476 101.514033
</End>
</Line>
<Line
>
<Start
 pntRef="3065"
>
5062.601281 5027.903476 101.514033
</Start>
<End
 pntRef="3066"
>
5062.496074 5028.854744 101.419802
</End>
</Line>
</CoordGeom>
</Alignment>
<Alignment
 name="Alignment22599"
 desc="ROCKWALL*"
 staStart="0.000000"
 length="107.028737"
>
<CoordGeom
>
<Line
>
<Start
 pntRef="3067"
>
5072.653539 5026.878985 104.494116
</Start>
<End
 pntRef="3069"
>
5073.565713 5018.097855 101.016536
</End>
</Line>
<Line
>
<Start
 pntRef="3069"
>
5073.565713 5018.097855 101.016536
</Start>
<End
 pntRef="3070"
>
5073.529122 5015.615239 102.366746
</End>
</Line>
<Line
>
<Start
 pntRef="3070"
>
5073.529122 5015.615239 102.366746
</Start>
<End
 pntRef="3071"
>
5044.873609 5014.271547 101.924008
</End>
</Line>
<Line
>
<Start
 pntRef="3071"
>
5044.873609 5014.271547 101.924008
</Start>
<End
 pntRef="3072"
>
5044.889015 5012.862187 101.993662
</End>
</Line>
<Line
>
<Start
 pntRef="3072"
>
5044.889015 5012.862187 101.993662
</Start>
<End
 pntRef="3073"
>
5046.509598 5012.971430 102.063237
</End>
</Line>
<Line
>
<Start
 pntRef="3073"
>
5046.509598 5012.971430 102.063237
</Start>
<End
 pntRef="3074"
>
5046.455368 5013.400806 102.347965
</End>
</Line>
<Line
>
<Start
 pntRef="3074"
>
5046.455368 5013.400806 102.347965
</Start>
<End
 pntRef="3075"
>
5074.023666 5014.608880 102.799771
</End>
</Line>
<Line
>
<Start
 pntRef="3075"
>
5074.023666 5014.608880 102.799771
</Start>
<End
 pntRef="3076"
>
5075.579335 4999.377968 101.920100
</End>
</Line>
<Line
>
<Start
 pntRef="3076"
>
5075.579335 4999.377968 101.920100
</Start>
<End
 pntRef="3077"
>
5076.537630 4999.789863 102.202807
</End>
</Line>
<Line
>
<Start
 pntRef="3077"
>
5076.537630 4999.789863 102.202807
</Start>
<End
 pntRef="3078"
>
5075.252792 5012.802504 102.446492
</End>
</Line>
<Line
>
<Start
 pntRef="3078"
>
5075.252792 5012.802504 102.446492
</Start>
<End
 pntRef="3079"
>
5075.020723 5014.831845 103.138786
</End>
</Line>
<Line
>
<Start
 pntRef="3079"
>
5075.020723 5014.831845 103.138786
</Start>
<End
 pntRef="3080"
>
5079.496376 5015.274828 102.361527
</End>
</Line>
</CoordGeom>
</Alignment>
<Alignment
 name="Alignment9"
 desc="CONC*"
 staStart="0.000000"
 length="20.237452"
>
<CoordGeom
>
<Line
>
<Start
 pntRef="3081"
>
5087.805821 5010.572300 102.234546
</Start>
<End
 pntRef="3082"
>
5088.126957 5006.764883 102.229106
</End>
</Line>
<Line
>
<Start
 pntRef="3082"
>
5088.126957 5006.764883 102.229106
</Start>
<End
 pntRef="3083"
>
5089.578462 5006.848146 102.356898
</End>
</Line>
<Line
>
<Start
 pntRef="3083"
>
5089.578462 5006.848146 102.356898
</Start>
<End
 pntRef="3084"
>
5089.003993 5005.370026 102.330693
</End>
</Line>
<Line
>
<Start
 pntRef="3084"
>
5089.003993 5005.370026 102.330693
</Start>
<End
 pntRef="3085"
>
5076.767671 4999.965295 102.117893
</End>
</Line>
</CoordGeom>
</Alignment>
<Alignment
 name="Alignment22604"
 desc="0.5HCURB*"
 staStart="0.000000"
 length="3.163214"
>
<CoordGeom
>
<Line
>
<Start
 pntRef="3092"
>
5061.262559 4886.856716 99.750893
</Start>
<End
 pntRef="3093"
>
5061.542203 4883.705888 99.726776
</End>
</Line>
</CoordGeom>
</Alignment>
<Alignment
 name="Alignment22603"
 desc="ROCKWALL*"
 staStart="0.000000"
 length="28.515417"
>
<CoordGeom
>
<Line
>
<Start
 pntRef="3094"
>
5061.500852 4883.645264 99.719921
</Start>
<End
 pntRef="3095"
>
5061.745090 4881.542880 99.784771
</End>
</Line>
<Line
>
<Start
 pntRef="3095"
>
5061.745090 4881.542880 99.784771
</Start>
<End
 pntRef="3096"
>
5073.997008 4882.487679 100.213957
</End>
</Line>
<Line
>
<Start
 pntRef="3096"
>
5073.997008 4882.487679 100.213957
</Start>
<End
 pntRef="3097"
>
5073.915413 4883.353891 100.188026
</End>
</Line>
<Line
>
<Start
 pntRef="3097"
>
5073.915413 4883.353891 100.188026
</Start>
<End
 pntRef="3098"
>
5063.755515 4882.657450 101.855684
</End>
</Line>
<Line
>
<Start
 pntRef="3098"
>
5063.755515 4882.657450 101.855684
</Start>
<End
 pntRef="3099"
>
5063.604679 4883.722769 101.782516
</End>
</Line>
<Line
>
<Start
 pntRef="3099"
>
5063.604679 4883.722769 101.782516
</Start>
<End
 pntRef="3100"
>
5061.625787 4883.634301 101.680661
</End>
</Line>
</CoordGeom>
</Alignment>
<Alignment
 name="Alignment22607"
 desc="CONC*"
 staStart="0.000000"
 length="27.270556"
>
<CoordGeom
>
<Line
>
<Start
 pntRef="3101"
>
5084.119428 4880.608231 100.245399
</Start>
<End
 pntRef="3102"
>
5074.249448 4879.546109 100.133219
</End>
</Line>
<Line
>
<Start
 pntRef="3102"
>
5074.249448 4879.546109 100.133219
</Start>
<End
 pntRef="3103"
>
5073.452568 4888.497896 100.146397
</End>
</Line>
<Line
>
<Start
 pntRef="3103"
>
5073.452568 4888.497896 100.146397
</Start>
<End
 pntRef="3104"
>
5065.164904 4887.428252 100.013819
</End>
</Line>
</CoordGeom>
</Alignment>
<Alignment
 name="Alignment22609"
 desc="ROCKWALL*"
 staStart="0.000000"
 length="80.071496"
>
<CoordGeom
>
<Line
>
<Start
 pntRef="3105"
>
5066.059879 4853.879588 101.565121
</Start>
<End
 pntRef="3106"
>
5064.783524 4861.911053 101.266306
</End>
</Line>
<Line
>
<Start
 pntRef="3106"
>
5064.783524 4861.911053 101.266306
</Start>
<End
 pntRef="3107"
>
5064.297395 4861.983024 101.394493
</End>
</Line>
<Line
>
<Start
 pntRef="3107"
>
5064.297395 4861.983024 101.394493
</Start>
<End
 pntRef="3108"
>
5064.178932 4863.769552 101.680333
</End>
</Line>
<Line
>
<Start
 pntRef="3108"
>
5064.178932 4863.769552 101.680333
</Start>
<End
 pntRef="3109"
>
5066.073540 4863.831922 102.124341
</End>
</Line>
<Line
>
<Start
 pntRef="3109"
>
5066.073540 4863.831922 102.124341
</Start>
<End
 pntRef="3110"
>
5066.100168 4863.438273 101.880765
</End>
</Line>
<Line
>
<Start
 pntRef="3110"
>
5066.100168 4863.438273 101.880765
</Start>
<End
 pntRef="3111"
>
5094.316686 4863.640159 101.877671
</End>
</Line>
<Line
>
<Start
 pntRef="3111"
>
5094.316686 4863.640159 101.877671
</Start>
<End
 pntRef="3112"
>
5094.241160 4862.782415 101.911807
</End>
</Line>
<Line
>
<Start
 pntRef="3112"
>
5094.241160 4862.782415 101.911807
</Start>
<End
 pntRef="3113"
>
5066.058752 4862.344944 102.040776
</End>
</Line>
<Line
>
<Start
 pntRef="3113"
>
5066.058752 4862.344944 102.040776
</Start>
<End
 pntRef="3114"
>
5066.032892 4861.978682 102.161298
</End>
</Line>
<Line
>
<Start
 pntRef="3114"
>
5066.032892 4861.978682 102.161298
</Start>
<End
 pntRef="3115"
>
5065.669120 4861.961029 101.549668
</End>
</Line>
<Line
>
<Start
 pntRef="3115"
>
5065.669120 4861.961029 101.549668
</Start>
<End
 pntRef="3116"
>
5067.108291 4852.700488 101.500303
</End>
</Line>
</CoordGeom>
</Alignment>
<Alignment
 name="Alignment22615"
 desc="OHE*"
 staStart="0.000000"
 length="471.111090"
>
<CoordGeom
>
<Line
>
<Start
 pntRef="3147"
>
5077.402370 4742.412015 139.553395
</Start>
<End
 pntRef="3148"
>
5057.480415 4880.643411 134.916149
</End>
</Line>
<Line
>
<Start
 pntRef="3148"
>
5057.480415 4880.643411 134.916149
</Start>
<End
 pntRef="3149"
>
5037.320335 5047.606090 134.760699
</End>
</Line>
<Line
>
<Start
 pntRef="3149"
>
5037.320335 5047.606090 134.760699
</Start>
<End
 pntRef="3150"
>
5016.757432 5209.582168 134.418268
</End>
</Line>
</CoordGeom>
</Alignment>
<Alignment
 name="Alignment22617"
 desc="OHE*"
 staStart="0.000000"
 length="189.076454"
>
<CoordGeom
>
<Line
>
<Start
 pntRef="3151"
>
4956.104402 5029.132350 107.952855
</Start>
<End
 pntRef="3152"
>
5037.384340 5047.695712 126.733960
</End>
</Line>
<Line
>
<Start
 pntRef="3152"
>
5037.384340 5047.695712 126.733960
</Start>
<End
 pntRef="3153"
>
5142.451947 5036.117416 120.196119
</End>
</Line>
</CoordGeom>
</Alignment>
</Alignments>
</LandXML>
