<?xml version="1.0"?>
<LandXML xmlns="http://www.landxml.org/schema/LandXML-1.0"  xmlns:xsi="http://www.w3.org/2001/XMLSchema-instance" xsi:schemaLocation="http://www.landxml.org/schema/LandXML-1.0 http://www.landxml.org/schema/LandXML-1.0/LandXML-1.0.xsd" version="1.0" date="2008-06-10" time="10:11:42" readOnly="false" language="English">
<Project name="528-08 NELSON.job"/>
<Units>
<Imperial linearUnit="foot" areaUnit="squareFoot" volumeUnit="cubicFeet" temperatureUnit="fahrenheit" pressureUnit="inchHG" angularUnit="decimal degrees" directionUnit="decimal degrees"/>
</Units>
<Application name="Survey Pro" manufacturer="Tripod Data Systems" version="4.0" manufacturerURL="www.tdsway.com"/>
<CgPoints
 name="Points"
>
<CgPoint
 name="1"
 desc="5939 CNRTL POINT"
>
5225.488409 5454.082702 106.561443
</CgPoint>
<CgPoint
 name="2"
 desc="1&quot;IPF 1/4CORNER"
>
4937.802091 5850.040712 100.812838
</CgPoint>
<CgPoint
 name="3"
 desc="5/8&quot;IRF 8473"
>
4940.062211 5024.924951 98.489409
</CgPoint>
<CgPoint
 name="4"
 desc="5/8&quot;IRF 8473"
>
5338.635932 4872.437619 122.883800
</CgPoint>
<CgPoint
 name="5"
 desc="5/8&quot;IRF"
>
5592.610896 4868.357321 139.917642
</CgPoint>
<CgPoint
 name="6"
 desc="5/8&quot;IRF"
>
5591.910862 4823.510095 138.832425
</CgPoint>
<CgPoint
 name="50"
 desc="BASE"
>
5000.010000 5000.010000 100.000200
</CgPoint>
<CgPoint
 name="500"
 desc="COGO"
>
4940.061880 5025.042150 -4141.075682
</CgPoint>
<CgPoint
 name="501"
 desc="COGO"
>
4940.513881 4860.042420 -4141.075682
</CgPoint>
<CgPoint
 name="502"
 desc="COGO"
>
5600.512801 4861.850224 -4141.075682
</CgPoint>
<CgPoint
 name="503"
 desc="COGO"
>
5600.060800 5026.849954 -4141.075682
</CgPoint>
<CgPoint
 name="504"
 desc="COGO"
>
4940.705581 4790.042580 0.000000
</CgPoint>
<CgPoint
 name="505"
 desc="COGO"
>
5334.704869 4791.121782 0.000000
</CgPoint>
<CgPoint
 name="506"
 desc="COGO"
>
5335.629271 4692.462385 0.000000
</CgPoint>
<CgPoint
 name="507"
 desc="COGO"
>
5507.757416 4689.696979 0.000000
</CgPoint>
<CgPoint
 name="508"
 desc="COGO"
>
5510.012420 4824.678449 0.000000
</CgPoint>
<CgPoint
 name="509"
 desc="COGO"
>
5452.019804 4825.610951 0.000000
</CgPoint>
<CgPoint
 name="510"
 desc="COGO"
>
5452.771406 4870.604741 0.000000
</CgPoint>
<CgPoint
 name="511"
 desc="COGO"
>
4964.541029 5867.567235 0.000000
</CgPoint>
<CgPoint
 name="512"
 desc="COGO"
>
5337.466675 4802.447205 0.000000
</CgPoint>
<CgPoint
 name="602"
 desc="5/8&quot;IRF"
>
5592.628145 4868.436509 139.929460
</CgPoint>
<CgPoint
 name="607"
 desc="5/8&quot;IRF"
>
5507.766768 4689.888855 133.413857
</CgPoint>
<CgPoint
 name="614"
 desc="5/8&quot;IRF"
>
5591.868471 4823.500640 138.703988
</CgPoint>
<CgPoint
 name="615"
 desc="60D NAIL"
>
5043.551085 5027.122374 100.388627
</CgPoint>
<CgPoint
 name="616"
 desc="CP NAIL SET"
>
4967.324718 4995.674406 99.264913
</CgPoint>
<CgPoint
 name="617"
 desc="CP NAIL SET"
>
5044.692612 4717.242927 99.651332
</CgPoint>
<CgPoint
 name="618"
 desc="USBR ALUM CAP FN"
>
5006.692257 4981.869522 100.124823
</CgPoint>
<CgPoint
 name="619"
 desc="3/4&quot;IPF"
>
5589.842534 4688.366954 134.559638
</CgPoint>
<CgPoint
 name="700"
 desc="1/4 COR"
>
4937.802091 5850.040712 100.812838
</CgPoint>
<CgPoint
 name="701"
 desc="SECNR S.34"
>
4931.477221 8159.130722 124.082885
</CgPoint>
<CgPoint
 name="702"
 desc="CP 1/2&quot; REBAR 59"
>
5224.369893 5453.248367 106.262849
</CgPoint>
<CgPoint
 name="1000"
 desc="TBC"
>
5602.608617 4837.610332 139.199302
</CgPoint>
<CgPoint
 name="1001"
 desc="GUTR"
>
5603.464899 4837.399971 138.727105
</CgPoint>
<CgPoint
 name="1002"
 desc="LIP"
>
5604.620558 4837.281075 138.768311
</CgPoint>
<CgPoint
 name="1003"
 desc="CL RD"
>
5617.411629 4838.100445 138.825238
</CgPoint>
<CgPoint
 name="1004"
 desc="LIP"
>
5630.479393 4837.501863 138.855701
</CgPoint>
<CgPoint
 name="1005"
 desc="GUTR"
>
5631.776682 4837.525690 138.866622
</CgPoint>
<CgPoint
 name="1006"
 desc="N.TBC"
>
5632.625157 4837.535072 139.202911
</CgPoint>
<CgPoint
 name="1007"
 desc="CL RD"
>
5618.584197 4881.746001 139.459065
</CgPoint>
<CgPoint
 name="1008"
 desc="TBC"
>
5603.372440 4882.047122 139.888455
</CgPoint>
<CgPoint
 name="1009"
 desc="TBC"
>
5603.975403 4921.832801 140.482813
</CgPoint>
<CgPoint
 name="1010"
 desc="CL RD"
>
5619.156442 4921.210214 140.127896
</CgPoint>
<CgPoint
 name="1011"
 desc="CL RD"
>
5619.959527 4965.752214 140.509045
</CgPoint>
<CgPoint
 name="1012"
 desc="TBC"
>
5604.729260 4966.295277 141.050753
</CgPoint>
<CgPoint
 name="1013"
 desc="TBC STD-RO TYPE"
>
5605.572395 5011.056127 141.569725
</CgPoint>
<CgPoint
 name="1014"
 desc="RO GUTR"
>
5606.734133 5011.202330 141.256583
</CgPoint>
<CgPoint
 name="1015"
 desc="RO LIP"
>
5608.197335 5011.153611 141.236741
</CgPoint>
<CgPoint
 name="1016"
 desc="STD LIP"
>
5607.659010 5011.071039 141.208531
</CgPoint>
<CgPoint
 name="1017"
 desc="CL RD"
>
5621.951650 5010.013152 140.914965
</CgPoint>
<CgPoint
 name="1018"
 desc="CL RD"
>
5621.951433 5034.536882 141.663055
</CgPoint>
<CgPoint
 name="1019"
 desc="PVMT"
>
5622.368409 5022.844531 141.441345
</CgPoint>
<CgPoint
 name="1020"
 desc="PVMT"
>
5609.841066 5025.508012 141.484094
</CgPoint>
<CgPoint
 name="1021"
 desc="RO LIP"
>
5608.213473 5011.877421 141.349186
</CgPoint>
<CgPoint
 name="1022"
 desc="RO LIP"
>
5607.188389 5018.025843 141.527913
</CgPoint>
<CgPoint
 name="1023"
 desc="RO LIP"
>
5605.626033 5021.816619 141.621458
</CgPoint>
<CgPoint
 name="1024"
 desc="RO LIP"
>
5604.195680 5023.677698 141.575610
</CgPoint>
<CgPoint
 name="1025"
 desc="RO LIP"
>
5601.923882 5024.858476 141.669267
</CgPoint>
<CgPoint
 name="1026"
 desc="RO LIP"
>
5587.266355 5028.189231 141.671292
</CgPoint>
<CgPoint
 name="1027"
 desc="RO LIP"
>
5570.926122 5029.560430 141.719445
</CgPoint>
<CgPoint
 name="1028"
 desc="TBC RO"
>
5605.372084 5014.246713 141.706036
</CgPoint>
<CgPoint
 name="1029"
 desc="TBC RO"
>
5604.826359 5017.253203 141.802124
</CgPoint>
<CgPoint
 name="1030"
 desc="TBC RO"
>
5603.166341 5020.659892 141.927453
</CgPoint>
<CgPoint
 name="1031"
 desc="TBC RO"
>
5601.032436 5022.585734 141.884324
</CgPoint>
<CgPoint
 name="1032"
 desc="TBC RO"
>
5600.785175 5022.518457 141.844543
</CgPoint>
<CgPoint
 name="1033"
 desc="TBC RO"
>
5586.141577 5025.602852 141.908280
</CgPoint>
<CgPoint
 name="1034"
 desc="TBC RO"
>
5570.857510 5026.983601 142.055991
</CgPoint>
<CgPoint
 name="1035"
 desc="CL RD"
>
5592.933560 5036.320366 141.881801
</CgPoint>
<CgPoint
 name="1036"
 desc="CL RD"
>
5586.827061 5036.758371 141.890006
</CgPoint>
<CgPoint
 name="1037"
 desc="LIP RO"
>
5587.542636 5045.091512 142.035905
</CgPoint>
<CgPoint
 name="1038"
 desc="GUTR"
>
5587.848975 5046.633102 142.028575
</CgPoint>
<CgPoint
 name="1039"
 desc="E.TBC"
>
5588.045498 5047.741712 142.376472
</CgPoint>
<CgPoint
 name="1040"
 desc="CL RD"
>
5541.714174 5039.216018 141.844658
</CgPoint>
<CgPoint
 name="1041"
 desc="TBC RO"
>
5541.174303 5028.314310 142.088239
</CgPoint>
<CgPoint
 name="1042"
 desc="TBC RO"
>
5500.652507 5030.076503 142.180661
</CgPoint>
<CgPoint
 name="1043"
 desc="CL RD"
>
5500.566954 5040.974317 141.957903
</CgPoint>
<CgPoint
 name="1044"
 desc="CL RD"
>
5456.657816 5042.848190 142.131697
</CgPoint>
<CgPoint
 name="1045"
 desc="TBC RO"
>
5456.025591 5031.917714 142.389149
</CgPoint>
<CgPoint
 name="1046"
 desc="TBC RO"
>
5422.026557 5033.442729 142.602711
</CgPoint>
<CgPoint
 name="1047"
 desc="RO LIP"
>
5422.100141 5035.815212 142.178189
</CgPoint>
<CgPoint
 name="1048"
 desc="RO LIP"
>
5413.279026 5040.139542 142.391610
</CgPoint>
<CgPoint
 name="1049"
 desc="TBC RO"
>
5411.406691 5038.483741 142.701104
</CgPoint>
<CgPoint
 name="1050"
 desc="TBC RO"
>
5407.536068 5048.401563 142.757921
</CgPoint>
<CgPoint
 name="1051"
 desc="RO LIP"
>
5410.137324 5048.460054 142.495277
</CgPoint>
<CgPoint
 name="1052"
 desc="CL RD"
>
5422.722942 5049.875656 142.479888
</CgPoint>
<CgPoint
 name="1053"
 desc="CL SMH"
>
5425.176498 5041.234706 142.405112
</CgPoint>
<CgPoint
 name="1054"
 desc="N.RIM"
>
5426.260898 5041.110662 142.358053
</CgPoint>
<CgPoint
 name="1055"
 desc="CONC"
>
5427.116406 5043.277833 142.472356
</CgPoint>
<CgPoint
 name="1056"
 desc="CONC"
>
5426.969097 5038.896124 142.241039
</CgPoint>
<CgPoint
 name="1057"
 desc="CONC"
>
5422.774779 5038.959212 142.301630
</CgPoint>
<CgPoint
 name="1058"
 desc="CONC"
>
5422.685292 5043.466388 142.532046
</CgPoint>
<CgPoint
 name="1059"
 desc="CL SMH"
>
5611.096017 5041.268936 142.001878
</CgPoint>
<CgPoint
 name="1060"
 desc="N.RIM"
>
5612.112931 5041.301535 141.978296
</CgPoint>
<CgPoint
 name="1100"
 desc="NG*"
>
5597.089527 5019.514180 142.771895
</CgPoint>
<CgPoint
 name="1101"
 desc="NG*"
>
5547.069530 5020.377966 143.606891
</CgPoint>
<CgPoint
 name="1102"
 desc="NG*"
>
5497.037206 5023.059860 143.507674
</CgPoint>
<CgPoint
 name="1103"
 desc="NG*"
>
5446.707542 5024.793571 142.904271
</CgPoint>
<CgPoint
 name="1104"
 desc="NG*"
>
5396.701557 5024.879737 142.081136
</CgPoint>
<CgPoint
 name="1105"
 desc="NG*"
>
5347.152821 5025.101140 140.382245
</CgPoint>
<CgPoint
 name="1106"
 desc="NG*"
>
5296.603700 5029.423404 139.955714
</CgPoint>
<CgPoint
 name="1107"
 desc="TOP*"
>
5288.666993 5030.274529 139.754238
</CgPoint>
<CgPoint
 name="1108"
 desc="TOP*"
>
5291.115717 5005.624779 137.816947
</CgPoint>
<CgPoint
 name="1109"
 desc="TOP*"
>
5293.643867 4993.940088 136.787049
</CgPoint>
<CgPoint
 name="1110"
 desc="TOP*"
>
5304.063927 4978.148818 134.686534
</CgPoint>
<CgPoint
 name="1111"
 desc="TOP*"
>
5290.398941 4965.516492 132.835537
</CgPoint>
<CgPoint
 name="1112"
 desc="TOP*"
>
5298.374550 4939.329025 132.592987
</CgPoint>
<CgPoint
 name="1113"
 desc="TOP*"
>
5297.331771 4911.341607 130.379453
</CgPoint>
<CgPoint
 name="1114"
 desc="TOP*"
>
5324.629067 4897.442737 130.969406
</CgPoint>
<CgPoint
 name="1115"
 desc="TOP*"
>
5340.224908 4891.788221 131.045457
</CgPoint>
<CgPoint
 name="1116"
 desc="TOP*"
>
5372.934882 4885.898083 131.770281
</CgPoint>
<CgPoint
 name="1117"
 desc="TOP*"
>
5376.686766 4866.091145 131.359155
</CgPoint>
<CgPoint
 name="1118"
 desc="TOP*"
>
5355.680931 4856.797243 130.547148
</CgPoint>
<CgPoint
 name="1119"
 desc="TOP*"
>
5345.885442 4842.000229 129.742357
</CgPoint>
<CgPoint
 name="1120"
 desc="TOP*"
>
5312.711014 5002.261456 139.749945
</CgPoint>
<CgPoint
 name="1121"
 desc="TOP*"
>
5344.640256 4981.534024 139.941644
</CgPoint>
<CgPoint
 name="1122"
 desc="TOP*"
>
5352.679809 4956.515172 139.292079
</CgPoint>
<CgPoint
 name="1123"
 desc="TOP*"
>
5365.517704 4956.843507 138.875021
</CgPoint>
<CgPoint
 name="1124"
 desc="TOP*"
>
5364.112941 4942.617485 138.398035
</CgPoint>
<CgPoint
 name="1125"
 desc="TOP*"
>
5373.622254 4935.698728 136.472300
</CgPoint>
<CgPoint
 name="1126"
 desc="TOP*"
>
5380.831425 4958.303196 138.997382
</CgPoint>
<CgPoint
 name="1127"
 desc="TOP*"
>
5388.067652 4978.119442 139.317861
</CgPoint>
<CgPoint
 name="1128"
 desc="TOP*"
>
5394.272935 4981.689666 139.124447
</CgPoint>
<CgPoint
 name="1129"
 desc="TOP*"
>
5400.676521 4972.791580 139.054734
</CgPoint>
<CgPoint
 name="1130"
 desc="TOP*"
>
5403.714865 4958.541418 138.832949
</CgPoint>
<CgPoint
 name="1131"
 desc="TOP*"
>
5410.941156 4942.125394 138.380595
</CgPoint>
<CgPoint
 name="1132"
 desc="TOP*"
>
5411.854702 4924.038813 137.747961
</CgPoint>
<CgPoint
 name="1133"
 desc="TOP*"
>
5430.686365 4912.692685 138.082111
</CgPoint>
<CgPoint
 name="1134"
 desc="TOP*"
>
5439.713161 4896.201740 138.026499
</CgPoint>
<CgPoint
 name="1135"
 desc="TOP*"
>
5455.175319 4894.191243 137.764025
</CgPoint>
<CgPoint
 name="1136"
 desc="TOP*"
>
5460.529100 4884.051930 137.378592
</CgPoint>
<CgPoint
 name="1137"
 desc="TOP*"
>
5456.966308 4873.188616 137.012694
</CgPoint>
<CgPoint
 name="1138"
 desc="TOP*"
>
5438.435419 4871.365573 136.782715
</CgPoint>
<CgPoint
 name="1139"
 desc="TOP*"
>
5423.922882 4871.704942 135.195044
</CgPoint>
<CgPoint
 name="1140"
 desc="TOP*"
>
5418.936707 4868.078605 134.767111
</CgPoint>
<CgPoint
 name="1141"
 desc="TOP*"
>
5416.513217 4860.928558 135.288514
</CgPoint>
<CgPoint
 name="1142"
 desc="WIRE FNC*"
>
5417.001052 4861.055642 135.077817
</CgPoint>
<CgPoint
 name="1143"
 desc="WIRE FNC*"
>
5416.694532 4864.918007 134.697181
</CgPoint>
<CgPoint
 name="1144"
 desc="WIRE FNC*"
>
5422.454135 4870.734364 135.192452
</CgPoint>
<CgPoint
 name="1145"
 desc="WIRE FNC*"
>
5423.554727 4870.962898 135.346284
</CgPoint>
<CgPoint
 name="1146"
 desc="WIRE FNC*CLF GAT"
>
5447.780782 4870.827105 136.998454
</CgPoint>
<CgPoint
 name="1147"
 desc="CLF*GATE"
>
5452.659298 4870.782554 136.782400
</CgPoint>
<CgPoint
 name="1148"
 desc="CLF*GATE"
>
5538.816705 4869.350300 138.197099
</CgPoint>
<CgPoint
 name="1149"
 desc="CLF*GATE"
>
5542.908718 4869.398424 138.272999
</CgPoint>
<CgPoint
 name="1150"
 desc="CLF*"
>
5574.856480 4868.914985 138.987618
</CgPoint>
<CgPoint
 name="1151"
 desc="CLF*"
>
5574.881912 4866.599608 138.772118
</CgPoint>
<CgPoint
 name="1152"
 desc="WOOD FNC*"
>
5590.443130 4868.226188 140.042288
</CgPoint>
<CgPoint
 name="1153"
 desc="WOOD FNC*"
>
5590.561917 4865.283417 139.454366
</CgPoint>
<CgPoint
 name="1154"
 desc="OHE*POL"
>
5618.150875 4870.818824 139.266020
</CgPoint>
<CgPoint
 name="1155"
 desc="OHE*PP"
>
5596.527518 4869.980677 140.890478
</CgPoint>
<CgPoint
 name="1156"
 desc="OHE*SERV POLE"
>
5510.017869 4870.073748 138.308298
</CgPoint>
<CgPoint
 name="1157"
 desc="TOP*"
>
5582.493711 4876.132044 140.151038
</CgPoint>
<CgPoint
 name="1158"
 desc="TOP*"
>
5553.724361 4880.662130 139.505442
</CgPoint>
<CgPoint
 name="1159"
 desc="NG*"
>
5569.256008 4871.522366 138.935171
</CgPoint>
<CgPoint
 name="1160"
 desc="NG*"
>
5541.893101 4872.617293 138.191849
</CgPoint>
<CgPoint
 name="1161"
 desc="TOP*"
>
5541.706898 4880.190094 139.334401
</CgPoint>
<CgPoint
 name="1162"
 desc="TOP*"
>
5504.230304 4881.103498 138.564586
</CgPoint>
<CgPoint
 name="1163"
 desc="NG*"
>
5503.208284 4872.900738 137.780141
</CgPoint>
<CgPoint
 name="1164"
 desc="NG*"
>
5475.393523 4873.526970 137.413989
</CgPoint>
<CgPoint
 name="1165"
 desc="TOP*"
>
5472.400563 4880.456827 137.949645
</CgPoint>
<CgPoint
 name="1166"
 desc="NG*"
>
5446.896450 4877.364069 136.217502
</CgPoint>
<CgPoint
 name="1167"
 desc="TOP*"
>
5448.278413 4879.227384 136.403653
</CgPoint>
<CgPoint
 name="1168"
 desc="OHE*SERV POLE"
>
5447.071115 4999.448668 141.550503
</CgPoint>
<CgPoint
 name="1169"
 desc="OHE*PP"
>
5448.711864 5058.098494 142.955887
</CgPoint>
<CgPoint
 name="1170"
 desc="BLK WALL*"
>
5404.408868 5044.411730 143.119025
</CgPoint>
<CgPoint
 name="1171"
 desc="BLK WALL*"
>
5404.365326 5032.029141 142.447962
</CgPoint>
<CgPoint
 name="1172"
 desc="BLK WALL*"
>
5381.441902 5031.480120 142.004706
</CgPoint>
<CgPoint
 name="1173"
 desc="NG*"
>
5596.564950 4969.094080 143.560139
</CgPoint>
<CgPoint
 name="1174"
 desc="NG*"
>
5546.347815 4969.794601 142.716043
</CgPoint>
<CgPoint
 name="1175"
 desc="NG*"
>
5496.337157 4970.854635 141.019745
</CgPoint>
<CgPoint
 name="1176"
 desc="NG*"
>
5445.384935 4971.823000 140.220258
</CgPoint>
<CgPoint
 name="1177"
 desc="NG*"
>
5396.031165 4971.458278 138.685008
</CgPoint>
<CgPoint
 name="1178"
 desc="NG*"
>
5346.464946 4972.482073 140.380723
</CgPoint>
<CgPoint
 name="1179"
 desc="NG*"
>
5308.978275 4972.872365 135.260831
</CgPoint>
<CgPoint
 name="1180"
 desc="NG*"
>
5302.923790 4923.176768 132.240553
</CgPoint>
<CgPoint
 name="1181"
 desc="NG*"
>
5346.255961 4923.044268 133.881000
</CgPoint>
<CgPoint
 name="1182"
 desc="NG*"
>
5395.803464 4922.824774 135.087362
</CgPoint>
<CgPoint
 name="1183"
 desc="NG*"
>
5445.228558 4921.361726 138.699216
</CgPoint>
<CgPoint
 name="1184"
 desc="NG*"
>
5495.622844 4920.398093 139.664721
</CgPoint>
<CgPoint
 name="1185"
 desc="NG*"
>
5546.042742 4919.876435 140.747900
</CgPoint>
<CgPoint
 name="1186"
 desc="NG*"
>
5594.126825 4920.578951 142.056208
</CgPoint>
<CgPoint
 name="1187"
 desc="NG*"
>
5596.118799 4867.886610 139.429341
</CgPoint>
<CgPoint
 name="1188"
 desc="NG*"
>
5545.142274 4869.574323 138.207495
</CgPoint>
<CgPoint
 name="1189"
 desc="NG*"
>
5494.645172 4870.141523 137.909729
</CgPoint>
<CgPoint
 name="1190"
 desc="NG*"
>
5445.294362 4871.019219 137.442995
</CgPoint>
<CgPoint
 name="1191"
 desc="NG*"
>
5401.177340 4875.019707 133.766533
</CgPoint>
<CgPoint
 name="1192"
 desc="CL ARROYO*"
>
5391.952065 4976.178083 138.500378
</CgPoint>
<CgPoint
 name="1193"
 desc="CL ARROYO*"
>
5391.292545 4960.639689 135.547552
</CgPoint>
<CgPoint
 name="1194"
 desc="CL ARROYO*"
>
5389.577067 4944.831064 134.026389
</CgPoint>
<CgPoint
 name="1195"
 desc="CL ARROYO*"
>
5385.861357 4933.173202 134.513525
</CgPoint>
<CgPoint
 name="1196"
 desc="CL ARROYO*"
>
5377.496747 4879.226795 131.668290
</CgPoint>
<CgPoint
 name="1197"
 desc="CL ARROYO*"
>
5347.131067 4872.750115 123.710651
</CgPoint>
<CgPoint
 name="1198"
 desc="CL ARROYO*"
>
5328.877249 4869.214324 118.212812
</CgPoint>
<CgPoint
 name="1199"
 desc="CL ARROYO*"
>
5310.008966 4867.696509 114.939998
</CgPoint>
<CgPoint
 name="1200"
 desc="CL ARROYO*"
>
5276.565087 4867.587809 108.869666
</CgPoint>
<CgPoint
 name="1201"
 desc="CL ARROYO*"
>
5226.919200 4866.102702 102.940585
</CgPoint>
<CgPoint
 name="1202"
 desc="CL ARROYO*"
>
5194.855611 4863.527423 102.240842
</CgPoint>
<CgPoint
 name="1203"
 desc="TOP 1*"
>
5196.823014 4855.711818 103.892083
</CgPoint>
<CgPoint
 name="1204"
 desc="TOP 2*"
>
5173.704343 4868.427887 104.001250
</CgPoint>
<CgPoint
 name="1205"
 desc="TOP 2*"
>
5202.497250 4872.760669 104.252081
</CgPoint>
<CgPoint
 name="1206"
 desc="TOP 2*"
>
5225.949000 4882.190202 105.809991
</CgPoint>
<CgPoint
 name="1207"
 desc="TOP 1*"
>
5230.444824 4854.987492 104.820596
</CgPoint>
<CgPoint
 name="1208"
 desc="TOP 2*"
>
5249.193633 4883.285088 106.938189
</CgPoint>
<CgPoint
 name="1209"
 desc="TOP 1*"
>
5252.746571 4858.655095 106.886612
</CgPoint>
<CgPoint
 name="1210"
 desc="TOP 1*"
>
5277.314943 4859.549597 111.056190
</CgPoint>
<CgPoint
 name="1211"
 desc="TOP 2*"
>
5287.137407 4875.830212 113.543203
</CgPoint>
<CgPoint
 name="1212"
 desc="TOP 1*"
>
5303.535586 4851.256896 120.510427
</CgPoint>
<CgPoint
 name="1213"
 desc="O/S* 8"
>
5162.881411 4918.652211 102.169161
</CgPoint>
<CgPoint
 name="1214"
 desc="O/S* 8"
>
5170.896153 4926.630315 102.014237
</CgPoint>
<CgPoint
 name="1215"
 desc="O/S* 8"
>
5211.375530 4926.348397 102.055345
</CgPoint>
<CgPoint
 name="1216"
 desc="O/S* 8"
>
5219.331285 4918.425993 102.289862
</CgPoint>
<CgPoint
 name="1217"
 desc="O/S* 8"
>
5213.829969 4964.641995 101.955909
</CgPoint>
<CgPoint
 name="1218"
 desc="O/S* 8"
>
5222.547551 4957.285437 101.702243
</CgPoint>
<CgPoint
 name="1219"
 desc="O/S* 8"
>
5230.547118 4958.256488 101.805395
</CgPoint>
<CgPoint
 name="1220"
 desc="O/S* 8"
>
5237.488537 4966.754544 101.954420
</CgPoint>
<CgPoint
 name="1221"
 desc="CLF*"
>
5219.362237 5030.343264 102.693376
</CgPoint>
<CgPoint
 name="1222"
 desc="CLF*"
>
5213.808637 5029.922661 102.746091
</CgPoint>
<CgPoint
 name="1223"
 desc="CLF*"
>
5217.755365 4970.500715 102.188790
</CgPoint>
<CgPoint
 name="1224"
 desc="CLF*"
>
5168.124707 4969.739532 99.410729
</CgPoint>
<CgPoint
 name="1225"
 desc="ALUM SHED*CLF"
>
5155.515809 4955.620379 100.950382
</CgPoint>
<CgPoint
 name="1226"
 desc="WOOD FNC*"
>
5121.580165 4860.558437 101.494941
</CgPoint>
<CgPoint
 name="1227"
 desc="WOOD FNC*"
>
5145.337508 4862.954361 100.569082
</CgPoint>
<CgPoint
 name="1228"
 desc="WOOD FNC*"
>
5145.212189 4865.120309 101.818644
</CgPoint>
<CgPoint
 name="1229"
 desc="WOOD FNC*"
>
5200.986372 4866.678573 101.814254
</CgPoint>
<CgPoint
 name="1230"
 desc="O/S*17"
>
5172.527585 4946.314157 101.706002
</CgPoint>
<CgPoint
 name="1231"
 desc="O/S*14"
>
5156.157325 4931.725407 101.918191
</CgPoint>
<CgPoint
 name="1232"
 desc="COV CARPORT*"
>
5150.370601 4923.434460 103.163970
</CgPoint>
<CgPoint
 name="1233"
 desc="COV CARPORT*"
>
5150.057949 4939.717690 103.181591
</CgPoint>
<CgPoint
 name="1234"
 desc="CLF*"
>
5144.370022 5028.236852 102.756610
</CgPoint>
<CgPoint
 name="1235"
 desc="CLF*GATE"
>
5144.385317 5024.491912 102.625324
</CgPoint>
<CgPoint
 name="1236"
 desc="CLF*GATE"
>
5144.290673 5020.453095 102.797914
</CgPoint>
</CgPoints>
<Alignments
 name="Points"
>
<Alignment
 name="Alignment22562"
 desc="TBC*"
 staStart="0.000000"
 length="388.938986"
>
<CoordGeom
>
<Line
>
<Start
 pntRef="1000"
>
5602.608617 4837.610332 139.199302
</Start>
<End
 pntRef="1008"
>
5603.372440 4882.047122 139.888455
</End>
</Line>
<Line
>
<Start
 pntRef="1008"
>
5603.372440 4882.047122 139.888455
</Start>
<End
 pntRef="1009"
>
5603.975403 4921.832801 140.482813
</End>
</Line>
<Line
>
<Start
 pntRef="1009"
>
5603.975403 4921.832801 140.482813
</Start>
<End
 pntRef="1012"
>
5604.729260 4966.295277 141.050753
</End>
</Line>
<Line
>
<Start
 pntRef="1012"
>
5604.729260 4966.295277 141.050753
</Start>
<End
 pntRef="1013"
>
5605.572395 5011.056127 141.569725
</End>
</Line>
<Curve
 rot="cw"
>
<Start
 pntRef="1013"
>
5605.572395 5011.056127 141.569725
</Start>
<Center
>
5578.805442 5010.977229
</Center>
<End
 pntRef="1029"
>
5604.826359 5017.253203 141.802124
</End>
</Curve>
<Curve
 rot="cw"
>
<Start
 pntRef="1029"
>
5604.826359 5017.253203 141.802124
</Start>
<Center
>
5596.315120 5015.213624
</Center>
<End
 pntRef="1031"
>
5601.032436 5022.585734 141.884324
</End>
</Curve>
<Line
>
<Start
 pntRef="1031"
>
5601.032436 5022.585734 141.884324
</Start>
<End
 pntRef="1032"
>
5600.785175 5022.518457 141.844543
</End>
</Line>
<Curve
 rot="cw"
>
<Start
 pntRef="1032"
>
5600.785175 5022.518457 141.844543
</Start>
<Center
>
5566.908567 4897.987990
</Center>
<End
 pntRef="1034"
>
5570.857510 5026.983601 142.055991
</End>
</Curve>
<Line
>
<Start
 pntRef="1034"
>
5570.857510 5026.983601 142.055991
</Start>
<End
 pntRef="1041"
>
5541.174303 5028.314310 142.088239
</End>
</Line>
<Line
>
<Start
 pntRef="1041"
>
5541.174303 5028.314310 142.088239
</Start>
<End
 pntRef="1042"
>
5500.652507 5030.076503 142.180661
</End>
</Line>
<Line
>
<Start
 pntRef="1042"
>
5500.652507 5030.076503 142.180661
</Start>
<End
 pntRef="1045"
>
5456.025591 5031.917714 142.389149
</End>
</Line>
<Line
>
<Start
 pntRef="1045"
>
5456.025591 5031.917714 142.389149
</Start>
<End
 pntRef="1046"
>
5422.026557 5033.442729 142.602711
</End>
</Line>
<Curve
 rot="ccw"
>
<Start
 pntRef="1046"
>
5422.026557 5033.442729 142.602711
</Start>
<Center
>
5422.721560 5048.613793
</Center>
<End
 pntRef="1050"
>
5407.536068 5048.401563 142.757921
</End>
</Curve>
</CoordGeom>
</Alignment>
<Alignment
 name="Alignment22564"
 desc="RO LIP"
 staStart="0.000000"
 length="46.759724"
>
<CoordGeom
>
<Curve
 rot="cw"
>
<Start
 pntRef="1021"
>
5608.213473 5011.877421 141.349186
</Start>
<Center
>
5585.279301 5011.213430
</Center>
<End
 pntRef="1023"
>
5605.626033 5021.816619 141.621458
</End>
</Curve>
<Curve
 rot="cw"
>
<Start
 pntRef="1023"
>
5605.626033 5021.816619 141.621458
</Start>
<Center
>
5600.512151 5019.366486
</Center>
<End
 pntRef="1025"
>
5601.923882 5024.858476 141.669267
</End>
</Curve>
<Curve
 rot="cw"
>
<Start
 pntRef="1025"
>
5601.923882 5024.858476 141.669267
</Start>
<Center
>
5569.708869 4917.007888
</Center>
<End
 pntRef="1027"
>
5570.926122 5029.560430 141.719445
</End>
</Curve>
</CoordGeom>
</Alignment>
<Alignment
 name="Alignment22566"
 desc="RO LIP"
 staStart="0.000000"
 length="18.717933"
>
<CoordGeom
>
<Line
>
<Start
 pntRef="1047"
>
5422.100141 5035.815212 142.178189
</Start>
<End
 pntRef="1048"
>
5413.279026 5040.139542 142.391610
</End>
</Line>
<Line
>
<Start
 pntRef="1048"
>
5413.279026 5040.139542 142.391610
</Start>
<End
 pntRef="1051"
>
5410.137324 5048.460054 142.495277
</End>
</Line>
</CoordGeom>
</Alignment>
<Alignment
 name="Alignment22568"
 desc="CONC*"
 staStart="0.000000"
 length="13.087041"
>
<CoordGeom
>
<Line
>
<Start
 pntRef="1055"
>
5427.116406 5043.277833 142.472356
</Start>
<End
 pntRef="1056"
>
5426.969097 5038.896124 142.241039
</End>
</Line>
<Line
>
<Start
 pntRef="1056"
>
5426.969097 5038.896124 142.241039
</Start>
<End
 pntRef="1057"
>
5422.774779 5038.959212 142.301630
</End>
</Line>
<Line
>
<Start
 pntRef="1057"
>
5422.774779 5038.959212 142.301630
</Start>
<End
 pntRef="1058"
>
5422.685292 5043.466388 142.532046
</End>
</Line>
</CoordGeom>
</Alignment>
<Alignment
 name="Alignment26528"
 desc="TOP*"
 staStart="0.000000"
 length="274.258481"
>
<CoordGeom
>
<Line
>
<Start
 pntRef="1107"
>
5288.666993 5030.274529 139.754238
</Start>
<End
 pntRef="1108"
>
5291.115717 5005.624779 137.816947
</End>
</Line>
<Line
>
<Start
 pntRef="1108"
>
5291.115717 5005.624779 137.816947
</Start>
<End
 pntRef="1109"
>
5293.643867 4993.940088 136.787049
</End>
</Line>
<Curve
 rot="ccw"
>
<Start
 pntRef="1109"
>
5293.643867 4993.940088 136.787049
</Start>
<Center
>
5289.686002 4979.994907
</Center>
<End
 pntRef="1111"
>
5290.398941 4965.516492 132.835537
</End>
</Curve>
<Line
>
<Start
 pntRef="1111"
>
5290.398941 4965.516492 132.835537
</Start>
<End
 pntRef="1112"
>
5298.374550 4939.329025 132.592987
</End>
</Line>
<Line
>
<Start
 pntRef="1112"
>
5298.374550 4939.329025 132.592987
</Start>
<End
 pntRef="1113"
>
5297.331771 4911.341607 130.379453
</End>
</Line>
<Line
>
<Start
 pntRef="1113"
>
5297.331771 4911.341607 130.379453
</Start>
<End
 pntRef="1114"
>
5324.629067 4897.442737 130.969406
</End>
</Line>
<Line
>
<Start
 pntRef="1114"
>
5324.629067 4897.442737 130.969406
</Start>
<End
 pntRef="1115"
>
5340.224908 4891.788221 131.045457
</End>
</Line>
<Line
>
<Start
 pntRef="1115"
>
5340.224908 4891.788221 131.045457
</Start>
<End
 pntRef="1116"
>
5372.934882 4885.898083 131.770281
</End>
</Line>
<Line
>
<Start
 pntRef="1116"
>
5372.934882 4885.898083 131.770281
</Start>
<End
 pntRef="1117"
>
5376.686766 4866.091145 131.359155
</End>
</Line>
<Line
>
<Start
 pntRef="1117"
>
5376.686766 4866.091145 131.359155
</Start>
<End
 pntRef="1118"
>
5355.680931 4856.797243 130.547148
</End>
</Line>
<Line
>
<Start
 pntRef="1118"
>
5355.680931 4856.797243 130.547148
</Start>
<End
 pntRef="1119"
>
5345.885442 4842.000229 129.742357
</End>
</Line>
</CoordGeom>
</Alignment>
<Alignment
 name="Alignment26530"
 desc="TOP*"
 staStart="0.000000"
 length="345.876308"
>
<CoordGeom
>
<Line
>
<Start
 pntRef="1120"
>
5312.711014 5002.261456 139.749945
</Start>
<End
 pntRef="1121"
>
5344.640256 4981.534024 139.941644
</End>
</Line>
<Line
>
<Start
 pntRef="1121"
>
5344.640256 4981.534024 139.941644
</Start>
<End
 pntRef="1122"
>
5352.679809 4956.515172 139.292079
</End>
</Line>
<Line
>
<Start
 pntRef="1122"
>
5352.679809 4956.515172 139.292079
</Start>
<End
 pntRef="1123"
>
5365.517704 4956.843507 138.875021
</End>
</Line>
<Line
>
<Start
 pntRef="1123"
>
5365.517704 4956.843507 138.875021
</Start>
<End
 pntRef="1124"
>
5364.112941 4942.617485 138.398035
</End>
</Line>
<Line
>
<Start
 pntRef="1124"
>
5364.112941 4942.617485 138.398035
</Start>
<End
 pntRef="1125"
>
5373.622254 4935.698728 136.472300
</End>
</Line>
<Line
>
<Start
 pntRef="1125"
>
5373.622254 4935.698728 136.472300
</Start>
<End
 pntRef="1126"
>
5380.831425 4958.303196 138.997382
</End>
</Line>
<Line
>
<Start
 pntRef="1126"
>
5380.831425 4958.303196 138.997382
</Start>
<End
 pntRef="1127"
>
5388.067652 4978.119442 139.317861
</End>
</Line>
<Curve
 rot="ccw"
>
<Start
 pntRef="1127"
>
5388.067652 4978.119442 139.317861
</Start>
<Center
>
5394.100229 4974.812135
</Center>
<End
 pntRef="1129"
>
5400.676521 4972.791580 139.054734
</End>
</Curve>
<Line
>
<Start
 pntRef="1129"
>
5400.676521 4972.791580 139.054734
</Start>
<End
 pntRef="1130"
>
5403.714865 4958.541418 138.832949
</End>
</Line>
<Line
>
<Start
 pntRef="1130"
>
5403.714865 4958.541418 138.832949
</Start>
<End
 pntRef="1131"
>
5410.941156 4942.125394 138.380595
</End>
</Line>
<Line
>
<Start
 pntRef="1131"
>
5410.941156 4942.125394 138.380595
</Start>
<End
 pntRef="1132"
>
5411.854702 4924.038813 137.747961
</End>
</Line>
<Line
>
<Start
 pntRef="1132"
>
5411.854702 4924.038813 137.747961
</Start>
<End
 pntRef="1133"
>
5430.686365 4912.692685 138.082111
</End>
</Line>
<Line
>
<Start
 pntRef="1133"
>
5430.686365 4912.692685 138.082111
</Start>
<End
 pntRef="1134"
>
5439.713161 4896.201740 138.026499
</End>
</Line>
<Line
>
<Start
 pntRef="1134"
>
5439.713161 4896.201740 138.026499
</Start>
<End
 pntRef="1135"
>
5455.175319 4894.191243 137.764025
</End>
</Line>
<Curve
 rot="ccw"
>
<Start
 pntRef="1135"
>
5455.175319 4894.191243 137.764025
</Start>
<Center
>
5445.927247 4882.824942
</Center>
<End
 pntRef="1137"
>
5456.966308 4873.188616 137.012694
</End>
</Curve>
<Line
>
<Start
 pntRef="1137"
>
5456.966308 4873.188616 137.012694
</Start>
<End
 pntRef="1138"
>
5438.435419 4871.365573 136.782715
</End>
</Line>
<Line
>
<Start
 pntRef="1138"
>
5438.435419 4871.365573 136.782715
</Start>
<End
 pntRef="1139"
>
5423.922882 4871.704942 135.195044
</End>
</Line>
<Curve
 rot="cw"
>
<Start
 pntRef="1139"
>
5423.922882 4871.704942 135.195044
</Start>
<Center
>
5427.842601 4861.074233
</Center>
<End
 pntRef="1141"
>
5416.513217 4860.928558 135.288514
</End>
</Curve>
</CoordGeom>
</Alignment>
<Alignment
 name="Alignment26534"
 desc="WIRE FNC*"
 staStart="0.000000"
 length="37.410551"
>
<CoordGeom
>
<Line
>
<Start
 pntRef="1142"
>
5417.001052 4861.055642 135.077817
</Start>
<End
 pntRef="1143"
>
5416.694532 4864.918007 134.697181
</End>
</Line>
<Line
>
<Start
 pntRef="1143"
>
5416.694532 4864.918007 134.697181
</Start>
<End
 pntRef="1144"
>
5422.454135 4870.734364 135.192452
</End>
</Line>
<Line
>
<Start
 pntRef="1144"
>
5422.454135 4870.734364 135.192452
</Start>
<End
 pntRef="1145"
>
5423.554727 4870.962898 135.346284
</End>
</Line>
<Line
>
<Start
 pntRef="1145"
>
5423.554727 4870.962898 135.346284
</Start>
<End
 pntRef="1146"
>
5447.780782 4870.827105 136.998454
</End>
</Line>
</CoordGeom>
</Alignment>
<Alignment
 name="Alignment26535"
 desc="CLF*"
 staStart="0.000000"
 length="86.169311"
>
<CoordGeom
>
<Line
>
<Start
 pntRef="1147"
>
5452.659298 4870.782554 136.782400
</Start>
<End
 pntRef="1148"
>
5538.816705 4869.350300 138.197099
</End>
</Line>
</CoordGeom>
</Alignment>
<Alignment
 name="Alignment26539"
 desc="CLF*"
 staStart="0.000000"
 length="34.266936"
>
<CoordGeom
>
<Line
>
<Start
 pntRef="1149"
>
5542.908718 4869.398424 138.272999
</Start>
<End
 pntRef="1150"
>
5574.856480 4868.914985 138.987618
</End>
</Line>
<Line
>
<Start
 pntRef="1150"
>
5574.856480 4868.914985 138.987618
</Start>
<End
 pntRef="1151"
>
5574.881912 4866.599608 138.772118
</End>
</Line>
</CoordGeom>
</Alignment>
<Alignment
 name="Alignment26542"
 desc="WOOD FNC*"
 staStart="0.000000"
 length="2.945167"
>
<CoordGeom
>
<Line
>
<Start
 pntRef="1152"
>
5590.443130 4868.226188 140.042288
</Start>
<End
 pntRef="1153"
>
5590.561917 4865.283417 139.454366
</End>
</Line>
</CoordGeom>
</Alignment>
<Alignment
 name="Alignment26545"
 desc="OHE*"
 staStart="0.000000"
 length="108.149293"
>
<CoordGeom
>
<Line
>
<Start
 pntRef="1154"
>
5618.150875 4870.818824 139.266020
</Start>
<End
 pntRef="1155"
>
5596.527518 4869.980677 140.890478
</End>
</Line>
<Line
>
<Start
 pntRef="1155"
>
5596.527518 4869.980677 140.890478
</Start>
<End
 pntRef="1156"
>
5510.017869 4870.073748 138.308298
</End>
</Line>
</CoordGeom>
</Alignment>
<Alignment
 name="Alignment26549"
 desc="TOP*"
 staStart="0.000000"
 length="134.628049"
>
<CoordGeom
>
<Line
>
<Start
 pntRef="1157"
>
5582.493711 4876.132044 140.151038
</Start>
<End
 pntRef="1158"
>
5553.724361 4880.662130 139.505442
</End>
</Line>
<Line
>
<Start
 pntRef="1158"
>
5553.724361 4880.662130 139.505442
</Start>
<End
 pntRef="1161"
>
5541.706898 4880.190094 139.334401
</End>
</Line>
<Line
>
<Start
 pntRef="1161"
>
5541.706898 4880.190094 139.334401
</Start>
<End
 pntRef="1162"
>
5504.230304 4881.103498 138.564586
</End>
</Line>
<Line
>
<Start
 pntRef="1162"
>
5504.230304 4881.103498 138.564586
</Start>
<End
 pntRef="1165"
>
5472.400563 4880.456827 137.949645
</End>
</Line>
<Line
>
<Start
 pntRef="1165"
>
5472.400563 4880.456827 137.949645
</Start>
<End
 pntRef="1167"
>
5448.278413 4879.227384 136.403653
</End>
</Line>
</CoordGeom>
</Alignment>
<Alignment
 name="Alignment26548"
 desc="OHE*"
 staStart="0.000000"
 length="58.672772"
>
<CoordGeom
>
<Line
>
<Start
 pntRef="1168"
>
5447.071115 4999.448668 141.550503
</Start>
<End
 pntRef="1169"
>
5448.711864 5058.098494 142.955887
</End>
</Line>
</CoordGeom>
</Alignment>
<Alignment
 name="Alignment26550"
 desc="BLK WALL*"
 staStart="0.000000"
 length="35.312663"
>
<CoordGeom
>
<Line
>
<Start
 pntRef="1170"
>
5404.408868 5044.411730 143.119025
</Start>
<End
 pntRef="1171"
>
5404.365326 5032.029141 142.447962
</End>
</Line>
<Line
>
<Start
 pntRef="1171"
>
5404.365326 5032.029141 142.447962
</Start>
<End
 pntRef="1172"
>
5381.441902 5031.480120 142.004706
</End>
</Line>
</CoordGeom>
</Alignment>
<Alignment
 name="Alignment26533"
 desc="CL ARROYO*"
 staStart="0.000000"
 length="282.130586"
>
<CoordGeom
>
<Line
>
<Start
 pntRef="1192"
>
5391.952065 4976.178083 138.500378
</Start>
<End
 pntRef="1193"
>
5391.292545 4960.639689 135.547552
</End>
</Line>
<Line
>
<Start
 pntRef="1193"
>
5391.292545 4960.639689 135.547552
</Start>
<End
 pntRef="1194"
>
5389.577067 4944.831064 134.026389
</End>
</Line>
<Line
>
<Start
 pntRef="1194"
>
5389.577067 4944.831064 134.026389
</Start>
<End
 pntRef="1195"
>
5385.861357 4933.173202 134.513525
</End>
</Line>
<Line
>
<Start
 pntRef="1195"
>
5385.861357 4933.173202 134.513525
</Start>
<End
 pntRef="1196"
>
5377.496747 4879.226795 131.668290
</End>
</Line>
<Line
>
<Start
 pntRef="1196"
>
5377.496747 4879.226795 131.668290
</Start>
<End
 pntRef="1197"
>
5347.131067 4872.750115 123.710651
</End>
</Line>
<Line
>
<Start
 pntRef="1197"
>
5347.131067 4872.750115 123.710651
</Start>
<End
 pntRef="1198"
>
5328.877249 4869.214324 118.212812
</End>
</Line>
<Line
>
<Start
 pntRef="1198"
>
5328.877249 4869.214324 118.212812
</Start>
<End
 pntRef="1199"
>
5310.008966 4867.696509 114.939998
</End>
</Line>
<Line
>
<Start
 pntRef="1199"
>
5310.008966 4867.696509 114.939998
</Start>
<End
 pntRef="1200"
>
5276.565087 4867.587809 108.869666
</End>
</Line>
<Line
>
<Start
 pntRef="1200"
>
5276.565087 4867.587809 108.869666
</Start>
<End
 pntRef="1201"
>
5226.919200 4866.102702 102.940585
</End>
</Line>
<Line
>
<Start
 pntRef="1201"
>
5226.919200 4866.102702 102.940585
</Start>
<End
 pntRef="1202"
>
5194.855611 4863.527423 102.240842
</End>
</Line>
</CoordGeom>
</Alignment>
<Alignment
 name="Alignment26568"
 desc="TOP 2*"
 staStart="0.000000"
 length="116.333147"
>
<CoordGeom
>
<Line
>
<Start
 pntRef="1204"
>
5173.704343 4868.427887 104.001250
</Start>
<End
 pntRef="1205"
>
5202.497250 4872.760669 104.252081
</End>
</Line>
<Line
>
<Start
 pntRef="1205"
>
5202.497250 4872.760669 104.252081
</Start>
<End
 pntRef="1206"
>
5225.949000 4882.190202 105.809991
</End>
</Line>
<Line
>
<Start
 pntRef="1206"
>
5225.949000 4882.190202 105.809991
</Start>
<End
 pntRef="1208"
>
5249.193633 4883.285088 106.938189
</End>
</Line>
<Line
>
<Start
 pntRef="1208"
>
5249.193633 4883.285088 106.938189
</Start>
<End
 pntRef="1211"
>
5287.137407 4875.830212 113.543203
</End>
</Line>
</CoordGeom>
</Alignment>
<Alignment
 name="Alignment26567"
 desc="TOP 1*"
 staStart="0.000000"
 length="108.316318"
>
<CoordGeom
>
<Line
>
<Start
 pntRef="1203"
>
5196.823014 4855.711818 103.892083
</Start>
<End
 pntRef="1207"
>
5230.444824 4854.987492 104.820596
</End>
</Line>
<Line
>
<Start
 pntRef="1207"
>
5230.444824 4854.987492 104.820596
</Start>
<End
 pntRef="1209"
>
5252.746571 4858.655095 106.886612
</End>
</Line>
<Line
>
<Start
 pntRef="1209"
>
5252.746571 4858.655095 106.886612
</Start>
<End
 pntRef="1210"
>
5277.314943 4859.549597 111.056190
</End>
</Line>
<Line
>
<Start
 pntRef="1210"
>
5277.314943 4859.549597 111.056190
</Start>
<End
 pntRef="1212"
>
5303.535586 4851.256896 120.510427
</End>
</Line>
</CoordGeom>
</Alignment>
</Alignments>
</LandXML>
