<?xml version="1.0"?>
<LandXML xmlns="http://www.landxml.org/schema/LandXML-1.0"  xmlns:xsi="http://www.w3.org/2001/XMLSchema-instance" xsi:schemaLocation="http://www.landxml.org/schema/LandXML-1.0 http://www.landxml.org/schema/LandXML-1.0/LandXML-1.0.xsd" version="1.0" date="2006-08-14" time="07:56:11" readOnly="false" language="English">
<Project name="057-06 HELSTF 2.JOB"/>
<Units>
<Imperial linearUnit="foot" areaUnit="squareFoot" volumeUnit="cubicFeet" temperatureUnit="fahrenheit" pressureUnit="inchHG" angularUnit="decimal degrees" directionUnit="decimal degrees"/>
</Units>
<Application name="Survey Pro" manufacturer="Tripod Data Systems" version="4.0" manufacturerURL="www.tdsway.com"/>
<CgPoints
 name="Points"
>

<CgPoint
 name="1"
 desc="TCB-2"
>

11850519.491039 1228669.357339 3953.157906
</CgPoint>

<CgPoint
 name="2"
 desc="TCB-EA"
>

11850566.111132 1228717.127434 3950.977902
</CgPoint>

<CgPoint
 name="3"
 desc="TCB-1"
>

11850558.821118 1228649.997300 3953.247906
</CgPoint>

<CgPoint
 name="4"
 desc=""
>

11850788.668596 1228990.121660 3948.687808
</CgPoint>

<CgPoint
 name="9"
 desc="TCB-ER2"
>

11850713.681427 1229018.038036 3948.887898
</CgPoint>

<CgPoint
 name="10"
 desc="TCB-ER1"
>

11850885.861772 1228862.927726 3948.367897
</CgPoint>

<CgPoint
 name="100"
 desc="SLAB"
>

11850552.633105 1228703.348407 0.000000
</CgPoint>

<CgPoint
 name="101"
 desc="SLAB"
>

11850556.678313 1228701.358403 0.000000
</CgPoint>

<CgPoint
 name="102"
 desc="SLAB"
>

11850561.321423 1228710.797322 0.000000
</CgPoint>

<CgPoint
 name="103"
 desc="SLAB"
>

11850557.276215 1228712.787226 0.000000
</CgPoint>

<CgPoint
 name="104"
 desc="SLAB"
>

11850576.878654 1228721.199242 0.000000
</CgPoint>

<CgPoint
 name="105"
 desc="SLAB"
>

11850587.374775 1228721.892844 0.000000
</CgPoint>

<CgPoint
 name="106"
 desc="SLAB"
>

11850587.077574 1228726.391253 0.000000
</CgPoint>

<CgPoint
 name="107"
 desc="SLAB"
>

11850576.581353 1228725.697551 0.000000
</CgPoint>

<CgPoint
 name="108"
 desc="SLAB"
>

11850559.793720 1228733.964968 0.000000
</CgPoint>

<CgPoint
 name="109"
 desc="SLAB"
>

11850553.944908 1228742.708085 0.000000
</CgPoint>

<CgPoint
 name="110"
 desc="SLAB"
>

11850550.197900 1228740.201480 0.000000
</CgPoint>

<CgPoint
 name="111"
 desc="SLAB"
>

11850556.046712 1228731.458363 0.000000
</CgPoint>

<CgPoint
 name="112"
 desc="FOW"
>

11850620.987842 1228765.877032 0.000000
</CgPoint>

<CgPoint
 name="113"
 desc="FOW"
>

11850605.292211 1228755.904712 0.000000
</CgPoint>

<CgPoint
 name="114"
 desc="FOW"
>

11850501.920504 1228806.460713 0.000000
</CgPoint>

<CgPoint
 name="200"
 desc="SLAB VERIFY"
>

11850672.143918 1228853.599150 3951.729799
</CgPoint>

<CgPoint
 name="201"
 desc="SLAB VERIFY"
>

11850654.269856 1228873.178757 3951.606489
</CgPoint>

<CgPoint
 name="202"
 desc="SLAB VERIFY"
>

11850674.646376 1228855.207662 3951.733043
</CgPoint>

<CgPoint
 name="203"
 desc="SLAB VERIFY"
>

11850657.768785 1228876.338090 3951.619535
</CgPoint>

<CgPoint
 name="204"
 desc="SLAB VERIFY"
>

11850631.740850 1228902.342889 3951.563383
</CgPoint>

<CgPoint
 name="205"
 desc="SLAB VERIFY"
>

11850629.130024 1228897.929619 3951.567037
</CgPoint>

<CgPoint
 name="206"
 desc="SLAB VERIFY"
>

11850611.726605 1228924.327051 3951.653202
</CgPoint>

<CgPoint
 name="207"
 desc="SLAB VERIFY"
>

11850609.034897 1228920.442362 3951.633525
</CgPoint>

<CgPoint
 name="500"
 desc="CONC BRKL"
>

11850517.581456 1228675.636275 3953.092899
</CgPoint>

<CgPoint
 name="501"
 desc="CONC BRKL"
>

11850516.364928 1228691.466123 3952.505706
</CgPoint>

<CgPoint
 name="502"
 desc="CONC BRKL"
>

11850514.696660 1228712.001417 3951.581365
</CgPoint>

<CgPoint
 name="503"
 desc="CONC"
>

11850516.127697 1228675.178940 3951.526000
</CgPoint>

<CgPoint
 name="504"
 desc="CONC"
>

11850514.117122 1228694.213369 3951.129135
</CgPoint>

<CgPoint
 name="505"
 desc="NG"
>

11850514.618600 1228675.881614 3951.490685
</CgPoint>

<CgPoint
 name="506"
 desc="NG"
>

11850512.434545 1228693.585127 3951.063423
</CgPoint>

<CgPoint
 name="507"
 desc="NG"
>

11850511.026195 1228711.869481 3950.717739
</CgPoint>

<CgPoint
 name="508"
 desc="CONC"
>

11850512.830367 1228711.873650 3951.103531
</CgPoint>

<CgPoint
 name="509"
 desc="CONC"
>

11850514.799526 1228712.115855 3951.580935
</CgPoint>

<CgPoint
 name="510"
 desc="CONC"
>

11850515.134953 1228712.163527 3951.537490
</CgPoint>

<CgPoint
 name="511"
 desc="CONC"
>

11850514.124904 1228724.555556 3950.987777
</CgPoint>

<CgPoint
 name="512"
 desc="CONC"
>

11850529.633532 1228726.092532 3951.025391
</CgPoint>

<CgPoint
 name="513"
 desc="CONC"
>

11850543.666912 1228724.690611 3950.991450
</CgPoint>

<CgPoint
 name="514"
 desc="CONC"
>

11850557.014570 1228721.590232 3951.029026
</CgPoint>

<CgPoint
 name="515"
 desc="CONC"
>

11850566.787603 1228717.490547 3950.961823
</CgPoint>

<CgPoint
 name="516"
 desc="CONC"
>

11850579.083112 1228710.491452 3951.034994
</CgPoint>

<CgPoint
 name="517"
 desc="CONC"
>

11850587.086829 1228703.989360 3950.990317
</CgPoint>

<CgPoint
 name="518"
 desc="CONC"
>

11850596.071335 1228694.708585 3951.007755
</CgPoint>

<CgPoint
 name="519"
 desc="CONC"
>

11850605.250100 1228680.352256 3951.024038
</CgPoint>

<CgPoint
 name="520"
 desc="CONC"
>

11850595.115833 1228673.412675 3951.605564
</CgPoint>

<CgPoint
 name="521"
 desc="CONC"
>

11850595.339903 1228673.056743 3951.586828
</CgPoint>

<CgPoint
 name="522"
 desc="CONC"
>

11850596.353029 1228671.415370 3951.112275
</CgPoint>

<CgPoint
 name="523"
 desc="CONC"
>

11850580.521241 1228660.690773 3951.237199
</CgPoint>

<CgPoint
 name="524"
 desc="CONC"
>

11850564.101119 1228649.354508 3951.253249
</CgPoint>

<CgPoint
 name="525"
 desc="CONC BRKL"
>

11850564.681428 1228652.133336 3953.475694
</CgPoint>

<CgPoint
 name="526"
 desc="CONC BRKL"
>

11850579.631408 1228662.400697 3952.498826
</CgPoint>

<CgPoint
 name="527"
 desc="CONC BRKL"
>

11850595.185352 1228673.040804 3951.645003
</CgPoint>

<CgPoint
 name="528"
 desc="CONC"
>

11850581.445727 1228692.068729 3951.488101
</CgPoint>

<CgPoint
 name="529"
 desc="CONC"
>

11850560.821791 1228704.738496 3951.479652
</CgPoint>

<CgPoint
 name="530"
 desc="CONC"
>

11850538.708817 1228713.824964 3951.485130
</CgPoint>

<CgPoint
 name="531"
 desc="CONC"
>

11850531.947959 1228700.177513 3952.085828
</CgPoint>

<CgPoint
 name="532"
 desc="CONC"
>

11850553.388872 1228689.669598 3952.122591
</CgPoint>

<CgPoint
 name="533"
 desc="CONC"
>

11850575.063436 1228679.126004 3952.102462
</CgPoint>

<CgPoint
 name="534"
 desc="CONC"
>

11850564.990123 1228657.989561 3953.012019
</CgPoint>

<CgPoint
 name="535"
 desc="CONC"
>

11850543.475675 1228668.382382 3952.991844
</CgPoint>

<CgPoint
 name="536"
 desc="CONC"
>

11850521.524611 1228678.057921 3953.024482
</CgPoint>

<CgPoint
 name="537"
 desc="CONC"
>

11850521.674254 1228691.735103 3952.472991
</CgPoint>

<CgPoint
 name="538"
 desc="CONC"
>

11850537.311971 1228683.465238 3952.633065
</CgPoint>

<CgPoint
 name="539"
 desc="CONC"
>

11850558.343325 1228673.753012 3952.606723
</CgPoint>

<CgPoint
 name="540"
 desc="CONC"
>

11850574.517376 1228665.431470 3952.563483
</CgPoint>

<CgPoint
 name="541"
 desc="CONC"
>

11850589.529729 1228683.684832 3951.516611
</CgPoint>

<CgPoint
 name="542"
 desc="CONC"
>

11850570.528398 1228697.554495 3951.589854
</CgPoint>

<CgPoint
 name="543"
 desc="CONC"
>

11850548.733779 1228708.247466 3951.627816
</CgPoint>

<CgPoint
 name="544"
 desc="CONC"
>

11850525.429073 1228713.711818 3951.589375
</CgPoint>

<CgPoint
 name="545"
 desc="CONC"
>

11850510.200398 1228759.247791 3951.003854
</CgPoint>

<CgPoint
 name="546"
 desc="CONC"
>

11850510.453509 1228755.587289 3950.975553
</CgPoint>

<CgPoint
 name="547"
 desc="CONC"
>

11850506.928909 1228755.389658 3950.957744
</CgPoint>

<CgPoint
 name="548"
 desc="CONC"
>

11850506.691180 1228758.926082 3950.988046
</CgPoint>

<CgPoint
 name="549"
 desc="NG"
>

11850511.159316 1228759.326743 3949.919409
</CgPoint>

<CgPoint
 name="550"
 desc="NG"
>

11850511.038208 1228754.654809 3950.149328
</CgPoint>

<CgPoint
 name="551"
 desc=".35&apos;POLE"
>

11850511.813208 1228755.776019 3949.797736
</CgPoint>

<CgPoint
 name="552"
 desc=".35&apos;POLE"
>

11850514.363060 1228759.717514 3949.930938
</CgPoint>

<CgPoint
 name="553"
 desc=".35&apos;POLE"
>

11850516.968124 1228763.798878 3949.975795
</CgPoint>

<CgPoint
 name="554"
 desc=".35&apos;POLE"
>

11850509.156177 1228750.998949 3950.112769
</CgPoint>

<CgPoint
 name="555"
 desc="CONC"
>

11850591.890361 1228800.495079 3968.907291
</CgPoint>

<CgPoint
 name="556"
 desc="CONC"
>

11850604.904811 1228797.670301 3968.876613
</CgPoint>

<CgPoint
 name="557"
 desc="CONC"
>

11850607.130646 1228807.999001 3968.864085
</CgPoint>

<CgPoint
 name="558"
 desc="CONC"
>

11850606.995886 1228808.047961 3968.838197
</CgPoint>

<CgPoint
 name="559"
 desc="CONC"
>

11850607.710693 1228811.627470 3968.419893
</CgPoint>

<CgPoint
 name="560"
 desc="CONC"
>

11850595.011501 1228814.480152 3968.346721
</CgPoint>

<CgPoint
 name="561"
 desc="CONC"
>

11850594.222002 1228810.744574 3968.686224
</CgPoint>

<CgPoint
 name="562"
 desc="CONC"
>

11850594.034639 1228810.794944 3968.895751
</CgPoint>

<CgPoint
 name="563"
 desc="BOS"
>

11850600.976053 1228745.104229 3949.995287
</CgPoint>

<CgPoint
 name="564"
 desc="BOS"
>

11850585.249163 1228744.614472 3950.192415
</CgPoint>

<CgPoint
 name="565"
 desc="BOS"
>

11850567.584503 1228746.407470 3950.187631
</CgPoint>

<CgPoint
 name="566"
 desc="BOS"
>

11850548.773300 1228751.737318 3950.428976
</CgPoint>

<CgPoint
 name="567"
 desc="BOS"
>

11850528.652609 1228760.901818 3950.294451
</CgPoint>

<CgPoint
 name="568"
 desc="BOS"
>

11850510.270070 1228772.603586 3949.842053
</CgPoint>

<CgPoint
 name="569"
 desc="BOS"
>

11850500.799354 1228789.422197 3950.176505
</CgPoint>

<CgPoint
 name="570"
 desc="BOS"
>

11850493.779280 1228807.383452 3950.091151
</CgPoint>

<CgPoint
 name="571"
 desc="BOS"
>

11850487.680010 1228826.307609 3949.533762
</CgPoint>

<CgPoint
 name="572"
 desc="BOS"
>

11850486.746700 1228846.081589 3949.267911
</CgPoint>

<CgPoint
 name="573"
 desc="BOS"
>

11850493.168984 1228863.838474 3949.335306
</CgPoint>

<CgPoint
 name="574"
 desc="BOS"
>

11850502.705723 1228879.074709 3949.053363
</CgPoint>

<CgPoint
 name="575"
 desc="BOS"
>

11850525.929283 1228889.846060 3949.446111
</CgPoint>

<CgPoint
 name="576"
 desc="BOS"
>

11850543.687793 1228895.750435 3949.353825
</CgPoint>

<CgPoint
 name="577"
 desc="BOS"
>

11850562.209184 1228894.235745 3949.643654
</CgPoint>

<CgPoint
 name="578"
 desc="BOS"
>

11850582.872240 1228889.064072 3949.719508
</CgPoint>

<CgPoint
 name="579"
 desc="BOS"
>

11850602.289463 1228879.383528 3949.608869
</CgPoint>

<CgPoint
 name="580"
 desc="BOS"
>

11850622.434374 1228866.717784 3949.684599
</CgPoint>

<CgPoint
 name="581"
 desc="BOS"
>

11850640.657285 1228854.869033 3949.412826
</CgPoint>

<CgPoint
 name="582"
 desc="BOS"
>

11850657.607678 1228837.466629 3949.268049
</CgPoint>

<CgPoint
 name="583"
 desc="BOS"
>

11850665.498410 1228823.870996 3949.223895
</CgPoint>

<CgPoint
 name="584"
 desc="BOS"
>

11850667.899530 1228813.511064 3949.379937
</CgPoint>

<CgPoint
 name="585"
 desc="BOS"
>

11850665.377481 1228799.506517 3949.881074
</CgPoint>

<CgPoint
 name="586"
 desc="BOS"
>

11850661.486003 1228787.628680 3950.134115
</CgPoint>

<CgPoint
 name="587"
 desc="BOS"
>

11850649.820809 1228774.183349 3950.100935
</CgPoint>

<CgPoint
 name="588"
 desc="BOS"
>

11850635.556769 1228761.773403 3950.102432
</CgPoint>

<CgPoint
 name="589"
 desc="BOS"
>

11850621.299305 1228749.657347 3949.780290
</CgPoint>

<CgPoint
 name="590"
 desc="BOS"
>

11850609.258546 1228746.438669 3949.940553
</CgPoint>

<CgPoint
 name="591"
 desc="NG"
>

11850607.365623 1228757.034687 3953.198086
</CgPoint>

<CgPoint
 name="592"
 desc="NG"
>

11850604.094402 1228768.765100 3958.060644
</CgPoint>

<CgPoint
 name="593"
 desc="NG"
>

11850603.161670 1228782.045327 3963.379960
</CgPoint>

<CgPoint
 name="594"
 desc="NG"
>

11850587.872873 1228784.377481 3964.306782
</CgPoint>

<CgPoint
 name="595"
 desc="NG"
>

11850569.987802 1228791.232914 3964.984117
</CgPoint>

<CgPoint
 name="596"
 desc="NG"
>

11850550.446146 1228799.428280 3964.651754
</CgPoint>

<CgPoint
 name="597"
 desc="NG"
>

11850540.395926 1228809.562994 3965.191407
</CgPoint>

<CgPoint
 name="598"
 desc="NG"
>

11850534.077003 1228803.015793 3962.029854
</CgPoint>

<CgPoint
 name="599"
 desc="NG"
>

11850544.551836 1228791.420354 3961.082963
</CgPoint>

<CgPoint
 name="600"
 desc="NG"
>

11850560.542998 1228782.745236 3960.995526
</CgPoint>

<CgPoint
 name="601"
 desc="NG"
>

11850575.579162 1228775.913281 3960.472609
</CgPoint>

<CgPoint
 name="602"
 desc="NG"
>

11850593.077795 1228769.459061 3958.719992
</CgPoint>

<CgPoint
 name="603"
 desc="NG"
>

11850591.395370 1228757.464106 3954.466804
</CgPoint>

<CgPoint
 name="604"
 desc="NG"
>

11850573.723280 1228761.267245 3955.227026
</CgPoint>

<CgPoint
 name="605"
 desc="NG"
>

11850588.110233 1228749.829792 3951.574968
</CgPoint>

<CgPoint
 name="606"
 desc="NG"
>

11850571.869647 1228751.082520 3951.429150
</CgPoint>

<CgPoint
 name="607"
 desc="NG"
>

11850553.709798 1228771.935356 3956.500686
</CgPoint>

<CgPoint
 name="608"
 desc="NG"
>

11850553.102840 1228760.028706 3952.589649
</CgPoint>

<CgPoint
 name="609"
 desc="NG"
>

11850537.989695 1228767.078205 3952.669131
</CgPoint>

<CgPoint
 name="610"
 desc="NG"
>

11850541.563984 1228780.417447 3957.170211
</CgPoint>

<CgPoint
 name="611"
 desc="NG"
>

11850541.542780 1228780.415305 3957.171312
</CgPoint>

<CgPoint
 name="612"
 desc="NG"
>

11850532.644516 1228785.285793 3956.894524
</CgPoint>

<CgPoint
 name="613"
 desc="NG"
>

11850524.501728 1228792.251566 3956.970924
</CgPoint>

<CgPoint
 name="614"
 desc="NG"
>

11850525.417833 1228775.874091 3953.034369
</CgPoint>

<CgPoint
 name="615"
 desc="NG"
>

11850516.752429 1228783.682292 3953.143538
</CgPoint>

<CgPoint
 name="616"
 desc="NG"
>

11850508.375334 1228795.270555 3953.254771
</CgPoint>

<CgPoint
 name="617"
 desc="NG"
>

11850519.300422 1228803.729368 3958.270281
</CgPoint>

<CgPoint
 name="618"
 desc="NG"
>

11850529.010818 1228810.728108 3962.324851
</CgPoint>

<CgPoint
 name="619"
 desc="NG"
>

11850537.683976 1228818.469889 3966.146098
</CgPoint>

<CgPoint
 name="620"
 desc="NG"
>

11850534.196300 1228826.965691 3966.360376
</CgPoint>

<CgPoint
 name="621"
 desc="NG"
>

11850533.699408 1228834.868700 3966.404243
</CgPoint>

<CgPoint
 name="622"
 desc="NG"
>

11850537.350255 1228844.892712 3965.863181
</CgPoint>

<CgPoint
 name="623"
 desc="NG"
>

11850529.863176 1228852.931406 3961.963574
</CgPoint>

<CgPoint
 name="624"
 desc="NG"
>

11850524.833640 1228846.964809 3962.081638
</CgPoint>

<CgPoint
 name="625"
 desc="NG"
>

11850519.777361 1228838.254995 3961.346305
</CgPoint>

<CgPoint
 name="626"
 desc="NG"
>

11850520.475025 1228827.787205 3961.591297
</CgPoint>

<CgPoint
 name="627"
 desc="NG"
>

11850522.957647 1228816.435860 3961.485683
</CgPoint>

<CgPoint
 name="628"
 desc="NG"
>

11850515.431924 1228810.691498 3958.085151
</CgPoint>

<CgPoint
 name="629"
 desc="NG"
>

11850512.470406 1228820.890490 3958.138464
</CgPoint>

<CgPoint
 name="630"
 desc="NG"
>

11850511.744292 1228831.081959 3958.330829
</CgPoint>

<CgPoint
 name="631"
 desc="NG"
>

11850512.013638 1228841.708493 3958.229529
</CgPoint>

<CgPoint
 name="632"
 desc="NG"
>

11850516.246456 1228852.868166 3958.193725
</CgPoint>

<CgPoint
 name="633"
 desc="NG"
>

11850522.551376 1228860.663431 3958.020519
</CgPoint>

<CgPoint
 name="634"
 desc="NG"
>

11850511.528520 1228868.506143 3953.450343
</CgPoint>

<CgPoint
 name="635"
 desc="NG"
>

11850505.134659 1228858.883560 3953.697746
</CgPoint>

<CgPoint
 name="636"
 desc="NG"
>

11850499.981793 1228845.630691 3953.450484
</CgPoint>

<CgPoint
 name="637"
 desc="NG"
>

11850497.422321 1228834.216614 3953.068761
</CgPoint>

<CgPoint
 name="638"
 desc="NG"
>

11850501.304946 1228818.345050 3954.024652
</CgPoint>

<CgPoint
 name="639"
 desc="NG"
>

11850504.555937 1228806.381835 3953.944502
</CgPoint>

<CgPoint
 name="640"
 desc="NG"
>

11850541.975577 1228846.997339 3966.100489
</CgPoint>

<CgPoint
 name="641"
 desc="NG"
>

11850549.541056 1228847.207162 3966.684138
</CgPoint>

<CgPoint
 name="642"
 desc="NG"
>

11850561.111697 1228843.361615 3966.713045
</CgPoint>

<CgPoint
 name="643"
 desc="NG"
>

11850568.750110 1228839.576075 3966.882029
</CgPoint>

<CgPoint
 name="644"
 desc="NG"
>

11850578.843894 1228833.208047 3966.682952
</CgPoint>

<CgPoint
 name="645"
 desc="NG"
>

11850589.697334 1228827.573371 3966.714189
</CgPoint>

<CgPoint
 name="646"
 desc="NG"
>

11850600.653898 1228823.347620 3966.262346
</CgPoint>

<CgPoint
 name="647"
 desc="NG"
>

11850611.383960 1228818.498931 3966.013635
</CgPoint>

<CgPoint
 name="648"
 desc="NG"
>

11850616.160884 1228813.967292 3966.265082
</CgPoint>

<CgPoint
 name="649"
 desc="NG"
>

11850618.594320 1228810.185484 3966.420031
</CgPoint>

<CgPoint
 name="650"
 desc="NG"
>

11850618.619446 1228804.703749 3966.637752
</CgPoint>

<CgPoint
 name="651"
 desc="NG"
>

11850615.583071 1228797.666501 3966.778888
</CgPoint>

<CgPoint
 name="652"
 desc="NG"
>

11850612.079162 1228794.233208 3966.829474
</CgPoint>

<CgPoint
 name="653"
 desc="NG"
>

11850608.185417 1228791.541745 3966.649367
</CgPoint>

<CgPoint
 name="654"
 desc="NG"
>

11850603.271968 1228790.666340 3966.739922
</CgPoint>

<CgPoint
 name="655"
 desc="NG"
>

11850594.005338 1228791.211798 3966.671997
</CgPoint>

<CgPoint
 name="656"
 desc="NG"
>

11850580.699222 1228794.921615 3966.973455
</CgPoint>

<CgPoint
 name="657"
 desc="NG"
>

11850566.514888 1228799.117900 3966.893427
</CgPoint>

<CgPoint
 name="658"
 desc="NG"
>

11850552.488578 1228806.309671 3966.821748
</CgPoint>

<CgPoint
 name="659"
 desc="NG"
>

11850536.499802 1228856.364091 3961.979946
</CgPoint>

<CgPoint
 name="660"
 desc="NG"
>

11850544.562696 1228858.027838 3962.111923
</CgPoint>

<CgPoint
 name="661"
 desc="NG"
>

11850554.105556 1228857.977206 3961.996647
</CgPoint>

<CgPoint
 name="662"
 desc="NG"
>

11850564.300929 1228855.729868 3962.189009
</CgPoint>

<CgPoint
 name="663"
 desc="NG"
>

11850573.734615 1228850.141437 3963.122310
</CgPoint>

<CgPoint
 name="664"
 desc="NG"
>

11850584.552807 1228842.340169 3963.583028
</CgPoint>

<CgPoint
 name="665"
 desc="NG"
>

11850595.789971 1228835.907682 3963.621321
</CgPoint>

<CgPoint
 name="666"
 desc="NG"
>

11850606.274129 1228829.379188 3963.650121
</CgPoint>

<CgPoint
 name="667"
 desc="NG"
>

11850616.490078 1228823.321086 3963.562451
</CgPoint>

<CgPoint
 name="668"
 desc="NG"
>

11850622.825675 1228816.533760 3963.594746
</CgPoint>

<CgPoint
 name="669"
 desc="NG"
>

11850625.959452 1228810.978608 3963.798206
</CgPoint>

<CgPoint
 name="670"
 desc="NG"
>

11850626.271562 1228804.390751 3963.985831
</CgPoint>

<CgPoint
 name="671"
 desc="NG"
>

11850623.134803 1228796.517108 3964.113697
</CgPoint>

<CgPoint
 name="672"
 desc="NG"
>

11850619.237068 1228792.242968 3963.903366
</CgPoint>

<CgPoint
 name="673"
 desc="NG"
>

11850614.215976 1228786.921564 3963.395073
</CgPoint>

<CgPoint
 name="674"
 desc="NG"
>

11850608.571495 1228783.990374 3963.472281
</CgPoint>

<CgPoint
 name="675"
 desc="NG"
>

11850611.230900 1228774.406433 3959.292913
</CgPoint>

<CgPoint
 name="676"
 desc="NG"
>

11850619.846792 1228779.280993 3959.299468
</CgPoint>

<CgPoint
 name="677"
 desc="NG"
>

11850628.181181 1228786.065512 3959.473212
</CgPoint>

<CgPoint
 name="678"
 desc="NG"
>

11850634.849376 1228793.917104 3959.897185
</CgPoint>

<CgPoint
 name="679"
 desc="NG"
>

11850637.207194 1228804.243171 3960.187655
</CgPoint>

<CgPoint
 name="680"
 desc="NG"
>

11850637.137068 1228814.280487 3959.667820
</CgPoint>

<CgPoint
 name="681"
 desc="NG"
>

11850633.060645 1228821.586055 3959.448776
</CgPoint>

<CgPoint
 name="682"
 desc="NG"
>

11850625.258855 1228830.148314 3959.468136
</CgPoint>

<CgPoint
 name="683"
 desc="NG"
>

11850616.392591 1228836.838222 3959.593170
</CgPoint>

<CgPoint
 name="684"
 desc="NG"
>

11850607.164726 1228841.918783 3959.759037
</CgPoint>

<CgPoint
 name="685"
 desc="NG"
>

11850597.370902 1228847.473652 3959.808039
</CgPoint>

<CgPoint
 name="686"
 desc="NG"
>

11850588.888623 1228853.120986 3959.656052
</CgPoint>

<CgPoint
 name="687"
 desc="NG"
>

11850580.287458 1228857.458182 3959.573759
</CgPoint>

<CgPoint
 name="688"
 desc="NG"
>

11850570.115375 1228861.775157 3959.343166
</CgPoint>

<CgPoint
 name="689"
 desc="NG"
>

11850558.004495 1228865.842107 3958.727031
</CgPoint>

<CgPoint
 name="690"
 desc="NG"
>

11850546.904797 1228867.723165 3958.083724
</CgPoint>

<CgPoint
 name="691"
 desc="NG"
>

11850537.601912 1228867.965025 3957.837965
</CgPoint>

<CgPoint
 name="692"
 desc="NG"
>

11850528.739096 1228864.289793 3957.909570
</CgPoint>

<CgPoint
 name="693"
 desc="NG"
>

11850520.468722 1228871.984919 3954.182232
</CgPoint>

<CgPoint
 name="694"
 desc="NG"
>

11850529.756224 1228877.130680 3953.815464
</CgPoint>

<CgPoint
 name="695"
 desc="NG"
>

11850540.932629 1228879.834513 3953.537110
</CgPoint>

<CgPoint
 name="696"
 desc="NG"
>

11850552.739545 1228880.485307 3953.369980
</CgPoint>

<CgPoint
 name="697"
 desc="NG"
>

11850563.692481 1228880.634150 3952.940933
</CgPoint>

<CgPoint
 name="698"
 desc="NG"
>

11850574.482587 1228877.015832 3953.583505
</CgPoint>

<CgPoint
 name="699"
 desc="NG"
>

11850585.320636 1228870.209289 3954.733331
</CgPoint>

<CgPoint
 name="700"
 desc="NG"
>

11850595.377501 1228864.296366 3955.164828
</CgPoint>

<CgPoint
 name="701"
 desc="NG"
>

11850606.685197 1228858.191460 3955.017474
</CgPoint>

<CgPoint
 name="702"
 desc="NG"
>

11850616.728330 1228851.585267 3955.353512
</CgPoint>

<CgPoint
 name="703"
 desc="NG"
>

11850625.873240 1228844.864128 3955.187882
</CgPoint>

<CgPoint
 name="704"
 desc="NG"
>

11850635.037455 1228836.351760 3955.156806
</CgPoint>

<CgPoint
 name="705"
 desc="NG"
>

11850642.413233 1228827.612735 3955.156245
</CgPoint>

<CgPoint
 name="706"
 desc="NG"
>

11850646.843146 1228818.834368 3955.730220
</CgPoint>

<CgPoint
 name="707"
 desc="NG"
>

11850647.804757 1228812.187152 3956.416981
</CgPoint>

<CgPoint
 name="708"
 desc="NG"
>

11850648.823243 1228805.310507 3956.112397
</CgPoint>

<CgPoint
 name="709"
 desc="NG"
>

11850648.429095 1228793.210978 3955.136988
</CgPoint>

<CgPoint
 name="710"
 desc="NG"
>

11850642.559711 1228788.751047 3956.112891
</CgPoint>

<CgPoint
 name="711"
 desc="NG"
>

11850634.765505 1228780.636128 3955.779165
</CgPoint>

<CgPoint
 name="712"
 desc="NG"
>

11850624.405343 1228772.724973 3955.844312
</CgPoint>

<CgPoint
 name="713"
 desc="NG"
>

11850614.534764 1228765.961604 3955.638512
</CgPoint>

<CgPoint
 name="714"
 desc="NG"
>

11850616.643339 1228756.645409 3952.113678
</CgPoint>

<CgPoint
 name="715"
 desc="NG"
>

11850624.745068 1228761.929568 3952.449094
</CgPoint>

<CgPoint
 name="716"
 desc="NG"
>

11850632.776289 1228767.373966 3952.235722
</CgPoint>

<CgPoint
 name="717"
 desc="NG"
>

11850640.714340 1228774.538281 3952.446942
</CgPoint>

<CgPoint
 name="718"
 desc="NG"
>

11850647.285977 1228780.938123 3952.494050
</CgPoint>

<CgPoint
 name="719"
 desc="NG"
>

11850654.045017 1228789.055109 3952.466798
</CgPoint>

<CgPoint
 name="720"
 desc="NG"
>

11850658.011270 1228798.358014 3952.467700
</CgPoint>

<CgPoint
 name="721"
 desc="NG"
>

11850659.334463 1228808.158622 3952.364705
</CgPoint>

<CgPoint
 name="722"
 desc="NG"
>

11850657.672971 1228818.069244 3952.253467
</CgPoint>

<CgPoint
 name="723"
 desc="NG"
>

11850653.293780 1228829.070142 3951.621323
</CgPoint>

<CgPoint
 name="724"
 desc="NG"
>

11850645.255504 1228838.104406 3951.952751
</CgPoint>

<CgPoint
 name="725"
 desc="NG"
>

11850637.683547 1228846.810272 3951.724657
</CgPoint>

<CgPoint
 name="726"
 desc="NG"
>

11850626.292805 1228854.929812 3952.225901
</CgPoint>

<CgPoint
 name="727"
 desc="NG"
>

11850615.796219 1228862.322071 3952.007688
</CgPoint>

<CgPoint
 name="728"
 desc="NG"
>

11850605.206450 1228868.618635 3952.469021
</CgPoint>

<CgPoint
 name="729"
 desc="NG"
>

11850596.118062 1228872.138754 3952.967087
</CgPoint>

<CgPoint
 name="730"
 desc="NG"
>

11850586.420515 1228876.995418 3952.508975
</CgPoint>

<CgPoint
 name="731"
 desc="NG"
>

11850575.348221 1228883.078325 3951.658300
</CgPoint>

<CgPoint
 name="732"
 desc="NG"
>

11850563.267493 1228886.544008 3951.223194
</CgPoint>

<CgPoint
 name="733"
 desc="NG"
>

11850553.779246 1228887.779470 3950.906618
</CgPoint>

<CgPoint
 name="734"
 desc="NG"
>

11850540.386171 1228886.826366 3951.258330
</CgPoint>

<CgPoint
 name="735"
 desc="NG"
>

11850529.916335 1228885.953458 3950.969903
</CgPoint>

<CgPoint
 name="736"
 desc="NG"
>

11850519.562025 1228879.233307 3951.870362
</CgPoint>

<CgPoint
 name="737"
 desc="TOS"
>

11850539.223779 1228834.957226 3968.083270
</CgPoint>

<CgPoint
 name="738"
 desc="TOS"
>

11850542.003651 1228840.398961 3967.944012
</CgPoint>

<CgPoint
 name="739"
 desc="TOS"
>

11850544.819845 1228842.683076 3967.898465
</CgPoint>

<CgPoint
 name="740"
 desc="TOS"
>

11850548.899226 1228843.401323 3967.861159
</CgPoint>

<CgPoint
 name="741"
 desc="TOS"
>

11850558.609942 1228837.262500 3968.363651
</CgPoint>

<CgPoint
 name="742"
 desc="TOS"
>

11850568.463376 1228832.559754 3968.348271
</CgPoint>

<CgPoint
 name="743"
 desc="TOS"
>

11850577.137152 1228826.709104 3968.372854
</CgPoint>

<CgPoint
 name="744"
 desc="TOS"
>

11850586.249820 1228821.144806 3968.380088
</CgPoint>

<CgPoint
 name="745"
 desc="TOS"
>

11850596.798827 1228817.505462 3968.296645
</CgPoint>

<CgPoint
 name="746"
 desc="TOS"
>

11850606.135451 1228814.652459 3968.087881
</CgPoint>

<CgPoint
 name="747"
 desc="TOS"
>

11850609.603656 1228812.606161 3968.139063
</CgPoint>

<CgPoint
 name="748"
 desc="TOS"
>

11850612.027406 1228809.060986 3968.509419
</CgPoint>

<CgPoint
 name="749"
 desc="TOS"
>

11850613.289844 1228807.265661 3968.487894
</CgPoint>

<CgPoint
 name="750"
 desc="TOS"
>

11850611.164799 1228802.027294 3968.529733
</CgPoint>

<CgPoint
 name="751"
 desc="TOS"
>

11850610.443917 1228797.994266 3968.382274
</CgPoint>

<CgPoint
 name="752"
 desc="TOS"
>

11850607.589781 1228795.991450 3968.412399
</CgPoint>

<CgPoint
 name="753"
 desc="TOS"
>

11850604.472960 1228795.381262 3968.269200
</CgPoint>

<CgPoint
 name="754"
 desc="TOS"
>

11850595.502057 1228796.579218 3968.219442
</CgPoint>

<CgPoint
 name="755"
 desc="TOS"
>

11850587.270378 1228799.409877 3968.479978
</CgPoint>

<CgPoint
 name="756"
 desc="TOS"
>

11850578.387230 1228801.751831 3968.542900
</CgPoint>

<CgPoint
 name="757"
 desc="TOS"
>

11850568.946357 1228805.301095 3968.529519
</CgPoint>

<CgPoint
 name="758"
 desc="TOS"
>

11850559.108001 1228809.918967 3968.433007
</CgPoint>

<CgPoint
 name="759"
 desc="TOS"
>

11850550.504104 1228814.803547 3968.259177
</CgPoint>

<CgPoint
 name="760"
 desc="TOS"
>

11850546.657651 1228818.115900 3968.317070
</CgPoint>

<CgPoint
 name="761"
 desc="TOS"
>

11850540.895692 1228824.738925 3968.236595
</CgPoint>

<CgPoint
 name="762"
 desc="TOS"
>

11850539.339823 1228830.556636 3968.143469
</CgPoint>

<CgPoint
 name="763"
 desc="BUILD"
>

11850594.171155 1228810.518293 3970.909697
</CgPoint>

<CgPoint
 name="764"
 desc="BUILD"
>

11850606.744390 1228807.813667 3970.934281
</CgPoint>

<CgPoint
 name="765"
 desc="BUILD"
>

11850604.708041 1228797.968342 3971.017513
</CgPoint>

<CgPoint
 name="766"
 desc="BUILD"
>

11850592.111690 1228800.680305 3971.033289
</CgPoint>

<CgPoint
 name="767"
 desc="NG"
>

11850506.112688 1228760.787858 3949.782116
</CgPoint>

<CgPoint
 name="768"
 desc="NG"
>

11850505.820981 1228770.227929 3949.834072
</CgPoint>

<CgPoint
 name="769"
 desc="NG"
>

11850515.329137 1228763.082765 3949.885293
</CgPoint>

<CgPoint
 name="770"
 desc="NG"
>

11850523.613158 1228760.463553 3950.121404
</CgPoint>

<CgPoint
 name="771"
 desc="NG"
>

11850515.386927 1228746.014892 3949.942395
</CgPoint>

<CgPoint
 name="772"
 desc="NG"
>

11850510.118028 1228750.406677 3950.152789
</CgPoint>

<CgPoint
 name="773"
 desc="NG"
>

11850509.600898 1228734.339013 3950.213911
</CgPoint>

<CgPoint
 name="774"
 desc="NG"
>

11850511.790656 1228724.707305 3950.590873
</CgPoint>

<CgPoint
 name="775"
 desc="NG"
>

11850512.472276 1228714.278026 3950.924799
</CgPoint>

<CgPoint
 name="776"
 desc="NG"
>

11850514.401278 1228727.611099 3950.630576
</CgPoint>

<CgPoint
 name="777"
 desc="NG"
>

11850527.337615 1228727.583135 3951.042374
</CgPoint>

<CgPoint
 name="778"
 desc="NG"
>

11850531.009694 1228741.876066 3950.594331
</CgPoint>

<CgPoint
 name="779"
 desc="NG"
>

11850535.838614 1228754.676018 3950.647702
</CgPoint>

<CgPoint
 name="780"
 desc="NG"
>

11850548.146909 1228747.513392 3950.224238
</CgPoint>

<CgPoint
 name="781"
 desc="NG"
>

11850544.040317 1228729.537614 3950.850465
</CgPoint>

<CgPoint
 name="782"
 desc="NG"
>

11850542.638022 1228725.410724 3950.897047
</CgPoint>

<CgPoint
 name="783"
 desc="NG"
>

11850560.431519 1228721.455172 3950.894390
</CgPoint>

<CgPoint
 name="784"
 desc="NG"
>

11850563.251288 1228736.007033 3950.377190
</CgPoint>

<CgPoint
 name="785"
 desc="NG"
>

11850565.179080 1228744.657703 3950.119844
</CgPoint>

<CgPoint
 name="786"
 desc="NG"
>

11850579.562237 1228740.672289 3950.231184
</CgPoint>

<CgPoint
 name="787"
 desc="NG"
>

11850575.687266 1228732.214356 3950.516155
</CgPoint>

<CgPoint
 name="788"
 desc="NG"
>

11850569.283895 1228723.454585 3950.792652
</CgPoint>

<CgPoint
 name="789"
 desc="NG"
>

11850567.209483 1228718.107885 3950.920315
</CgPoint>

<CgPoint
 name="790"
 desc="NG"
>

11850580.994141 1228710.744082 3950.907922
</CgPoint>

<CgPoint
 name="791"
 desc="NG"
>

11850585.112970 1228725.632981 3950.290097
</CgPoint>

<CgPoint
 name="792"
 desc="NG"
>

11850587.803096 1228741.157130 3950.142369
</CgPoint>

<CgPoint
 name="793"
 desc="NG"
>

11850601.428782 1228739.586639 3949.799453
</CgPoint>

<CgPoint
 name="794"
 desc="NG"
>

11850615.716210 1228743.035740 3949.753351
</CgPoint>

<CgPoint
 name="795"
 desc="NG"
>

11850627.186926 1228747.014082 3949.973403
</CgPoint>

<CgPoint
 name="796"
 desc="NG"
>

11850639.162753 1228756.666420 3949.922501
</CgPoint>

<CgPoint
 name="797"
 desc="NG"
>

11850648.036798 1228765.074264 3949.870109
</CgPoint>

<CgPoint
 name="798"
 desc="NG"
>

11850657.220433 1228774.357088 3949.992334
</CgPoint>

<CgPoint
 name="799"
 desc="NG"
>

11850666.747844 1228783.245576 3949.868831
</CgPoint>

<CgPoint
 name="800"
 desc="NG"
>

11850678.963270 1228794.115714 3949.996386
</CgPoint>

<CgPoint
 name="801"
 desc="NG"
>

11850687.677314 1228800.336969 3949.736985
</CgPoint>

<CgPoint
 name="802"
 desc="NG"
>

11850685.423382 1228806.706450 3949.593821
</CgPoint>

<CgPoint
 name="803"
 desc="NG"
>

11850671.182248 1228801.433821 3949.622767
</CgPoint>

<CgPoint
 name="804"
 desc="NG"
>

11850680.172079 1228811.906045 3949.443891
</CgPoint>

<CgPoint
 name="805"
 desc="NG"
>

11850672.337996 1228820.842493 3948.960766
</CgPoint>

<CgPoint
 name="806"
 desc="NG"
>

11850612.693860 1228735.415459 3950.137659
</CgPoint>

<CgPoint
 name="807"
 desc="NG"
>

11850599.898733 1228725.999821 3950.280490
</CgPoint>

<CgPoint
 name="808"
 desc="NG"
>

11850591.011432 1228717.715584 3950.564971
</CgPoint>

<CgPoint
 name="809"
 desc="NG"
>

11850581.293171 1228710.320366 3950.914675
</CgPoint>

<CgPoint
 name="810"
 desc="EOP"
>

11850586.537867 1228704.673560 3950.954847
</CgPoint>

<CgPoint
 name="811"
 desc="EOP"
>

11850600.692652 1228717.263232 3950.619598
</CgPoint>

<CgPoint
 name="812"
 desc="EOP"
>

11850614.180137 1228729.523915 3950.319780
</CgPoint>

<CgPoint
 name="813"
 desc="EOP"
>

11850628.726492 1228742.967519 3950.007167
</CgPoint>

<CgPoint
 name="814"
 desc="EOP"
>

11850644.529144 1228757.181153 3949.895803
</CgPoint>

<CgPoint
 name="815"
 desc="EOP"
>

11850660.119302 1228771.109383 3949.933842
</CgPoint>

<CgPoint
 name="816"
 desc="EOP"
>

11850674.968489 1228784.575029 3949.992733
</CgPoint>

<CgPoint
 name="817"
 desc="EOP"
>

11850692.711202 1228800.587746 3950.080721
</CgPoint>

<CgPoint
 name="818"
 desc="CL RD"
>

11850699.200878 1228792.962737 3950.195114
</CgPoint>

<CgPoint
 name="819"
 desc="EOP"
>

11850705.780418 1228784.919327 3949.957608
</CgPoint>

<CgPoint
 name="820"
 desc="EOP"
>

11850687.787469 1228768.857592 3949.907847
</CgPoint>

<CgPoint
 name="821"
 desc="CL RD"
>

11850680.802281 1228777.259120 3950.093098
</CgPoint>

<CgPoint
 name="822"
 desc="CL RD"
>

11850665.457165 1228763.938008 3950.061843
</CgPoint>

<CgPoint
 name="823"
 desc="EOP"
>

11850672.894235 1228755.384024 3949.872310
</CgPoint>

<CgPoint
 name="824"
 desc="EOP"
>

11850657.485125 1228741.467599 3949.907815
</CgPoint>

<CgPoint
 name="825"
 desc="CL RD"
>

11850650.860177 1228749.367777 3950.139548
</CgPoint>

<CgPoint
 name="826"
 desc="CL RD"
>

11850635.840432 1228735.631409 3950.304723
</CgPoint>

<CgPoint
 name="827"
 desc="EOP"
>

11850642.843479 1228727.971260 3950.078147
</CgPoint>

<CgPoint
 name="828"
 desc="EOP"
>

11850628.079773 1228714.280620 3950.341380
</CgPoint>

<CgPoint
 name="829"
 desc="CL RD"
>

11850621.115185 1228722.333812 3950.522432
</CgPoint>

<CgPoint
 name="830"
 desc="CL RD"
>

11850607.156461 1228709.507883 3950.728463
</CgPoint>

<CgPoint
 name="831"
 desc="EOP"
>

11850613.812954 1228701.432407 3950.634444
</CgPoint>

<CgPoint
 name="832"
 desc="EOP"
>

11850600.341942 1228689.433099 3950.944580
</CgPoint>

<CgPoint
 name="833"
 desc="CL RD"
>

11850594.076134 1228697.843492 3950.972213
</CgPoint>

</CgPoints>

<Alignments
 name="Points"
>

<Alignment
 name="Alignment16267"
 desc="CONC BRKL"
 staStart="0.000000"
 length="36.479471"
>

<CoordGeom
>

<Line
>

<Start
 pntRef="500"
>

11850517.581456 1228675.636275 3953.092899
</Start>

<End
 pntRef="501"
>

11850516.364928 1228691.466123 3952.505706
</End>

</Line>

<Line
>

<Start
 pntRef="501"
>

11850516.364928 1228691.466123 3952.505706
</Start>

<End
 pntRef="502"
>

11850514.696660 1228712.001417 3951.581365
</End>

</Line>

</CoordGeom>

</Alignment>

<Alignment
 name="Alignment16269"
 desc="CONC"
 staStart="0.000000"
 length="213.878996"
>

<CoordGeom
>

<Line
>

<Start
 pntRef="503"
>

11850516.127697 1228675.178940 3951.526000
</Start>

<End
 pntRef="504"
>

11850514.117122 1228694.213369 3951.129135
</End>

</Line>

<Line
>

<Start
 pntRef="504"
>

11850514.117122 1228694.213369 3951.129135
</Start>

<End
 pntRef="508"
>

11850512.830367 1228711.873650 3951.103531
</End>

</Line>

<Line
>

<Start
 pntRef="508"
>

11850512.830367 1228711.873650 3951.103531
</Start>

<End
 pntRef="509"
>

11850514.799526 1228712.115855 3951.580935
</End>

</Line>

<Line
>

<Start
 pntRef="509"
>

11850514.799526 1228712.115855 3951.580935
</Start>

<End
 pntRef="510"
>

11850515.134953 1228712.163527 3951.537490
</End>

</Line>

<Line
>

<Start
 pntRef="510"
>

11850515.134953 1228712.163527 3951.537490
</Start>

<End
 pntRef="511"
>

11850514.124904 1228724.555556 3950.987777
</End>

</Line>

<Curve
 rot="ccw"
>

<Start
 pntRef="511"
>

11850514.124904 1228724.555556 3950.987777
</Start>

<Center
>

11850529.231875 1228651.133125
</Center>

<End
 pntRef="513"
>

11850543.666912 1228724.690611 3950.991450
</End>

</Curve>

<Curve
 rot="ccw"
>

<Start
 pntRef="513"
>

11850543.666912 1228724.690611 3950.991450
</Start>

<Center
>

11850534.123683 1228653.323231
</Center>

<End
 pntRef="515"
>

11850566.787603 1228717.490547 3950.961823
</End>

</Curve>

<Curve
 rot="ccw"
>

<Start
 pntRef="515"
>

11850566.787603 1228717.490547 3950.961823
</Start>

<Center
>

11850536.334363 1228649.692987
</Center>

<End
 pntRef="517"
>

11850587.086829 1228703.989360 3950.990317
</End>

</Curve>

<Curve
 rot="ccw"
>

<Start
 pntRef="517"
>

11850587.086829 1228703.989360 3950.990317
</Start>

<Center
>

11850537.962885 1228647.444361
</Center>

<End
 pntRef="519"
>

11850605.250100 1228680.352256 3951.024038
</End>

</Curve>

<Line
>

<Start
 pntRef="519"
>

11850605.250100 1228680.352256 3951.024038
</Start>

<End
 pntRef="520"
>

11850595.115833 1228673.412675 3951.605564
</End>

</Line>

<Line
>

<Start
 pntRef="520"
>

11850595.115833 1228673.412675 3951.605564
</Start>

<End
 pntRef="521"
>

11850595.339903 1228673.056743 3951.586828
</End>

</Line>

<Line
>

<Start
 pntRef="521"
>

11850595.339903 1228673.056743 3951.586828
</Start>

<End
 pntRef="522"
>

11850596.353029 1228671.415370 3951.112275
</End>

</Line>

<Line
>

<Start
 pntRef="522"
>

11850596.353029 1228671.415370 3951.112275
</Start>

<End
 pntRef="523"
>

11850580.521241 1228660.690773 3951.237199
</End>

</Line>

<Line
>

<Start
 pntRef="523"
>

11850580.521241 1228660.690773 3951.237199
</Start>

<End
 pntRef="524"
>

11850564.101119 1228649.354508 3951.253249
</End>

</Line>

</CoordGeom>

</Alignment>

<Alignment
 name="Alignment16271"
 desc="CONC BRKL"
 staStart="0.000000"
 length="36.981249"
>

<CoordGeom
>

<Line
>

<Start
 pntRef="525"
>

11850564.681428 1228652.133336 3953.475694
</Start>

<End
 pntRef="526"
>

11850579.631408 1228662.400697 3952.498826
</End>

</Line>

<Line
>

<Start
 pntRef="526"
>

11850579.631408 1228662.400697 3952.498826
</Start>

<End
 pntRef="527"
>

11850595.185352 1228673.040804 3951.645003
</End>

</Line>

</CoordGeom>

</Alignment>

<Alignment
 name="Alignment16273"
 desc="CONC*"
 staStart="0.000000"
 length="10.743785"
>

<CoordGeom
>

<Line
>

<Start
 pntRef="545"
>

11850510.200398 1228759.247791 3951.003854
</Start>

<End
 pntRef="546"
>

11850510.453509 1228755.587289 3950.975553
</End>

</Line>

<Line
>

<Start
 pntRef="546"
>

11850510.453509 1228755.587289 3950.975553
</Start>

<End
 pntRef="547"
>

11850506.928909 1228755.389658 3950.957744
</End>

</Line>

<Line
>

<Start
 pntRef="547"
>

11850506.928909 1228755.389658 3950.957744
</Start>

<End
 pntRef="548"
>

11850506.691180 1228758.926082 3950.988046
</End>

</Line>

</CoordGeom>

</Alignment>

<Alignment
 name="Alignment16275"
 desc="CONC"
 staStart="0.000000"
 length="55.225319"
>

<CoordGeom
>

<Line
>

<Start
 pntRef="555"
>

11850591.890361 1228800.495079 3968.907291
</Start>

<End
 pntRef="556"
>

11850604.904811 1228797.670301 3968.876613
</End>

</Line>

<Line
>

<Start
 pntRef="556"
>

11850604.904811 1228797.670301 3968.876613
</Start>

<End
 pntRef="557"
>

11850607.130646 1228807.999001 3968.864085
</End>

</Line>

<Line
>

<Start
 pntRef="557"
>

11850607.130646 1228807.999001 3968.864085
</Start>

<End
 pntRef="558"
>

11850606.995886 1228808.047961 3968.838197
</End>

</Line>

<Line
>

<Start
 pntRef="558"
>

11850606.995886 1228808.047961 3968.838197
</Start>

<End
 pntRef="559"
>

11850607.710693 1228811.627470 3968.419893
</End>

</Line>

<Line
>

<Start
 pntRef="559"
>

11850607.710693 1228811.627470 3968.419893
</Start>

<End
 pntRef="560"
>

11850595.011501 1228814.480152 3968.346721
</End>

</Line>

<Line
>

<Start
 pntRef="560"
>

11850595.011501 1228814.480152 3968.346721
</Start>

<End
 pntRef="561"
>

11850594.222002 1228810.744574 3968.686224
</End>

</Line>

<Line
>

<Start
 pntRef="561"
>

11850594.222002 1228810.744574 3968.686224
</Start>

<End
 pntRef="562"
>

11850594.034639 1228810.794944 3968.895751
</End>

</Line>

<Line
>

<Start
 pntRef="562"
>

11850594.034639 1228810.794944 3968.895751
</Start>

<End
 pntRef="555"
>

11850591.890361 1228800.495079 3968.907291
</End>

</Line>

</CoordGeom>

</Alignment>

<Alignment
 name="Alignment16283"
 desc="BOS"
 staStart="0.000000"
 length="517.137653"
>

<CoordGeom
>

<Line
>

<Start
 pntRef="563"
>

11850600.976053 1228745.104229 3949.995287
</Start>

<End
 pntRef="564"
>

11850585.249163 1228744.614472 3950.192415
</End>

</Line>

<Line
>

<Start
 pntRef="564"
>

11850585.249163 1228744.614472 3950.192415
</Start>

<End
 pntRef="565"
>

11850567.584503 1228746.407470 3950.187631
</End>

</Line>

<Line
>

<Start
 pntRef="565"
>

11850567.584503 1228746.407470 3950.187631
</Start>

<End
 pntRef="566"
>

11850548.773300 1228751.737318 3950.428976
</End>

</Line>

<Line
>

<Start
 pntRef="566"
>

11850548.773300 1228751.737318 3950.428976
</Start>

<End
 pntRef="567"
>

11850528.652609 1228760.901818 3950.294451
</End>

</Line>

<Line
>

<Start
 pntRef="567"
>

11850528.652609 1228760.901818 3950.294451
</Start>

<End
 pntRef="568"
>

11850510.270070 1228772.603586 3949.842053
</End>

</Line>

<Line
>

<Start
 pntRef="568"
>

11850510.270070 1228772.603586 3949.842053
</Start>

<End
 pntRef="569"
>

11850500.799354 1228789.422197 3950.176505
</End>

</Line>

<Line
>

<Start
 pntRef="569"
>

11850500.799354 1228789.422197 3950.176505
</Start>

<End
 pntRef="570"
>

11850493.779280 1228807.383452 3950.091151
</End>

</Line>

<Line
>

<Start
 pntRef="570"
>

11850493.779280 1228807.383452 3950.091151
</Start>

<End
 pntRef="571"
>

11850487.680010 1228826.307609 3949.533762
</End>

</Line>

<Line
>

<Start
 pntRef="571"
>

11850487.680010 1228826.307609 3949.533762
</Start>

<End
 pntRef="572"
>

11850486.746700 1228846.081589 3949.267911
</End>

</Line>

<Line
>

<Start
 pntRef="572"
>

11850486.746700 1228846.081589 3949.267911
</Start>

<End
 pntRef="573"
>

11850493.168984 1228863.838474 3949.335306
</End>

</Line>

<Line
>

<Start
 pntRef="573"
>

11850493.168984 1228863.838474 3949.335306
</Start>

<End
 pntRef="574"
>

11850502.705723 1228879.074709 3949.053363
</End>

</Line>

<Line
>

<Start
 pntRef="574"
>

11850502.705723 1228879.074709 3949.053363
</Start>

<End
 pntRef="575"
>

11850525.929283 1228889.846060 3949.446111
</End>

</Line>

<Line
>

<Start
 pntRef="575"
>

11850525.929283 1228889.846060 3949.446111
</Start>

<End
 pntRef="576"
>

11850543.687793 1228895.750435 3949.353825
</End>

</Line>

<Line
>

<Start
 pntRef="576"
>

11850543.687793 1228895.750435 3949.353825
</Start>

<End
 pntRef="577"
>

11850562.209184 1228894.235745 3949.643654
</End>

</Line>

<Line
>

<Start
 pntRef="577"
>

11850562.209184 1228894.235745 3949.643654
</Start>

<End
 pntRef="578"
>

11850582.872240 1228889.064072 3949.719508
</End>

</Line>

<Line
>

<Start
 pntRef="578"
>

11850582.872240 1228889.064072 3949.719508
</Start>

<End
 pntRef="579"
>

11850602.289463 1228879.383528 3949.608869
</End>

</Line>

<Line
>

<Start
 pntRef="579"
>

11850602.289463 1228879.383528 3949.608869
</Start>

<End
 pntRef="580"
>

11850622.434374 1228866.717784 3949.684599
</End>

</Line>

<Line
>

<Start
 pntRef="580"
>

11850622.434374 1228866.717784 3949.684599
</Start>

<End
 pntRef="581"
>

11850640.657285 1228854.869033 3949.412826
</End>

</Line>

<Line
>

<Start
 pntRef="581"
>

11850640.657285 1228854.869033 3949.412826
</Start>

<End
 pntRef="582"
>

11850657.607678 1228837.466629 3949.268049
</End>

</Line>

<Line
>

<Start
 pntRef="582"
>

11850657.607678 1228837.466629 3949.268049
</Start>

<End
 pntRef="583"
>

11850665.498410 1228823.870996 3949.223895
</End>

</Line>

<Line
>

<Start
 pntRef="583"
>

11850665.498410 1228823.870996 3949.223895
</Start>

<End
 pntRef="584"
>

11850667.899530 1228813.511064 3949.379937
</End>

</Line>

<Line
>

<Start
 pntRef="584"
>

11850667.899530 1228813.511064 3949.379937
</Start>

<End
 pntRef="585"
>

11850665.377481 1228799.506517 3949.881074
</End>

</Line>

<Line
>

<Start
 pntRef="585"
>

11850665.377481 1228799.506517 3949.881074
</Start>

<End
 pntRef="586"
>

11850661.486003 1228787.628680 3950.134115
</End>

</Line>

<Line
>

<Start
 pntRef="586"
>

11850661.486003 1228787.628680 3950.134115
</Start>

<End
 pntRef="587"
>

11850649.820809 1228774.183349 3950.100935
</End>

</Line>

<Line
>

<Start
 pntRef="587"
>

11850649.820809 1228774.183349 3950.100935
</Start>

<End
 pntRef="588"
>

11850635.556769 1228761.773403 3950.102432
</End>

</Line>

<Line
>

<Start
 pntRef="588"
>

11850635.556769 1228761.773403 3950.102432
</Start>

<End
 pntRef="589"
>

11850621.299305 1228749.657347 3949.780290
</End>

</Line>

<Line
>

<Start
 pntRef="589"
>

11850621.299305 1228749.657347 3949.780290
</Start>

<End
 pntRef="590"
>

11850609.258546 1228746.438669 3949.940553
</End>

</Line>

<Line
>

<Start
 pntRef="590"
>

11850609.258546 1228746.438669 3949.940553
</Start>

<End
 pntRef="563"
>

11850600.976053 1228745.104229 3949.995287
</End>

</Line>

</CoordGeom>

</Alignment>

<Alignment
 name="Alignment16285"
 desc="TOS"
 staStart="0.000000"
 length="187.344807"
>

<CoordGeom
>

<Line
>

<Start
 pntRef="737"
>

11850539.223779 1228834.957226 3968.083270
</Start>

<End
 pntRef="738"
>

11850542.003651 1228840.398961 3967.944012
</End>

</Line>

<Line
>

<Start
 pntRef="738"
>

11850542.003651 1228840.398961 3967.944012
</Start>

<End
 pntRef="739"
>

11850544.819845 1228842.683076 3967.898465
</End>

</Line>

<Line
>

<Start
 pntRef="739"
>

11850544.819845 1228842.683076 3967.898465
</Start>

<End
 pntRef="740"
>

11850548.899226 1228843.401323 3967.861159
</End>

</Line>

<Line
>

<Start
 pntRef="740"
>

11850548.899226 1228843.401323 3967.861159
</Start>

<End
 pntRef="741"
>

11850558.609942 1228837.262500 3968.363651
</End>

</Line>

<Line
>

<Start
 pntRef="741"
>

11850558.609942 1228837.262500 3968.363651
</Start>

<End
 pntRef="742"
>

11850568.463376 1228832.559754 3968.348271
</End>

</Line>

<Line
>

<Start
 pntRef="742"
>

11850568.463376 1228832.559754 3968.348271
</Start>

<End
 pntRef="743"
>

11850577.137152 1228826.709104 3968.372854
</End>

</Line>

<Line
>

<Start
 pntRef="743"
>

11850577.137152 1228826.709104 3968.372854
</Start>

<End
 pntRef="744"
>

11850586.249820 1228821.144806 3968.380088
</End>

</Line>

<Line
>

<Start
 pntRef="744"
>

11850586.249820 1228821.144806 3968.380088
</Start>

<End
 pntRef="745"
>

11850596.798827 1228817.505462 3968.296645
</End>

</Line>

<Line
>

<Start
 pntRef="745"
>

11850596.798827 1228817.505462 3968.296645
</Start>

<End
 pntRef="746"
>

11850606.135451 1228814.652459 3968.087881
</End>

</Line>

<Line
>

<Start
 pntRef="746"
>

11850606.135451 1228814.652459 3968.087881
</Start>

<End
 pntRef="747"
>

11850609.603656 1228812.606161 3968.139063
</End>

</Line>

<Line
>

<Start
 pntRef="747"
>

11850609.603656 1228812.606161 3968.139063
</Start>

<End
 pntRef="748"
>

11850612.027406 1228809.060986 3968.509419
</End>

</Line>

<Line
>

<Start
 pntRef="748"
>

11850612.027406 1228809.060986 3968.509419
</Start>

<End
 pntRef="749"
>

11850613.289844 1228807.265661 3968.487894
</End>

</Line>

<Line
>

<Start
 pntRef="749"
>

11850613.289844 1228807.265661 3968.487894
</Start>

<End
 pntRef="750"
>

11850611.164799 1228802.027294 3968.529733
</End>

</Line>

<Line
>

<Start
 pntRef="750"
>

11850611.164799 1228802.027294 3968.529733
</Start>

<End
 pntRef="751"
>

11850610.443917 1228797.994266 3968.382274
</End>

</Line>

<Line
>

<Start
 pntRef="751"
>

11850610.443917 1228797.994266 3968.382274
</Start>

<End
 pntRef="752"
>

11850607.589781 1228795.991450 3968.412399
</End>

</Line>

<Line
>

<Start
 pntRef="752"
>

11850607.589781 1228795.991450 3968.412399
</Start>

<End
 pntRef="753"
>

11850604.472960 1228795.381262 3968.269200
</End>

</Line>

<Line
>

<Start
 pntRef="753"
>

11850604.472960 1228795.381262 3968.269200
</Start>

<End
 pntRef="754"
>

11850595.502057 1228796.579218 3968.219442
</End>

</Line>

<Line
>

<Start
 pntRef="754"
>

11850595.502057 1228796.579218 3968.219442
</Start>

<End
 pntRef="755"
>

11850587.270378 1228799.409877 3968.479978
</End>

</Line>

<Line
>

<Start
 pntRef="755"
>

11850587.270378 1228799.409877 3968.479978
</Start>

<End
 pntRef="756"
>

11850578.387230 1228801.751831 3968.542900
</End>

</Line>

<Line
>

<Start
 pntRef="756"
>

11850578.387230 1228801.751831 3968.542900
</Start>

<End
 pntRef="757"
>

11850568.946357 1228805.301095 3968.529519
</End>

</Line>

<Line
>

<Start
 pntRef="757"
>

11850568.946357 1228805.301095 3968.529519
</Start>

<End
 pntRef="758"
>

11850559.108001 1228809.918967 3968.433007
</End>

</Line>

<Line
>

<Start
 pntRef="758"
>

11850559.108001 1228809.918967 3968.433007
</Start>

<End
 pntRef="759"
>

11850550.504104 1228814.803547 3968.259177
</End>

</Line>

<Line
>

<Start
 pntRef="759"
>

11850550.504104 1228814.803547 3968.259177
</Start>

<End
 pntRef="760"
>

11850546.657651 1228818.115900 3968.317070
</End>

</Line>

<Line
>

<Start
 pntRef="760"
>

11850546.657651 1228818.115900 3968.317070
</Start>

<End
 pntRef="761"
>

11850540.895692 1228824.738925 3968.236595
</End>

</Line>

<Line
>

<Start
 pntRef="761"
>

11850540.895692 1228824.738925 3968.236595
</Start>

<End
 pntRef="762"
>

11850539.339823 1228830.556636 3968.143469
</End>

</Line>

<Line
>

<Start
 pntRef="762"
>

11850539.339823 1228830.556636 3968.143469
</Start>

<End
 pntRef="737"
>

11850539.223779 1228834.957226 3968.083270
</End>

</Line>

</CoordGeom>

</Alignment>

<Alignment
 name="Alignment16293"
 desc="BUILD"
 staStart="0.000000"
 length="45.850777"
>

<CoordGeom
>

<Line
>

<Start
 pntRef="763"
>

11850594.171155 1228810.518293 3970.909697
</Start>

<End
 pntRef="764"
>

11850606.744390 1228807.813667 3970.934281
</End>

</Line>

<Line
>

<Start
 pntRef="764"
>

11850606.744390 1228807.813667 3970.934281
</Start>

<End
 pntRef="765"
>

11850604.708041 1228797.968342 3971.017513
</End>

</Line>

<Line
>

<Start
 pntRef="765"
>

11850604.708041 1228797.968342 3971.017513
</Start>

<End
 pntRef="766"
>

11850592.111690 1228800.680305 3971.033289
</End>

</Line>

<Line
>

<Start
 pntRef="766"
>

11850592.111690 1228800.680305 3971.033289
</Start>

<End
 pntRef="763"
>

11850594.171155 1228810.518293 3970.909697
</End>

</Line>

</CoordGeom>

</Alignment>

<Alignment
 name="Alignment16297"
 desc="EOP"
 staStart="0.000000"
 length="143.083811"
>

<CoordGeom
>

<Line
>

<Start
 pntRef="810"
>

11850586.537867 1228704.673560 3950.954847
</Start>

<End
 pntRef="811"
>

11850600.692652 1228717.263232 3950.619598
</End>

</Line>

<Line
>

<Start
 pntRef="811"
>

11850600.692652 1228717.263232 3950.619598
</Start>

<End
 pntRef="812"
>

11850614.180137 1228729.523915 3950.319780
</End>

</Line>

<Line
>

<Start
 pntRef="812"
>

11850614.180137 1228729.523915 3950.319780
</Start>

<End
 pntRef="813"
>

11850628.726492 1228742.967519 3950.007167
</End>

</Line>

<Line
>

<Start
 pntRef="813"
>

11850628.726492 1228742.967519 3950.007167
</Start>

<End
 pntRef="814"
>

11850644.529144 1228757.181153 3949.895803
</End>

</Line>

<Line
>

<Start
 pntRef="814"
>

11850644.529144 1228757.181153 3949.895803
</Start>

<End
 pntRef="815"
>

11850660.119302 1228771.109383 3949.933842
</End>

</Line>

<Line
>

<Start
 pntRef="815"
>

11850660.119302 1228771.109383 3949.933842
</Start>

<End
 pntRef="816"
>

11850674.968489 1228784.575029 3949.992733
</End>

</Line>

<Line
>

<Start
 pntRef="816"
>

11850674.968489 1228784.575029 3949.992733
</Start>

<End
 pntRef="817"
>

11850692.711202 1228800.587746 3950.080721
</End>

</Line>

</CoordGeom>

</Alignment>

<Alignment
 name="Alignment16300"
 desc="EOP"
 staStart="0.000000"
 length="142.252898"
>

<CoordGeom
>

<Line
>

<Start
 pntRef="819"
>

11850705.780418 1228784.919327 3949.957608
</Start>

<End
 pntRef="820"
>

11850687.787469 1228768.857592 3949.907847
</End>

</Line>

<Line
>

<Start
 pntRef="820"
>

11850687.787469 1228768.857592 3949.907847
</Start>

<End
 pntRef="823"
>

11850672.894235 1228755.384024 3949.872310
</End>

</Line>

<Line
>

<Start
 pntRef="823"
>

11850672.894235 1228755.384024 3949.872310
</Start>

<End
 pntRef="824"
>

11850657.485125 1228741.467599 3949.907815
</End>

</Line>

<Line
>

<Start
 pntRef="824"
>

11850657.485125 1228741.467599 3949.907815
</Start>

<End
 pntRef="827"
>

11850642.843479 1228727.971260 3950.078147
</End>

</Line>

<Line
>

<Start
 pntRef="827"
>

11850642.843479 1228727.971260 3950.078147
</Start>

<End
 pntRef="828"
>

11850628.079773 1228714.280620 3950.341380
</End>

</Line>

<Line
>

<Start
 pntRef="828"
>

11850628.079773 1228714.280620 3950.341380
</Start>

<End
 pntRef="831"
>

11850613.812954 1228701.432407 3950.634444
</End>

</Line>

<Line
>

<Start
 pntRef="831"
>

11850613.812954 1228701.432407 3950.634444
</Start>

<End
 pntRef="832"
>

11850600.341942 1228689.433099 3950.944580
</End>

</Line>

</CoordGeom>

</Alignment>

</Alignments>

<Alignments
 name="V-LAYOUT"
>

<Alignment
 name="Alignment16254"
 desc="SLAB"
 staStart="0.000000"
 length="30.054365"
>

<CoordGeom
>

<Line
>

<Start
 pntRef="108"
>

11850559.793720 1228733.964968 0.000000
</Start>

<End
 pntRef="109"
>

11850553.944908 1228742.708085 0.000000
</End>

</Line>

<Line
>

<Start
 pntRef="109"
>

11850553.944908 1228742.708085 0.000000
</Start>

<End
 pntRef="110"
>

11850550.197900 1228740.201480 0.000000
</End>

</Line>

<Line
>

<Start
 pntRef="110"
>

11850550.197900 1228740.201480 0.000000
</Start>

<End
 pntRef="111"
>

11850556.046712 1228731.458363 0.000000
</End>

</Line>

<Line
>

<Start
 pntRef="111"
>

11850556.046712 1228731.458363 0.000000
</Start>

<End
 pntRef="108"
>

11850559.793720 1228733.964968 0.000000
</End>

</Line>

</CoordGeom>

</Alignment>

<Alignment
 name="Alignment16250"
 desc="SLAB"
 staStart="0.000000"
 length="30.054472"
>

<CoordGeom
>

<Line
>

<Start
 pntRef="104"
>

11850576.878654 1228721.199242 0.000000
</Start>

<End
 pntRef="105"
>

11850587.374775 1228721.892844 0.000000
</End>

</Line>

<Line
>

<Start
 pntRef="105"
>

11850587.374775 1228721.892844 0.000000
</Start>

<End
 pntRef="106"
>

11850587.077574 1228726.391253 0.000000
</End>

</Line>

<Line
>

<Start
 pntRef="106"
>

11850587.077574 1228726.391253 0.000000
</Start>

<End
 pntRef="107"
>

11850576.581353 1228725.697551 0.000000
</End>

</Line>

<Line
>

<Start
 pntRef="107"
>

11850576.581353 1228725.697551 0.000000
</Start>

<End
 pntRef="104"
>

11850576.878654 1228721.199242 0.000000
</End>

</Line>

</CoordGeom>

</Alignment>

<Alignment
 name="Alignment16246"
 desc="SLAB"
 staStart="0.000000"
 length="30.054475"
>

<CoordGeom
>

<Line
>

<Start
 pntRef="100"
>

11850552.633105 1228703.348407 0.000000
</Start>

<End
 pntRef="101"
>

11850556.678313 1228701.358403 0.000000
</End>

</Line>

<Line
>

<Start
 pntRef="101"
>

11850556.678313 1228701.358403 0.000000
</Start>

<End
 pntRef="102"
>

11850561.321423 1228710.797322 0.000000
</End>

</Line>

<Line
>

<Start
 pntRef="102"
>

11850561.321423 1228710.797322 0.000000
</Start>

<End
 pntRef="103"
>

11850557.276215 1228712.787226 0.000000
</End>

</Line>

<Line
>

<Start
 pntRef="103"
>

11850557.276215 1228712.787226 0.000000
</Start>

<End
 pntRef="100"
>

11850552.633105 1228703.348407 0.000000
</End>

</Line>

</CoordGeom>

</Alignment>

<Alignment
 name="Alignment16258"
 desc="FOW"
 staStart="0.000000"
 length="133.667933"
>

<CoordGeom
>

<Line
>

<Start
 pntRef="112"
>

11850620.987842 1228765.877032 0.000000
</Start>

<End
 pntRef="113"
>

11850605.292211 1228755.904712 0.000000
</End>

</Line>

<Line
>

<Start
 pntRef="113"
>

11850605.292211 1228755.904712 0.000000
</Start>

<End
 pntRef="114"
>

11850501.920504 1228806.460713 0.000000
</End>

</Line>

</CoordGeom>

</Alignment>

</Alignments>

</LandXML>
