<?xml version="1.0"?>
<LandXML xmlns="http://www.landxml.org/schema/LandXML-1.0"  xmlns:xsi="http://www.w3.org/2001/XMLSchema-instance" xsi:schemaLocation="http://www.landxml.org/schema/LandXML-1.0 http://www.landxml.org/schema/LandXML-1.0/LandXML-1.0.xsd" version="1.0" date="2008-05-28" time="12:25:39" readOnly="false" language="English">
<Project name="528-08 NELSON.job"/>
<Units>
<Imperial linearUnit="foot" areaUnit="squareFoot" volumeUnit="cubicFeet" temperatureUnit="fahrenheit" pressureUnit="inchHG" angularUnit="decimal degrees" directionUnit="decimal degrees"/>
</Units>
<Application name="Survey Pro" manufacturer="Tripod Data Systems" version="4.0" manufacturerURL="www.tdsway.com"/>
<CgPoints
 name="Points"
>
<CgPoint
 name="1"
 desc="5939 CNRTL POINT"
>
5225.488409 5454.082702 106.561443
</CgPoint>
<CgPoint
 name="2"
 desc="1&quot;IPF 1/4CORNER"
>
4937.802091 5850.040712 100.812838
</CgPoint>
<CgPoint
 name="3"
 desc="5/8&quot;IRF 8473"
>
4940.062211 5024.924951 98.489409
</CgPoint>
<CgPoint
 name="4"
 desc="5/8&quot;IRF 8473"
>
5338.635932 4872.437619 122.883800
</CgPoint>
<CgPoint
 name="5"
 desc="5/8&quot;IRF"
>
5592.610896 4868.357321 139.917642
</CgPoint>
<CgPoint
 name="6"
 desc="5/8&quot;IRF"
>
5591.910862 4823.510095 138.832425
</CgPoint>
<CgPoint
 name="7"
 desc="3/4&quot;IPF"
>
5589.786912 4688.327820 134.228695
</CgPoint>
<CgPoint
 name="50"
 desc="BASE"
>
5000.010000 5000.010000 100.000200
</CgPoint>
<CgPoint
 name="500"
 desc="COGO"
>
4940.061905 5025.042126 -4141.075646
</CgPoint>
<CgPoint
 name="501"
 desc="COGO"
>
4940.513908 4860.042388 -4141.075646
</CgPoint>
<CgPoint
 name="502"
 desc="COGO"
>
5600.512757 4861.850200 -4141.075646
</CgPoint>
<CgPoint
 name="503"
 desc="COGO"
>
5600.060754 5026.849937 -4141.075646
</CgPoint>
<CgPoint
 name="700"
 desc="1/4 COR"
>
4937.802091 5850.040712 100.812838
</CgPoint>
<CgPoint
 name="701"
 desc="SECNR S.34"
>
4931.477221 8159.130722 124.082885
</CgPoint>
<CgPoint
 name="702"
 desc="CP 1/2&quot; REBAR 59"
>
5224.369893 5453.248367 106.262849
</CgPoint>
<CgPoint
 name="1000"
 desc="TBC"
>
5602.608617 4837.610332 139.199302
</CgPoint>
<CgPoint
 name="1001"
 desc="GUTR"
>
5603.464899 4837.399971 138.727105
</CgPoint>
<CgPoint
 name="1002"
 desc="LIP"
>
5604.620558 4837.281075 138.768311
</CgPoint>
<CgPoint
 name="1003"
 desc="CL RD"
>
5617.411629 4838.100445 138.825238
</CgPoint>
<CgPoint
 name="1004"
 desc="LIP"
>
5630.479393 4837.501863 138.855701
</CgPoint>
<CgPoint
 name="1005"
 desc="GUTR"
>
5631.776682 4837.525690 138.866622
</CgPoint>
<CgPoint
 name="1006"
 desc="N.TBC"
>
5632.625157 4837.535072 139.202911
</CgPoint>
<CgPoint
 name="1007"
 desc="CL RD"
>
5618.584197 4881.746001 139.459065
</CgPoint>
<CgPoint
 name="1008"
 desc="TBC"
>
5603.372440 4882.047122 139.888455
</CgPoint>
<CgPoint
 name="1009"
 desc="TBC"
>
5603.975403 4921.832801 140.482813
</CgPoint>
<CgPoint
 name="1010"
 desc="CL RD"
>
5619.156442 4921.210214 140.127896
</CgPoint>
<CgPoint
 name="1011"
 desc="CL RD"
>
5619.959527 4965.752214 140.509045
</CgPoint>
<CgPoint
 name="1012"
 desc="TBC"
>
5604.729260 4966.295277 141.050753
</CgPoint>
<CgPoint
 name="1013"
 desc="TBC STD-RO TYPE"
>
5605.572395 5011.056127 141.569725
</CgPoint>
<CgPoint
 name="1014"
 desc="RO GUTR"
>
5606.734133 5011.202330 141.256583
</CgPoint>
<CgPoint
 name="1015"
 desc="RO LIP"
>
5608.197335 5011.153611 141.236741
</CgPoint>
<CgPoint
 name="1016"
 desc="STD LIP"
>
5607.659010 5011.071039 141.208531
</CgPoint>
<CgPoint
 name="1017"
 desc="CL RD"
>
5621.951650 5010.013152 140.914965
</CgPoint>
<CgPoint
 name="1018"
 desc="CL RD"
>
5621.951433 5034.536882 141.663055
</CgPoint>
<CgPoint
 name="1019"
 desc="PVMT"
>
5622.368409 5022.844531 141.441345
</CgPoint>
<CgPoint
 name="1020"
 desc="PVMT"
>
5609.841066 5025.508012 141.484094
</CgPoint>
<CgPoint
 name="1021"
 desc="RO LIP"
>
5608.213473 5011.877421 141.349186
</CgPoint>
<CgPoint
 name="1022"
 desc="RO LIP"
>
5607.188389 5018.025843 141.527913
</CgPoint>
<CgPoint
 name="1023"
 desc="RO LIP"
>
5605.626033 5021.816619 141.621458
</CgPoint>
<CgPoint
 name="1024"
 desc="RO LIP"
>
5604.195680 5023.677698 141.575610
</CgPoint>
<CgPoint
 name="1025"
 desc="RO LIP"
>
5601.923882 5024.858476 141.669267
</CgPoint>
<CgPoint
 name="1026"
 desc="RO LIP"
>
5587.266355 5028.189231 141.671292
</CgPoint>
<CgPoint
 name="1027"
 desc="RO LIP"
>
5570.926122 5029.560430 141.719445
</CgPoint>
<CgPoint
 name="1028"
 desc="TBC RO"
>
5605.372084 5014.246713 141.706036
</CgPoint>
<CgPoint
 name="1029"
 desc="TBC RO"
>
5604.826359 5017.253203 141.802124
</CgPoint>
<CgPoint
 name="1030"
 desc="TBC RO"
>
5603.166341 5020.659892 141.927453
</CgPoint>
<CgPoint
 name="1031"
 desc="TBC RO"
>
5601.032436 5022.585734 141.884324
</CgPoint>
<CgPoint
 name="1032"
 desc="TBC RO"
>
5600.785175 5022.518457 141.844543
</CgPoint>
<CgPoint
 name="1033"
 desc="TBC RO"
>
5586.141577 5025.602852 141.908280
</CgPoint>
<CgPoint
 name="1034"
 desc="TBC RO"
>
5570.857510 5026.983601 142.055991
</CgPoint>
<CgPoint
 name="1035"
 desc="CL RD"
>
5592.933560 5036.320366 141.881801
</CgPoint>
<CgPoint
 name="1036"
 desc="CL RD"
>
5586.827061 5036.758371 141.890006
</CgPoint>
<CgPoint
 name="1037"
 desc="LIP RO"
>
5587.542636 5045.091512 142.035905
</CgPoint>
<CgPoint
 name="1038"
 desc="GUTR"
>
5587.848975 5046.633102 142.028575
</CgPoint>
<CgPoint
 name="1039"
 desc="E.TBC"
>
5588.045498 5047.741712 142.376472
</CgPoint>
<CgPoint
 name="1040"
 desc="CL RD"
>
5541.714174 5039.216018 141.844658
</CgPoint>
<CgPoint
 name="1041"
 desc="TBC RO"
>
5541.174303 5028.314310 142.088239
</CgPoint>
<CgPoint
 name="1042"
 desc="TBC RO"
>
5500.652507 5030.076503 142.180661
</CgPoint>
<CgPoint
 name="1043"
 desc="CL RD"
>
5500.566954 5040.974317 141.957903
</CgPoint>
<CgPoint
 name="1044"
 desc="CL RD"
>
5456.657816 5042.848190 142.131697
</CgPoint>
<CgPoint
 name="1045"
 desc="TBC RO"
>
5456.025591 5031.917714 142.389149
</CgPoint>
<CgPoint
 name="1046"
 desc="TBC RO"
>
5422.026557 5033.442729 142.602711
</CgPoint>
<CgPoint
 name="1047"
 desc="RO LIP"
>
5422.100141 5035.815212 142.178189
</CgPoint>
<CgPoint
 name="1048"
 desc="RO LIP"
>
5413.279026 5040.139542 142.391610
</CgPoint>
<CgPoint
 name="1049"
 desc="TBC RO"
>
5411.406691 5038.483741 142.701104
</CgPoint>
<CgPoint
 name="1050"
 desc="TBC RO"
>
5407.536068 5048.401563 142.757921
</CgPoint>
<CgPoint
 name="1051"
 desc="RO LIP"
>
5410.137324 5048.460054 142.495277
</CgPoint>
<CgPoint
 name="1052"
 desc="CL RD"
>
5422.722942 5049.875656 142.479888
</CgPoint>
<CgPoint
 name="1053"
 desc="CL SMH"
>
5425.176498 5041.234706 142.405112
</CgPoint>
<CgPoint
 name="1054"
 desc="N.RIM"
>
5426.260898 5041.110662 142.358053
</CgPoint>
<CgPoint
 name="1055"
 desc="CONC"
>
5427.116406 5043.277833 142.472356
</CgPoint>
<CgPoint
 name="1056"
 desc="CONC"
>
5426.969097 5038.896124 142.241039
</CgPoint>
<CgPoint
 name="1057"
 desc="CONC"
>
5422.774779 5038.959212 142.301630
</CgPoint>
<CgPoint
 name="1058"
 desc="CONC"
>
5422.685292 5043.466388 142.532046
</CgPoint>
<CgPoint
 name="1059"
 desc="CL SMH"
>
5611.096017 5041.268936 142.001878
</CgPoint>
<CgPoint
 name="1060"
 desc="N.RIM"
>
5612.112931 5041.301535 141.978296
</CgPoint>
</CgPoints>
<Alignments
 name="Points"
>
<Alignment
 name="Alignment22568"
 desc="CONC*"
 staStart="0.000000"
 length="13.087041"
>
<CoordGeom
>
<Line
>
<Start
 pntRef="1055"
>
5427.116406 5043.277833 142.472356
</Start>
<End
 pntRef="1056"
>
5426.969097 5038.896124 142.241039
</End>
</Line>
<Line
>
<Start
 pntRef="1056"
>
5426.969097 5038.896124 142.241039
</Start>
<End
 pntRef="1057"
>
5422.774779 5038.959212 142.301630
</End>
</Line>
<Line
>
<Start
 pntRef="1057"
>
5422.774779 5038.959212 142.301630
</Start>
<End
 pntRef="1058"
>
5422.685292 5043.466388 142.532046
</End>
</Line>
</CoordGeom>
</Alignment>
<Alignment
 name="Alignment22566"
 desc="RO LIP"
 staStart="0.000000"
 length="18.717933"
>
<CoordGeom
>
<Line
>
<Start
 pntRef="1047"
>
5422.100141 5035.815212 142.178189
</Start>
<End
 pntRef="1048"
>
5413.279026 5040.139542 142.391610
</End>
</Line>
<Line
>
<Start
 pntRef="1048"
>
5413.279026 5040.139542 142.391610
</Start>
<End
 pntRef="1051"
>
5410.137324 5048.460054 142.495277
</End>
</Line>
</CoordGeom>
</Alignment>
<Alignment
 name="Alignment22564"
 desc="RO LIP"
 staStart="0.000000"
 length="46.759724"
>
<CoordGeom
>
<Curve
 rot="cw"
>
<Start
 pntRef="1021"
>
5608.213473 5011.877421 141.349186
</Start>
<Center
>
5585.279301 5011.213430
</Center>
<End
 pntRef="1023"
>
5605.626033 5021.816619 141.621458
</End>
</Curve>
<Curve
 rot="cw"
>
<Start
 pntRef="1023"
>
5605.626033 5021.816619 141.621458
</Start>
<Center
>
5600.512151 5019.366486
</Center>
<End
 pntRef="1025"
>
5601.923882 5024.858476 141.669267
</End>
</Curve>
<Curve
 rot="cw"
>
<Start
 pntRef="1025"
>
5601.923882 5024.858476 141.669267
</Start>
<Center
>
5569.708869 4917.007888
</Center>
<End
 pntRef="1027"
>
5570.926122 5029.560430 141.719445
</End>
</Curve>
</CoordGeom>
</Alignment>
<Alignment
 name="Alignment22562"
 desc="TBC*"
 staStart="0.000000"
 length="388.938986"
>
<CoordGeom
>
<Line
>
<Start
 pntRef="1000"
>
5602.608617 4837.610332 139.199302
</Start>
<End
 pntRef="1008"
>
5603.372440 4882.047122 139.888455
</End>
</Line>
<Line
>
<Start
 pntRef="1008"
>
5603.372440 4882.047122 139.888455
</Start>
<End
 pntRef="1009"
>
5603.975403 4921.832801 140.482813
</End>
</Line>
<Line
>
<Start
 pntRef="1009"
>
5603.975403 4921.832801 140.482813
</Start>
<End
 pntRef="1012"
>
5604.729260 4966.295277 141.050753
</End>
</Line>
<Line
>
<Start
 pntRef="1012"
>
5604.729260 4966.295277 141.050753
</Start>
<End
 pntRef="1013"
>
5605.572395 5011.056127 141.569725
</End>
</Line>
<Curve
 rot="cw"
>
<Start
 pntRef="1013"
>
5605.572395 5011.056127 141.569725
</Start>
<Center
>
5578.805442 5010.977229
</Center>
<End
 pntRef="1029"
>
5604.826359 5017.253203 141.802124
</End>
</Curve>
<Curve
 rot="cw"
>
<Start
 pntRef="1029"
>
5604.826359 5017.253203 141.802124
</Start>
<Center
>
5596.315120 5015.213624
</Center>
<End
 pntRef="1031"
>
5601.032436 5022.585734 141.884324
</End>
</Curve>
<Line
>
<Start
 pntRef="1031"
>
5601.032436 5022.585734 141.884324
</Start>
<End
 pntRef="1032"
>
5600.785175 5022.518457 141.844543
</End>
</Line>
<Curve
 rot="cw"
>
<Start
 pntRef="1032"
>
5600.785175 5022.518457 141.844543
</Start>
<Center
>
5566.908567 4897.987990
</Center>
<End
 pntRef="1034"
>
5570.857510 5026.983601 142.055991
</End>
</Curve>
<Line
>
<Start
 pntRef="1034"
>
5570.857510 5026.983601 142.055991
</Start>
<End
 pntRef="1041"
>
5541.174303 5028.314310 142.088239
</End>
</Line>
<Line
>
<Start
 pntRef="1041"
>
5541.174303 5028.314310 142.088239
</Start>
<End
 pntRef="1042"
>
5500.652507 5030.076503 142.180661
</End>
</Line>
<Line
>
<Start
 pntRef="1042"
>
5500.652507 5030.076503 142.180661
</Start>
<End
 pntRef="1045"
>
5456.025591 5031.917714 142.389149
</End>
</Line>
<Line
>
<Start
 pntRef="1045"
>
5456.025591 5031.917714 142.389149
</Start>
<End
 pntRef="1046"
>
5422.026557 5033.442729 142.602711
</End>
</Line>
<Curve
 rot="ccw"
>
<Start
 pntRef="1046"
>
5422.026557 5033.442729 142.602711
</Start>
<Center
>
5422.721560 5048.613793
</Center>
<End
 pntRef="1050"
>
5407.536068 5048.401563 142.757921
</End>
</Curve>
</CoordGeom>
</Alignment>
</Alignments>
</LandXML>
