<?xml version="1.0"?>
<LandXML xmlns="http://www.landxml.org/schema/LandXML-1.0"  xmlns:xsi="http://www.w3.org/2001/XMLSchema-instance" xsi:schemaLocation="http://www.landxml.org/schema/LandXML-1.0 http://www.landxml.org/schema/LandXML-1.0/LandXML-1.0.xsd" version="1.0" date="2007-03-09" time="10:07:17" readOnly="false" language="English">
<Project name="214-07 HECK.JOB"/>
<Units>
<Imperial linearUnit="foot" areaUnit="squareFoot" volumeUnit="cubicFeet" temperatureUnit="fahrenheit" pressureUnit="inchHG" angularUnit="decimal degrees" directionUnit="decimal degrees"/>
</Units>
<Application name="Survey Pro" manufacturer="Tripod Data Systems" version="4.0" manufacturerURL="www.tdsway.com"/>
<CgPoints
 name="Points"
>

<CgPoint
 name="1"
 desc="2&quot;IPF BRD1.2&apos;"
>

5782.333563 4797.478105 90.045052
</CgPoint>

<CgPoint
 name="2"
 desc="1/2&quot;IRF"
>

5442.239359 4758.118115 90.348596
</CgPoint>

<CgPoint
 name="3"
 desc="1/2&quot;IRF #9433"
>

5439.636926 4782.022302 94.182915
</CgPoint>

<CgPoint
 name="4"
 desc="1/2&quot;IRF"
>

5437.127759 6055.619700 102.498105
</CgPoint>

<CgPoint
 name="5"
 desc="1/2&quot;IRF5939(BNT)"
>

5756.243860 6060.712495 97.707301
</CgPoint>

<CgPoint
 name="6"
 desc="NMSHTD 2846-16"
>

189.740022 3015.503977 83.071293
</CgPoint>

<CgPoint
 name="7"
 desc="USC&amp;GS  NMDA71"
>

189.961513 3015.494419 83.106354
</CgPoint>

<CgPoint
 name="8"
 desc="1/2&quot;IRF"
>

5611.529410 5010.562274 94.396486
</CgPoint>

<CgPoint
 name="9"
 desc="1/2&quot;IRF"
>

5610.667019 5243.611749 96.752898
</CgPoint>

<CgPoint
 name="10"
 desc="1/2&quot;IRF"
>

5610.638562 5358.958052 97.375184
</CgPoint>

<CgPoint
 name="11"
 desc="FND NAIL"
>

5437.994607 5455.494726 101.965158
</CgPoint>

<CgPoint
 name="12"
 desc="FND NAIL"
>

5438.215803 5405.623492 101.621906
</CgPoint>

<CgPoint
 name="13"
 desc="OFW"
>

5438.466996 5405.622753 98.062413
</CgPoint>

<CgPoint
 name="14"
 desc="NG"
>

5435.622724 5407.199115 98.686967
</CgPoint>

<CgPoint
 name="15"
 desc="NG"
>

5435.707577 5403.945686 98.193563
</CgPoint>

<CgPoint
 name="16"
 desc="OFW"
>

5438.508094 5360.835336 98.044561
</CgPoint>

<CgPoint
 name="17"
 desc="NG"
>

5435.881544 5362.968512 97.933909
</CgPoint>

<CgPoint
 name="18"
 desc="NG"
>

5435.667074 5359.328514 97.893886
</CgPoint>

<CgPoint
 name="19"
 desc="OFW"
>

5438.547258 5315.697018 98.470383
</CgPoint>

<CgPoint
 name="20"
 desc="NG"
>

5435.809491 5318.044978 97.623793
</CgPoint>

<CgPoint
 name="21"
 desc="NG"
>

5435.943973 5314.015678 97.569475
</CgPoint>

<CgPoint
 name="22"
 desc="OFW"
>

5438.534054 5270.767079 97.021340
</CgPoint>

<CgPoint
 name="23"
 desc="NG"
>

5436.184213 5268.869256 96.853713
</CgPoint>

<CgPoint
 name="24"
 desc="NG"
>

5436.217694 5273.274633 97.181210
</CgPoint>

<CgPoint
 name="25"
 desc="OFW"
>

5438.660528 5225.631637 96.512700
</CgPoint>

<CgPoint
 name="26"
 desc="NG"
>

5435.722814 5223.888647 96.594140
</CgPoint>

<CgPoint
 name="27"
 desc="NG"
>

5435.973997 5227.566384 96.719121
</CgPoint>

<CgPoint
 name="28"
 desc="1/2&quot;IRF"
>

5438.809934 5225.618812 96.521761
</CgPoint>

<CgPoint
 name="29"
 desc="1/2&quot;IRF"
>

5439.148247 4978.802261 95.607472
</CgPoint>

<CgPoint
 name="30"
 desc="1/2&quot;IRF #9433"
>

5439.539013 4845.477326 95.683962
</CgPoint>

<CgPoint
 name="50"
 desc="BASE"
>

5500.011000 5500.011000 100.000200
</CgPoint>

<CgPoint
 name="100"
 desc="EOR"
>

5765.597029 4820.090330 90.699144
</CgPoint>

<CgPoint
 name="101"
 desc="EOR"
>

5764.674181 4873.859592 91.165680
</CgPoint>

<CgPoint
 name="102"
 desc="EOR"
>

5764.572993 4927.976697 91.241091
</CgPoint>

<CgPoint
 name="103"
 desc="EOR"
>

5764.506041 4980.117508 91.316231
</CgPoint>

<CgPoint
 name="104"
 desc="EOR"
>

5765.533592 5037.755356 91.639093
</CgPoint>

<CgPoint
 name="105"
 desc="EOR"
>

5766.282080 5093.430579 91.942774
</CgPoint>

<CgPoint
 name="106"
 desc="EOR"
>

5764.365136 5155.415569 92.275380
</CgPoint>

<CgPoint
 name="107"
 desc="EOR"
>

5767.472721 5206.094447 92.680815
</CgPoint>

<CgPoint
 name="108"
 desc="EOR"
>

5771.400487 5263.148164 93.110223
</CgPoint>

<CgPoint
 name="109"
 desc="EOR"
>

5771.301178 5323.862222 93.702770
</CgPoint>

<CgPoint
 name="110"
 desc="EOR"
>

5771.052275 5383.735211 93.841103
</CgPoint>

<CgPoint
 name="111"
 desc="EOR"
>

5771.354002 5435.131293 94.336164
</CgPoint>

<CgPoint
 name="112"
 desc="EOR"
>

5770.165095 5496.815329 94.027644
</CgPoint>

<CgPoint
 name="113"
 desc="EOR"
>

5767.436319 5558.517810 94.101537
</CgPoint>

<CgPoint
 name="114"
 desc="EOR"
>

5767.618714 5614.057656 94.597573
</CgPoint>

<CgPoint
 name="115"
 desc="EOR"
>

5768.649501 5671.101765 94.378251
</CgPoint>

<CgPoint
 name="116"
 desc="EOR"
>

5767.181516 5726.154946 94.103803
</CgPoint>

<CgPoint
 name="117"
 desc="EOR"
>

5767.382259 5789.092736 94.586559
</CgPoint>

<CgPoint
 name="118"
 desc="EOR"
>

5768.215060 5839.205735 95.365280
</CgPoint>

<CgPoint
 name="119"
 desc="EOR"
>

5768.456414 5894.584570 95.311452
</CgPoint>

<CgPoint
 name="120"
 desc="EOR"
>

5768.591256 5949.779113 95.748548
</CgPoint>

<CgPoint
 name="121"
 desc="EOR"
>

5768.401344 6005.525289 96.142281
</CgPoint>

<CgPoint
 name="122"
 desc="EOR"
>

5768.516815 6059.966743 96.389845
</CgPoint>

<CgPoint
 name="123"
 desc="EOR"
>

5767.823992 6110.105334 96.716480
</CgPoint>

<CgPoint
 name="124"
 desc="EOR"
>

5797.217672 6114.218921 97.305184
</CgPoint>

<CgPoint
 name="125"
 desc="EOR"
>

5796.891010 6062.154569 96.852510
</CgPoint>

<CgPoint
 name="126"
 desc="EOR"
>

5796.348121 6009.202165 96.467568
</CgPoint>

<CgPoint
 name="127"
 desc="EOR"
>

5797.006138 5954.210009 95.905948
</CgPoint>

<CgPoint
 name="128"
 desc="EOR"
>

5798.766625 5902.769499 95.930641
</CgPoint>

<CgPoint
 name="129"
 desc="EOR"
>

5799.041376 5847.442909 95.400525
</CgPoint>

<CgPoint
 name="130"
 desc="EOR"
>

5798.442877 5797.250543 95.106387
</CgPoint>

<CgPoint
 name="131"
 desc="EOR"
>

5798.647876 5741.833644 95.041169
</CgPoint>

<CgPoint
 name="132"
 desc="EOR"
>

5799.542746 5689.524191 95.153639
</CgPoint>

<CgPoint
 name="133"
 desc="EOR"
>

5800.162448 5638.026247 94.812555
</CgPoint>

<CgPoint
 name="134"
 desc="EOR"
>

5799.893498 5619.996004 94.477831
</CgPoint>

<CgPoint
 name="135"
 desc="EOR"
>

5799.476963 5600.954462 94.978103
</CgPoint>

<CgPoint
 name="136"
 desc="EOR"
>

5800.309347 5570.859013 94.942034
</CgPoint>

<CgPoint
 name="137"
 desc="EOR"
>

5800.616679 5518.042459 94.474780
</CgPoint>

<CgPoint
 name="138"
 desc="EOR"
>

5801.119225 5465.477237 94.258470
</CgPoint>

<CgPoint
 name="139"
 desc="EOR"
>

5801.367652 5414.405174 93.758435
</CgPoint>

<CgPoint
 name="140"
 desc="EOR"
>

5802.421787 5361.249828 93.739503
</CgPoint>

<CgPoint
 name="141"
 desc="EOR"
>

5801.820220 5307.602929 93.455060
</CgPoint>

<CgPoint
 name="142"
 desc="EOR"
>

5801.488820 5254.148686 93.094294
</CgPoint>

<CgPoint
 name="143"
 desc="EOR"
>

5802.819353 5195.829255 92.656355
</CgPoint>

<CgPoint
 name="144"
 desc="EOR"
>

5802.694234 5142.650750 92.363809
</CgPoint>

<CgPoint
 name="145"
 desc="EOR"
>

5801.926233 5102.208666 92.193236
</CgPoint>

<CgPoint
 name="146"
 desc="EOR"
>

5802.947494 5049.440593 91.767174
</CgPoint>

<CgPoint
 name="147"
 desc="EOR"
>

5803.367468 4998.849433 91.583265
</CgPoint>

<CgPoint
 name="148"
 desc="EOR"
>

5803.369837 4946.033982 91.379877
</CgPoint>

<CgPoint
 name="149"
 desc="EOR"
>

5802.076719 4889.376315 91.442618
</CgPoint>

<CgPoint
 name="150"
 desc="EOR"
>

5804.531512 4835.586045 90.998161
</CgPoint>

<CgPoint
 name="151"
 desc="EOR"
>

5809.383639 4790.348377 91.166786
</CgPoint>

<CgPoint
 name="152"
 desc="R.G.GAS CLEAR"
>

5788.591713 4778.403208 91.188883
</CgPoint>

<CgPoint
 name="153"
 desc="CL RD"
>

5786.320911 4785.330167 91.115213
</CgPoint>

<CgPoint
 name="154"
 desc="CL RD"
>

5785.395161 4818.973269 91.281535
</CgPoint>

<CgPoint
 name="155"
 desc="CL RD"
>

5783.912602 4871.894949 91.137358
</CgPoint>

<CgPoint
 name="156"
 desc="CL RD"
>

5783.434939 4929.533358 91.452184
</CgPoint>

<CgPoint
 name="157"
 desc="CL RD"
>

5782.540076 4980.317326 91.161276
</CgPoint>

<CgPoint
 name="158"
 desc="CL RD"
>

5782.380414 5031.101242 91.779257
</CgPoint>

<CgPoint
 name="159"
 desc="CL RD"
>

5783.742824 5087.589728 92.009875
</CgPoint>

<CgPoint
 name="160"
 desc="CL RD"
>

5784.406781 5140.316151 92.252219
</CgPoint>

<CgPoint
 name="161"
 desc="CL RD"
>

5784.976976 5200.370548 92.647985
</CgPoint>

<CgPoint
 name="162"
 desc="CL RD"
>

5784.919822 5260.687813 92.844085
</CgPoint>

<CgPoint
 name="163"
 desc="CL RD"
>

5784.364061 5317.215148 93.510648
</CgPoint>

<CgPoint
 name="164"
 desc="CL RD"
>

5784.035597 5371.279815 93.547612
</CgPoint>

<CgPoint
 name="165"
 desc="CL RD"
>

5784.312192 5427.043636 93.954491
</CgPoint>

<CgPoint
 name="166"
 desc="CL RD"
>

5784.661432 5488.692058 94.500444
</CgPoint>

<CgPoint
 name="167"
 desc="CL RD"
>

5783.653615 5548.447059 94.948960
</CgPoint>

<CgPoint
 name="168"
 desc="CL RD"
>

5784.109507 5585.380055 95.188129
</CgPoint>

<CgPoint
 name="169"
 desc="CL RD"
>

5784.038402 5601.531293 94.803666
</CgPoint>

<CgPoint
 name="170"
 desc="CL RD"
>

5784.136236 5652.867969 95.394637
</CgPoint>

<CgPoint
 name="171"
 desc="CL RD"
>

5784.016379 5686.053661 95.247634
</CgPoint>

<CgPoint
 name="172"
 desc="CL RD"
>

5783.671575 5745.212380 95.222854
</CgPoint>

<CgPoint
 name="173"
 desc="CL RD"
>

5783.470257 5802.242028 95.616601
</CgPoint>

<CgPoint
 name="174"
 desc="CL RD"
>

5783.349978 5862.061566 95.714754
</CgPoint>

<CgPoint
 name="175"
 desc="CL RD"
>

5783.092895 5914.625039 95.969661
</CgPoint>

<CgPoint
 name="176"
 desc="CL RD"
>

5782.106109 5971.672199 96.254011
</CgPoint>

<CgPoint
 name="177"
 desc="CL RD"
>

5781.996297 6027.165972 96.387715
</CgPoint>

<CgPoint
 name="178"
 desc="CL RD"
>

5782.282584 6084.792366 96.925331
</CgPoint>

<CgPoint
 name="179"
 desc="CL RD"
>

5782.837052 6112.721957 97.429250
</CgPoint>

<CgPoint
 name="180"
 desc="NG RD BL"
>

5771.047154 5840.631252 95.470578
</CgPoint>

<CgPoint
 name="181"
 desc="NG RD BL"
>

5770.300644 5891.007483 95.452674
</CgPoint>

<CgPoint
 name="182"
 desc="NG RD BL"
>

5770.282016 5944.335847 95.840856
</CgPoint>

<CgPoint
 name="183"
 desc="NG RD BL"
>

5769.981198 6001.612923 96.243562
</CgPoint>

<CgPoint
 name="184"
 desc="NG RD BL"
>

5769.533340 6055.318270 96.611186
</CgPoint>

<CgPoint
 name="185"
 desc="NG RD BL"
>

5769.602773 6109.642864 96.812524
</CgPoint>

<CgPoint
 name="186"
 desc="CHN LNK FNC"
>

5758.412089 5027.487881 92.645436
</CgPoint>

<CgPoint
 name="187"
 desc="CHN LNK FNC"
>

5611.715140 5010.749403 94.357760
</CgPoint>

<CgPoint
 name="188"
 desc="NG"
>

5613.515972 5013.514165 94.493145
</CgPoint>

<CgPoint
 name="189"
 desc="CHN LNK FNC"
>

5611.181000 5127.154043 95.136565
</CgPoint>

<CgPoint
 name="190"
 desc="NG"
>

5612.862518 5125.382421 95.153692
</CgPoint>

<CgPoint
 name="191"
 desc="NG"
>

5612.714240 5128.948448 95.282365
</CgPoint>

<CgPoint
 name="192"
 desc="CHN LNK FNC"
>

5611.100866 5243.456161 96.473475
</CgPoint>

<CgPoint
 name="193"
 desc="NG"
>

5612.427595 5246.032847 96.631557
</CgPoint>

<CgPoint
 name="194"
 desc="NG"
>

5613.174967 5242.077264 95.905853
</CgPoint>

<CgPoint
 name="195"
 desc="NG"
>

5613.422061 5356.276373 96.763074
</CgPoint>

<CgPoint
 name="196"
 desc="NG"
>

5612.929355 5359.912981 97.081187
</CgPoint>

<CgPoint
 name="197"
 desc="CHN LNK FNC"
>

5610.998960 5358.708662 97.133643
</CgPoint>

<CgPoint
 name="198"
 desc="CHN LNK FNC"
>

5615.591997 5359.510075 96.924643
</CgPoint>

<CgPoint
 name="199"
 desc="CHN LNK FNC/SHED"
>

5611.142994 5368.010170 98.485056
</CgPoint>

<CgPoint
 name="200"
 desc="CHN LNK FNC/SHED"
>

5594.794206 5367.050668 97.729103
</CgPoint>

<CgPoint
 name="201"
 desc="CHN LNK FNC/SHED"
>

5594.865713 5387.418744 97.633806
</CgPoint>

<CgPoint
 name="202"
 desc="CHN LNK FNC/SHED"
>

5610.765560 5386.318356 98.450928
</CgPoint>

<CgPoint
 name="203"
 desc="CHN LNK FNC"
>

5611.949478 5480.648171 98.426225
</CgPoint>

<CgPoint
 name="204"
 desc="NG"
>

5613.415468 5478.947714 97.463971
</CgPoint>

<CgPoint
 name="205"
 desc="NG"
>

5613.331152 5481.617263 98.047494
</CgPoint>

<CgPoint
 name="206"
 desc="CHN LNK FNC"
>

5610.482540 5592.312571 97.258125
</CgPoint>

<CgPoint
 name="207"
 desc="CHN LNK FNC"
>

5623.256369 5593.226422 98.174730
</CgPoint>

<CgPoint
 name="208"
 desc="WIRE FNC"
>

5630.051562 5723.150411 97.013046
</CgPoint>

<CgPoint
 name="209"
 desc="NG"
>

5616.027405 5715.317941 96.990305
</CgPoint>

<CgPoint
 name="210"
 desc="NG"
>

5613.575101 5595.790141 98.044817
</CgPoint>

<CgPoint
 name="211"
 desc="NG"
>

5613.039373 5590.657483 97.933487
</CgPoint>

<CgPoint
 name="212"
 desc="WIRE FNC"
>

5608.834614 5723.430734 97.216309
</CgPoint>

<CgPoint
 name="213"
 desc="NG"
>

5610.392449 5726.073449 97.243503
</CgPoint>

<CgPoint
 name="214"
 desc="WIRE FNC"
>

5608.819732 5838.786817 96.506699
</CgPoint>

<CgPoint
 name="215"
 desc="NG"
>

5609.468660 5836.263056 96.513882
</CgPoint>

<CgPoint
 name="216"
 desc="WIRE FNC"
>

5757.057075 5839.655648 98.653950
</CgPoint>

<CgPoint
 name="217"
 desc="NG"
>

5755.478416 5837.783571 97.951821
</CgPoint>

<CgPoint
 name="218"
 desc="E.EOP"
>

5389.972164 4736.241773 91.786952
</CgPoint>

<CgPoint
 name="219"
 desc="CL RD"
>

5393.348262 4722.792082 91.627987
</CgPoint>

<CgPoint
 name="220"
 desc="W.EOP"
>

5395.207442 4706.640932 91.314001
</CgPoint>

<CgPoint
 name="221"
 desc="W.EOP"
>

5420.345542 4709.470641 91.318913
</CgPoint>

<CgPoint
 name="222"
 desc="PVMT"
>

5446.969961 4712.716826 91.189123
</CgPoint>

<CgPoint
 name="223"
 desc="CL RD"
>

5446.091537 4729.216912 91.504549
</CgPoint>

<CgPoint
 name="224"
 desc="E.EOP"
>

5443.867404 4743.166402 91.802305
</CgPoint>

<CgPoint
 name="225"
 desc="E.EOP"
>

5489.875530 4748.850036 91.439740
</CgPoint>

<CgPoint
 name="226"
 desc="CL RD"
>

5492.939984 4734.341157 91.241039
</CgPoint>

<CgPoint
 name="227"
 desc="PVMT"
>

5494.655312 4718.350608 91.096782
</CgPoint>

<CgPoint
 name="228"
 desc="W.EOP"
>

5533.634859 4724.442690 91.115031
</CgPoint>

<CgPoint
 name="229"
 desc="CL RD"
>

5533.019936 4738.948936 91.137580
</CgPoint>

<CgPoint
 name="230"
 desc="E.EOP"
>

5531.717692 4754.004690 91.144438
</CgPoint>

<CgPoint
 name="231"
 desc="E.EOP"
>

5578.968338 4759.313279 91.316045
</CgPoint>

<CgPoint
 name="232"
 desc="CL RD"
>

5581.194294 4745.059088 91.254951
</CgPoint>

<CgPoint
 name="233"
 desc="W.EOP"
>

5582.797316 4730.535919 91.211803
</CgPoint>

<CgPoint
 name="234"
 desc="W.EOP"
>

5628.414743 4734.452856 91.113499
</CgPoint>

<CgPoint
 name="235"
 desc="CL RD"
>

5628.144727 4749.720790 91.364915
</CgPoint>

<CgPoint
 name="236"
 desc="E.EOP"
>

5626.599015 4764.584111 91.371436
</CgPoint>

<CgPoint
 name="237"
 desc="E.EOP"
>

5674.758922 4770.788768 91.212669
</CgPoint>

<CgPoint
 name="238"
 desc="CL RD"
>

5677.483037 4755.877787 91.293550
</CgPoint>

<CgPoint
 name="239"
 desc="W.EOP"
>

5679.823552 4741.172496 91.212379
</CgPoint>

<CgPoint
 name="240"
 desc="W.EOP"
>

5725.196253 4745.913980 91.186091
</CgPoint>

<CgPoint
 name="241"
 desc="CL RD"
>

5723.049187 4761.182460 91.365527
</CgPoint>

<CgPoint
 name="242"
 desc="E.EOP"
>

5720.228947 4775.838208 91.236586
</CgPoint>

<CgPoint
 name="243"
 desc="E.EOP"
>

5768.145096 4781.372798 91.064807
</CgPoint>

<CgPoint
 name="244"
 desc="CL RD"
>

5770.292882 4766.728795 91.129180
</CgPoint>

<CgPoint
 name="245"
 desc="W.EOP"
>

5771.736144 4751.278471 91.030518
</CgPoint>

<CgPoint
 name="246"
 desc="W.EOP"
>

5816.446174 4756.839736 90.930132
</CgPoint>

<CgPoint
 name="247"
 desc="CL RD"
>

5814.420522 4771.880355 91.095167
</CgPoint>

<CgPoint
 name="248"
 desc="E.EOP"
>

5813.040209 4786.852911 90.855025
</CgPoint>

<CgPoint
 name="249"
 desc="E.EOP"
>

5859.140930 4790.528559 90.940619
</CgPoint>

<CgPoint
 name="250"
 desc="CL RD"
>

5860.959046 4777.288562 91.051665
</CgPoint>

<CgPoint
 name="251"
 desc="W.EOP"
>

5863.891968 4761.826420 90.755622
</CgPoint>

<CgPoint
 name="252"
 desc="DBL UP"
>

5932.956031 4721.636665 88.240774
</CgPoint>

<CgPoint
 name="253"
 desc="DBL UP"
>

5920.232444 4696.731328 88.135722
</CgPoint>

<CgPoint
 name="254"
 desc="OHE N/S"
>

5903.614390 4803.856522 90.878831
</CgPoint>

<CgPoint
 name="255"
 desc="TEL RSR"
>

5818.676052 4793.145818 91.474306
</CgPoint>

<CgPoint
 name="256"
 desc="TEL RSR"
>

5817.981826 4796.871746 91.105943
</CgPoint>

<CgPoint
 name="257"
 desc="OFW RCK"
>

5436.935994 6064.834336 103.303921
</CgPoint>

<CgPoint
 name="258"
 desc="OFW RCK"
>

5436.903251 6055.530730 102.596568
</CgPoint>

<CgPoint
 name="259"
 desc="NG"
>

5433.897407 6053.829332 102.662098
</CgPoint>

<CgPoint
 name="260"
 desc="NG"
>

5434.582141 6057.234484 103.264878
</CgPoint>

<CgPoint
 name="261"
 desc="OFW"
>

5437.263023 6005.568733 102.161411
</CgPoint>

<CgPoint
 name="262"
 desc="NG"
>

5434.395328 6003.595335 102.032723
</CgPoint>

<CgPoint
 name="263"
 desc="NG"
>

5434.556089 6007.639631 102.270457
</CgPoint>

<CgPoint
 name="264"
 desc="WIRE FNC"
>

5442.335332 6058.005442 101.431340
</CgPoint>

<CgPoint
 name="265"
 desc="WIRE FNC"
>

5473.868010 6059.344600 100.378962
</CgPoint>

<CgPoint
 name="266"
 desc="OFW"
>

5437.275258 5955.863419 102.241110
</CgPoint>

<CgPoint
 name="267"
 desc="NG"
>

5434.868585 5957.335148 102.064960
</CgPoint>

<CgPoint
 name="268"
 desc="NG"
>

5435.189502 5950.859580 102.061319
</CgPoint>

<CgPoint
 name="269"
 desc="NG"
>

5434.934506 5907.901059 101.984062
</CgPoint>

<CgPoint
 name="270"
 desc="NG"
>

5434.523775 5904.599589 101.656763
</CgPoint>

<CgPoint
 name="271"
 desc="OFW"
>

5437.177816 5906.046540 101.863515
</CgPoint>

<CgPoint
 name="272"
 desc="OFW"
>

5437.449246 5855.754249 100.807663
</CgPoint>

<CgPoint
 name="273"
 desc="NG"
>

5434.850862 5856.995536 101.323609
</CgPoint>

<CgPoint
 name="274"
 desc="NG"
>

5434.831821 5854.010163 100.928367
</CgPoint>

<CgPoint
 name="275"
 desc="OFW"
>

5437.615513 5805.543978 100.931068
</CgPoint>

<CgPoint
 name="276"
 desc="NG"
>

5434.716435 5808.071859 100.686755
</CgPoint>

<CgPoint
 name="277"
 desc="NG"
>

5434.767213 5801.984729 100.883960
</CgPoint>

<CgPoint
 name="278"
 desc="OFW"
>

5437.534364 5755.320569 100.312331
</CgPoint>

<CgPoint
 name="279"
 desc="NG"
>

5434.914128 5757.032601 101.002847
</CgPoint>

<CgPoint
 name="280"
 desc="NG"
>

5434.879659 5753.054692 100.734373
</CgPoint>

<CgPoint
 name="281"
 desc="OFW"
>

5437.931845 5705.659483 100.465514
</CgPoint>

<CgPoint
 name="282"
 desc="NG"
>

5435.505458 5707.225192 100.545196
</CgPoint>

<CgPoint
 name="283"
 desc="NG"
>

5435.140743 5704.007966 100.581080
</CgPoint>

<CgPoint
 name="284"
 desc="OFW"
>

5438.046213 5655.742650 100.512491
</CgPoint>

<CgPoint
 name="285"
 desc="NG"
>

5435.599262 5657.617547 100.426447
</CgPoint>

<CgPoint
 name="286"
 desc="NG"
>

5435.411711 5653.945841 99.926282
</CgPoint>

<CgPoint
 name="287"
 desc="OFW"
>

5438.060657 5605.565533 100.023996
</CgPoint>

<CgPoint
 name="288"
 desc="NG"
>

5435.473338 5607.528356 99.727190
</CgPoint>

<CgPoint
 name="289"
 desc="NG"
>

5435.482352 5603.607003 99.290652
</CgPoint>

<CgPoint
 name="290"
 desc="OFW"
>

5438.051836 5555.642135 99.734512
</CgPoint>

<CgPoint
 name="291"
 desc="NG"
>

5435.561662 5557.092018 99.702546
</CgPoint>

<CgPoint
 name="292"
 desc="NG"
>

5435.720573 5554.204074 99.814446
</CgPoint>

<CgPoint
 name="293"
 desc="OFW"
>

5438.211854 5505.564158 99.248447
</CgPoint>

<CgPoint
 name="294"
 desc="NG"
>

5435.513106 5507.312472 99.674319
</CgPoint>

<CgPoint
 name="295"
 desc="NG"
>

5435.667519 5503.303034 99.042359
</CgPoint>

<CgPoint
 name="296"
 desc="OFW"
>

5438.154935 5455.480912 98.681473
</CgPoint>

<CgPoint
 name="297"
 desc="NG"
>

5435.865044 5457.089302 98.787077
</CgPoint>

<CgPoint
 name="298"
 desc="NG"
>

5435.410143 5453.828127 98.904740
</CgPoint>

<CgPoint
 name="299"
 desc="OFW"
>

5438.879878 5180.659027 96.737173
</CgPoint>

<CgPoint
 name="300"
 desc="NG"
>

5435.935731 5182.340753 96.542872
</CgPoint>

<CgPoint
 name="301"
 desc="NG"
>

5436.425178 5179.031928 96.849450
</CgPoint>

<CgPoint
 name="302"
 desc="OFW"
>

5438.722417 5118.370803 97.040681
</CgPoint>

<CgPoint
 name="303"
 desc="NG"
>

5436.184493 5120.623750 96.753328
</CgPoint>

<CgPoint
 name="304"
 desc="OFW"
>

5418.083713 5120.800274 96.510448
</CgPoint>

<CgPoint
 name="305"
 desc="NG"
>

5436.246216 5114.239194 96.564757
</CgPoint>

<CgPoint
 name="306"
 desc="NG"
>

5435.944399 5061.196613 96.322637
</CgPoint>

<CgPoint
 name="307"
 desc="NG"
>

5435.207989 4985.149653 96.043130
</CgPoint>

<CgPoint
 name="308"
 desc="NG"
>

5436.335845 4973.911284 95.097796
</CgPoint>

<CgPoint
 name="309"
 desc="NG"
>

5436.632898 4910.700557 94.949665
</CgPoint>

<CgPoint
 name="310"
 desc="NG"
>

5433.403437 4847.356507 95.209846
</CgPoint>

<CgPoint
 name="311"
 desc="NG"
>

5433.875773 4838.480752 94.507503
</CgPoint>

<CgPoint
 name="312"
 desc="NG"
>

5438.083060 4779.047652 94.152106
</CgPoint>

<CgPoint
 name="313"
 desc="NG"
>

5441.380458 4764.138364 91.875806
</CgPoint>

<CgPoint
 name="314"
 desc="OHE"
>

5419.527371 4745.653274 91.615216
</CgPoint>

<CgPoint
 name="315"
 desc="GUY"
>

5617.491657 4769.078708 92.297381
</CgPoint>

<CgPoint
 name="316"
 desc="TEL RSR"
>

5635.172936 4771.417028 91.923876
</CgPoint>

<CgPoint
 name="317"
 desc="TEL RSR"
>

5639.129747 4771.492841 91.577897
</CgPoint>

<CgPoint
 name="318"
 desc="UP"
>

5636.525581 4770.377017 92.038728
</CgPoint>

<CgPoint
 name="319"
 desc="OHE"
>

5636.321793 4735.449995 91.144658
</CgPoint>

<CgPoint
 name="320"
 desc="H2O VLV"
>

5640.222665 4726.167916 91.075599
</CgPoint>

<CgPoint
 name="321"
 desc="GUY"
>

5660.710330 4774.125877 91.431522
</CgPoint>

<CgPoint
 name="322"
 desc="UG TEL/FIBR"
>

5659.309063 4775.801525 91.385015
</CgPoint>

<CgPoint
 name="323"
 desc="TEL/FIBR TYP"
>

5658.580727 4781.314297 91.424712
</CgPoint>

<CgPoint
 name="324"
 desc="TEL/FIBR TYP"
>

5659.408877 4772.126147 91.462995
</CgPoint>

<CgPoint
 name="325"
 desc="UG TEL/FIBR"
>

5694.915116 4780.694906 91.092953
</CgPoint>

<CgPoint
 name="326"
 desc="UG TEL/FIBR"
>

5722.180667 4784.037360 91.164556
</CgPoint>

<CgPoint
 name="327"
 desc="UG TEL/FIBR"
>

5746.687296 4789.816455 91.300673
</CgPoint>

<CgPoint
 name="328"
 desc="UG TEL/FIBR"
>

5809.355183 4795.042180 91.125686
</CgPoint>

<CgPoint
 name="329"
 desc="UG TEL/FIBR N.AR"
>

5821.347987 4795.454766 90.964347
</CgPoint>

<CgPoint
 name="330"
 desc="UP"
>

5815.998419 4792.520117 91.314219
</CgPoint>

<CgPoint
 name="331"
 desc="UG TEL"
>

5811.222081 4809.263686 91.225397
</CgPoint>

<CgPoint
 name="332"
 desc="UG TEL"
>

5806.734575 4824.877625 91.231503
</CgPoint>

<CgPoint
 name="333"
 desc="UG TEL"
>

5807.163835 4841.678337 91.513812
</CgPoint>

<CgPoint
 name="334"
 desc="UG TEL"
>

5803.477395 4885.020357 91.492863
</CgPoint>

<CgPoint
 name="335"
 desc="TEL UP U.P."
>

5808.476233 4885.329764 92.486436
</CgPoint>

<CgPoint
 name="336"
 desc="UP"
>

5806.982951 4885.350907 92.442185
</CgPoint>

<CgPoint
 name="337"
 desc="GUY"
>

5807.294906 4862.270853 92.211385
</CgPoint>

<CgPoint
 name="338"
 desc="UG TEL"
>

5804.893968 4959.661394 91.644359
</CgPoint>

<CgPoint
 name="339"
 desc="UG TEL"
>

5806.600365 5029.488892 91.755300
</CgPoint>

<CgPoint
 name="340"
 desc="UG TEL"
>

5806.677249 5099.637147 92.979834
</CgPoint>

<CgPoint
 name="341"
 desc="TEL RSR"
>

5806.831918 5100.000659 93.095567
</CgPoint>

<CgPoint
 name="342"
 desc="UG TEL"
>

5804.638745 5045.536580 92.001518
</CgPoint>

<CgPoint
 name="343"
 desc="UG TEL"
>

5805.505750 5028.914921 91.779525
</CgPoint>

<CgPoint
 name="344"
 desc="UG TEL"
>

5760.729258 5016.609350 92.479284
</CgPoint>

<CgPoint
 name="345"
 desc="TEL RSR"
>

5760.364772 5016.376982 92.715399
</CgPoint>

<CgPoint
 name="346"
 desc="UG TEL"
>

5806.516133 5100.478108 93.030146
</CgPoint>

<CgPoint
 name="347"
 desc="UP"
>

5806.023019 5101.072607 93.177959
</CgPoint>

<CgPoint
 name="348"
 desc="UG TEL"
>

5805.709851 5173.237903 92.712288
</CgPoint>

<CgPoint
 name="349"
 desc="UP"
>

5805.333214 5257.621285 93.431086
</CgPoint>

<CgPoint
 name="350"
 desc="UG TEL"
>

5804.579104 5311.999054 93.841258
</CgPoint>

<CgPoint
 name="351"
 desc="TEL RSR"
>

5805.699420 5410.226105 94.992607
</CgPoint>

<CgPoint
 name="352"
 desc="UP"
>

5804.998314 5412.072301 94.680862
</CgPoint>

<CgPoint
 name="353"
 desc="UG TEL"
>

5802.693978 5487.266558 94.735419
</CgPoint>

<CgPoint
 name="354"
 desc="UP"
>

5805.256260 5599.335210 95.369150
</CgPoint>

<CgPoint
 name="355"
 desc="UG TEL"
>

5802.759697 5646.331769 95.178158
</CgPoint>

<CgPoint
 name="356"
 desc="TEL RSR"
>

5804.734680 5746.831733 95.798425
</CgPoint>

<CgPoint
 name="357"
 desc="UP"
>

5804.093181 5748.733155 95.945277
</CgPoint>

<CgPoint
 name="358"
 desc="UG TEL"
>

5802.253999 5842.391591 95.800100
</CgPoint>

<CgPoint
 name="359"
 desc="UG TEL"
>

5801.700136 5969.360066 96.924218
</CgPoint>

<CgPoint
 name="360"
 desc="UP"
>

5803.063394 6062.545630 97.600800
</CgPoint>

<CgPoint
 name="361"
 desc="TEL RSR"
>

5802.890965 6064.933350 97.751632
</CgPoint>

<CgPoint
 name="362"
 desc="OHE"
>

5803.231561 6094.031029 98.304557
</CgPoint>

<CgPoint
 name="363"
 desc="WIRE FNC"
>

5750.674781 6062.503833 97.493361
</CgPoint>

<CgPoint
 name="364"
 desc="UP"
>

5675.472481 6060.976887 99.170405
</CgPoint>

<CgPoint
 name="365"
 desc="UP"
>

5513.209329 6059.314787 100.003460
</CgPoint>

<CgPoint
 name="366"
 desc="GUY"
>

5493.572414 6059.372323 100.855492
</CgPoint>

<CgPoint
 name="367"
 desc="H2O MTR"
>

5756.845057 5006.658874 93.012181
</CgPoint>

<CgPoint
 name="368"
 desc="UP"
>

5759.367239 5017.691170 92.711959
</CgPoint>

<CgPoint
 name="369"
 desc="OHE"
>

5767.827747 5031.880055 91.577057
</CgPoint>

<CgPoint
 name="370"
 desc="H2O MTR"
>

5759.822398 5095.809109 93.392955
</CgPoint>

<CgPoint
 name="371"
 desc="H2O MTR"
>

5759.925628 5220.961732 94.845820
</CgPoint>

<CgPoint
 name="372"
 desc="H2O MTR"
>

5759.798949 5260.627279 94.760176
</CgPoint>

<CgPoint
 name="373"
 desc="UP"
>

5760.055091 5257.447918 93.941678
</CgPoint>

<CgPoint
 name="374"
 desc="OHE"
>

5776.077030 5258.301666 92.991793
</CgPoint>

<CgPoint
 name="375"
 desc="H2O MTR"
>

5761.042370 5373.656864 96.146795
</CgPoint>

<CgPoint
 name="376"
 desc="UP"
>

5761.922154 5375.071680 94.471126
</CgPoint>

<CgPoint
 name="377"
 desc="OHE"
>

5771.513108 5384.201334 93.834608
</CgPoint>

<CgPoint
 name="378"
 desc="UP"
>

5762.094382 5482.098286 95.129131
</CgPoint>

<CgPoint
 name="379"
 desc="OHE"
>

5766.308095 5475.785747 94.457085
</CgPoint>

<CgPoint
 name="380"
 desc="H2O MTR"
>

5760.232458 5586.425327 95.529227
</CgPoint>

<CgPoint
 name="381"
 desc="UP"
>

5760.196440 5599.155949 95.557604
</CgPoint>

<CgPoint
 name="382"
 desc="OHE"
>

5770.010718 5600.089676 95.171017
</CgPoint>

<CgPoint
 name="383"
 desc="H2O MTR"
>

5806.819525 5456.943721 96.135345
</CgPoint>

<CgPoint
 name="384"
 desc="H2O MTR"
>

5806.076092 5635.739967 95.711443
</CgPoint>

<CgPoint
 name="385"
 desc="H2O MTR"
>

5758.295300 5686.007606 95.583071
</CgPoint>

<CgPoint
 name="386"
 desc="UP"
>

5755.623934 5726.393641 95.293705
</CgPoint>

<CgPoint
 name="387"
 desc="OHE"
>

5771.000282 5732.995558 94.920746
</CgPoint>

<CgPoint
 name="388"
 desc="H2O MTR"
>

5755.510783 5766.438406 95.855215
</CgPoint>

<CgPoint
 name="389"
 desc="WIRE FNC"
>

5744.754198 5025.215983 93.873454
</CgPoint>

<CgPoint
 name="390"
 desc="WIRE FNC"
>

5741.265577 4916.261908 91.853124
</CgPoint>

<CgPoint
 name="391"
 desc="WIRE FNC"
>

5687.160340 4918.010793 93.450391
</CgPoint>

<CgPoint
 name="392"
 desc="WIRE FNC"
>

5677.877388 4921.652355 93.350555
</CgPoint>

<CgPoint
 name="393"
 desc="NG"
>

5679.675100 4923.522475 93.084599
</CgPoint>

<CgPoint
 name="394"
 desc="WIRE FNC"
>

5680.036424 5018.112141 94.463064
</CgPoint>

<CgPoint
 name="395"
 desc="NG"
>

5681.639338 5016.490408 94.287569
</CgPoint>

<CgPoint
 name="396"
 desc="NG"
>

5676.639001 5019.129286 93.764525
</CgPoint>

<CgPoint
 name="397"
 desc="DBL UP"
>

5222.491007 5064.343742 95.082518
</CgPoint>

<CgPoint
 name="398"
 desc="DBL UP"
>

5234.064362 5086.696074 95.234804
</CgPoint>

<CgPoint
 name="399"
 desc="UG GAS"
>

5396.736766 4716.038719 91.469907
</CgPoint>

<CgPoint
 name="400"
 desc="UG GAS"
>

5425.210173 4719.209217 91.412125
</CgPoint>

<CgPoint
 name="401"
 desc="UG GAS"
>

5475.772953 4724.612506 91.288953
</CgPoint>

<CgPoint
 name="402"
 desc="UG GAS"
>

5494.081824 4727.512584 91.207748
</CgPoint>

<CgPoint
 name="403"
 desc="UG GAS"
>

5528.958624 4732.352146 91.158799
</CgPoint>

<CgPoint
 name="404"
 desc="UG GAS"
>

5561.766583 4736.476008 91.195302
</CgPoint>

<CgPoint
 name="405"
 desc="UG GAS STUBOUT"
>

5605.117184 4741.672345 91.401473
</CgPoint>

<CgPoint
 name="406"
 desc="H2O VLV"
>

5611.570424 4720.512203 91.335111
</CgPoint>

<CgPoint
 name="407"
 desc="CL SMH"
>

5624.511633 4749.464696 91.379608
</CgPoint>

<CgPoint
 name="408"
 desc="N.RIM"
>

5625.429570 4749.615341 91.422545
</CgPoint>

<CgPoint
 name="409"
 desc="TBC"
>

5532.759128 4722.132572 91.106966
</CgPoint>

<CgPoint
 name="410"
 desc="TBC"
>

5528.937539 4718.881759 91.476274
</CgPoint>

<CgPoint
 name="411"
 desc="TBC"
>

5520.215925 4711.808816 91.333250
</CgPoint>

<CgPoint
 name="412"
 desc="LIP"
>

5519.339351 4713.380724 90.794361
</CgPoint>

<CgPoint
 name="413"
 desc="H2O VLV"
>

5493.705647 4697.906090 90.725779
</CgPoint>

<CgPoint
 name="414"
 desc="UG GAS VLV"
>

5468.312465 4696.371571 90.772233
</CgPoint>

<CgPoint
 name="415"
 desc="UG GAS"
>

5465.750239 4722.934711 91.355870
</CgPoint>

<CgPoint
 name="416"
 desc="TBC"
>

5443.066010 4698.997413 91.148654
</CgPoint>

<CgPoint
 name="417"
 desc="TBC"
>

5438.379587 4700.955949 91.212462
</CgPoint>

<CgPoint
 name="418"
 desc="TBC"
>

5425.028095 4707.151955 91.594270
</CgPoint>

<CgPoint
 name="419"
 desc="TBC"
>

5420.305224 4709.109330 91.197406
</CgPoint>

<CgPoint
 name="420"
 desc="UG ELEC VAULT"
>

5419.885269 4774.568537 95.099039
</CgPoint>

<CgPoint
 name="421"
 desc="UG ELEC VAULT"
>

5414.940763 4773.982761 95.123641
</CgPoint>

<CgPoint
 name="422"
 desc="UG ELEC VAULT"
>

5414.566383 4777.660441 95.215775
</CgPoint>

<CgPoint
 name="423"
 desc="UG ELEC VAULT"
>

5419.423923 4778.068829 95.198173
</CgPoint>

<CgPoint
 name="424"
 desc="UG ELEC"
>

5417.437947 4774.118153 94.913793
</CgPoint>

<CgPoint
 name="425"
 desc="UG ELEC"
>

5437.302696 4701.328157 91.266998
</CgPoint>

<CgPoint
 name="426"
 desc="CL SMH"
>

5917.473714 4784.919028 91.093377
</CgPoint>

<CgPoint
 name="427"
 desc="N.RIM"
>

5918.459368 4785.153483 91.045329
</CgPoint>

<CgPoint
 name="428"
 desc="CL SMH"
>

5336.195782 4714.626997 91.676285
</CgPoint>

<CgPoint
 name="429"
 desc="N.RIM"
>

5337.195690 4714.843382 91.689727
</CgPoint>

<CgPoint
 name="430"
 desc="EOR"
>

5752.315032 4790.316169 91.245057
</CgPoint>

<CgPoint
 name="431"
 desc="EOR"
>

5762.742431 4803.269253 90.653304
</CgPoint>

<CgPoint
 name="432"
 desc="EOR"
>

5765.392702 4819.707008 90.721744
</CgPoint>

<CgPoint
 name="433"
 desc="NG"
>

5768.641769 4818.781036 91.025046
</CgPoint>

<CgPoint
 name="434"
 desc="NG"
>

5765.995593 4801.695953 90.950520
</CgPoint>

<CgPoint
 name="435"
 desc="NG"
>

5764.465731 4786.224152 91.203942
</CgPoint>

<CgPoint
 name="500"
 desc="SEARCH"
>

5442.342233 4758.130027 90.045052
</CgPoint>

<CgPoint
 name="501"
 desc="SEARCH"
>

5439.634838 6057.339805 90.045052
</CgPoint>

<CgPoint
 name="502"
 desc="SEARCH"
>

5779.695720 6059.921378 90.045052
</CgPoint>

<CgPoint
 name="503"
 desc="SEARCH"
>

5780.392422 5725.591436 90.045052
</CgPoint>

<CgPoint
 name="504"
 desc="SEARCH"
>

5780.652344 5600.861457 90.045052
</CgPoint>

<CgPoint
 name="505"
 desc="SEARCH"
>

5610.413992 5593.207205 90.045052
</CgPoint>

<CgPoint
 name="506"
 desc="SEARCH"
>

5610.105862 5724.297105 90.045052
</CgPoint>

<CgPoint
 name="507"
 desc="SEARCH"
>

5611.782961 5010.797649 90.045052
</CgPoint>

<CgPoint
 name="508"
 desc="SEARCH"
>

5781.851183 5027.021775 90.045052
</CgPoint>

</CgPoints>

<Alignments
 name="Points"
>

<Alignment
 name="Alignment19170"
 desc="EOR*"
 staStart="0.000000"
 length="1290.412707"
>

<CoordGeom
>

<Line
>

<Start
 pntRef="100"
>

5765.597029 4820.090330 90.699144
</Start>

<End
 pntRef="101"
>

5764.674181 4873.859592 91.165680
</End>

</Line>

<Line
>

<Start
 pntRef="101"
>

5764.674181 4873.859592 91.165680
</Start>

<End
 pntRef="102"
>

5764.572993 4927.976697 91.241091
</End>

</Line>

<Line
>

<Start
 pntRef="102"
>

5764.572993 4927.976697 91.241091
</Start>

<End
 pntRef="103"
>

5764.506041 4980.117508 91.316231
</End>

</Line>

<Line
>

<Start
 pntRef="103"
>

5764.506041 4980.117508 91.316231
</Start>

<End
 pntRef="104"
>

5765.533592 5037.755356 91.639093
</End>

</Line>

<Line
>

<Start
 pntRef="104"
>

5765.533592 5037.755356 91.639093
</Start>

<End
 pntRef="105"
>

5766.282080 5093.430579 91.942774
</End>

</Line>

<Line
>

<Start
 pntRef="105"
>

5766.282080 5093.430579 91.942774
</Start>

<End
 pntRef="106"
>

5764.365136 5155.415569 92.275380
</End>

</Line>

<Line
>

<Start
 pntRef="106"
>

5764.365136 5155.415569 92.275380
</Start>

<End
 pntRef="107"
>

5767.472721 5206.094447 92.680815
</End>

</Line>

<Line
>

<Start
 pntRef="107"
>

5767.472721 5206.094447 92.680815
</Start>

<End
 pntRef="108"
>

5771.400487 5263.148164 93.110223
</End>

</Line>

<Line
>

<Start
 pntRef="108"
>

5771.400487 5263.148164 93.110223
</Start>

<End
 pntRef="109"
>

5771.301178 5323.862222 93.702770
</End>

</Line>

<Line
>

<Start
 pntRef="109"
>

5771.301178 5323.862222 93.702770
</Start>

<End
 pntRef="110"
>

5771.052275 5383.735211 93.841103
</End>

</Line>

<Line
>

<Start
 pntRef="110"
>

5771.052275 5383.735211 93.841103
</Start>

<End
 pntRef="111"
>

5771.354002 5435.131293 94.336164
</End>

</Line>

<Line
>

<Start
 pntRef="111"
>

5771.354002 5435.131293 94.336164
</Start>

<End
 pntRef="112"
>

5770.165095 5496.815329 94.027644
</End>

</Line>

<Line
>

<Start
 pntRef="112"
>

5770.165095 5496.815329 94.027644
</Start>

<End
 pntRef="113"
>

5767.436319 5558.517810 94.101537
</End>

</Line>

<Line
>

<Start
 pntRef="113"
>

5767.436319 5558.517810 94.101537
</Start>

<End
 pntRef="114"
>

5767.618714 5614.057656 94.597573
</End>

</Line>

<Line
>

<Start
 pntRef="114"
>

5767.618714 5614.057656 94.597573
</Start>

<End
 pntRef="115"
>

5768.649501 5671.101765 94.378251
</End>

</Line>

<Line
>

<Start
 pntRef="115"
>

5768.649501 5671.101765 94.378251
</Start>

<End
 pntRef="116"
>

5767.181516 5726.154946 94.103803
</End>

</Line>

<Line
>

<Start
 pntRef="116"
>

5767.181516 5726.154946 94.103803
</Start>

<End
 pntRef="117"
>

5767.382259 5789.092736 94.586559
</End>

</Line>

<Line
>

<Start
 pntRef="117"
>

5767.382259 5789.092736 94.586559
</Start>

<End
 pntRef="118"
>

5768.215060 5839.205735 95.365280
</End>

</Line>

<Line
>

<Start
 pntRef="118"
>

5768.215060 5839.205735 95.365280
</Start>

<End
 pntRef="119"
>

5768.456414 5894.584570 95.311452
</End>

</Line>

<Line
>

<Start
 pntRef="119"
>

5768.456414 5894.584570 95.311452
</Start>

<End
 pntRef="120"
>

5768.591256 5949.779113 95.748548
</End>

</Line>

<Line
>

<Start
 pntRef="120"
>

5768.591256 5949.779113 95.748548
</Start>

<End
 pntRef="121"
>

5768.401344 6005.525289 96.142281
</End>

</Line>

<Line
>

<Start
 pntRef="121"
>

5768.401344 6005.525289 96.142281
</Start>

<End
 pntRef="122"
>

5768.516815 6059.966743 96.389845
</End>

</Line>

<Line
>

<Start
 pntRef="122"
>

5768.516815 6059.966743 96.389845
</Start>

<End
 pntRef="123"
>

5767.823992 6110.105334 96.716480
</End>

</Line>

</CoordGeom>

</Alignment>

<Alignment
 name="Alignment19173"
 desc="EOR*"
 staStart="0.000000"
 length="1324.325690"
>

<CoordGeom
>

<Line
>

<Start
 pntRef="124"
>

5797.217672 6114.218921 97.305184
</Start>

<End
 pntRef="125"
>

5796.891010 6062.154569 96.852510
</End>

</Line>

<Line
>

<Start
 pntRef="125"
>

5796.891010 6062.154569 96.852510
</Start>

<End
 pntRef="126"
>

5796.348121 6009.202165 96.467568
</End>

</Line>

<Line
>

<Start
 pntRef="126"
>

5796.348121 6009.202165 96.467568
</Start>

<End
 pntRef="127"
>

5797.006138 5954.210009 95.905948
</End>

</Line>

<Line
>

<Start
 pntRef="127"
>

5797.006138 5954.210009 95.905948
</Start>

<End
 pntRef="128"
>

5798.766625 5902.769499 95.930641
</End>

</Line>

<Line
>

<Start
 pntRef="128"
>

5798.766625 5902.769499 95.930641
</Start>

<End
 pntRef="129"
>

5799.041376 5847.442909 95.400525
</End>

</Line>

<Line
>

<Start
 pntRef="129"
>

5799.041376 5847.442909 95.400525
</Start>

<End
 pntRef="130"
>

5798.442877 5797.250543 95.106387
</End>

</Line>

<Line
>

<Start
 pntRef="130"
>

5798.442877 5797.250543 95.106387
</Start>

<End
 pntRef="131"
>

5798.647876 5741.833644 95.041169
</End>

</Line>

<Line
>

<Start
 pntRef="131"
>

5798.647876 5741.833644 95.041169
</Start>

<End
 pntRef="132"
>

5799.542746 5689.524191 95.153639
</End>

</Line>

<Line
>

<Start
 pntRef="132"
>

5799.542746 5689.524191 95.153639
</Start>

<End
 pntRef="133"
>

5800.162448 5638.026247 94.812555
</End>

</Line>

<Line
>

<Start
 pntRef="133"
>

5800.162448 5638.026247 94.812555
</Start>

<End
 pntRef="134"
>

5799.893498 5619.996004 94.477831
</End>

</Line>

<Line
>

<Start
 pntRef="134"
>

5799.893498 5619.996004 94.477831
</Start>

<End
 pntRef="135"
>

5799.476963 5600.954462 94.978103
</End>

</Line>

<Line
>

<Start
 pntRef="135"
>

5799.476963 5600.954462 94.978103
</Start>

<End
 pntRef="136"
>

5800.309347 5570.859013 94.942034
</End>

</Line>

<Line
>

<Start
 pntRef="136"
>

5800.309347 5570.859013 94.942034
</Start>

<End
 pntRef="137"
>

5800.616679 5518.042459 94.474780
</End>

</Line>

<Line
>

<Start
 pntRef="137"
>

5800.616679 5518.042459 94.474780
</Start>

<End
 pntRef="138"
>

5801.119225 5465.477237 94.258470
</End>

</Line>

<Line
>

<Start
 pntRef="138"
>

5801.119225 5465.477237 94.258470
</Start>

<End
 pntRef="139"
>

5801.367652 5414.405174 93.758435
</End>

</Line>

<Line
>

<Start
 pntRef="139"
>

5801.367652 5414.405174 93.758435
</Start>

<End
 pntRef="140"
>

5802.421787 5361.249828 93.739503
</End>

</Line>

<Line
>

<Start
 pntRef="140"
>

5802.421787 5361.249828 93.739503
</Start>

<End
 pntRef="141"
>

5801.820220 5307.602929 93.455060
</End>

</Line>

<Line
>

<Start
 pntRef="141"
>

5801.820220 5307.602929 93.455060
</Start>

<End
 pntRef="142"
>

5801.488820 5254.148686 93.094294
</End>

</Line>

<Line
>

<Start
 pntRef="142"
>

5801.488820 5254.148686 93.094294
</Start>

<End
 pntRef="143"
>

5802.819353 5195.829255 92.656355
</End>

</Line>

<Line
>

<Start
 pntRef="143"
>

5802.819353 5195.829255 92.656355
</Start>

<End
 pntRef="144"
>

5802.694234 5142.650750 92.363809
</End>

</Line>

<Line
>

<Start
 pntRef="144"
>

5802.694234 5142.650750 92.363809
</Start>

<End
 pntRef="145"
>

5801.926233 5102.208666 92.193236
</End>

</Line>

<Line
>

<Start
 pntRef="145"
>

5801.926233 5102.208666 92.193236
</Start>

<End
 pntRef="146"
>

5802.947494 5049.440593 91.767174
</End>

</Line>

<Line
>

<Start
 pntRef="146"
>

5802.947494 5049.440593 91.767174
</Start>

<End
 pntRef="147"
>

5803.367468 4998.849433 91.583265
</End>

</Line>

<Line
>

<Start
 pntRef="147"
>

5803.367468 4998.849433 91.583265
</Start>

<End
 pntRef="148"
>

5803.369837 4946.033982 91.379877
</End>

</Line>

<Line
>

<Start
 pntRef="148"
>

5803.369837 4946.033982 91.379877
</Start>

<End
 pntRef="149"
>

5802.076719 4889.376315 91.442618
</End>

</Line>

<Line
>

<Start
 pntRef="149"
>

5802.076719 4889.376315 91.442618
</Start>

<End
 pntRef="150"
>

5804.531512 4835.586045 90.998161
</End>

</Line>

<Line
>

<Start
 pntRef="150"
>

5804.531512 4835.586045 90.998161
</Start>

<End
 pntRef="151"
>

5809.383639 4790.348377 91.166786
</End>

</Line>

</CoordGeom>

</Alignment>

<Alignment
 name="Alignment19176"
 desc="NG*"
 staStart="0.000000"
 length="269.019848"
>

<CoordGeom
>

<Line
>

<Start
 pntRef="180"
>

5771.047154 5840.631252 95.470578
</Start>

<End
 pntRef="181"
>

5770.300644 5891.007483 95.452674
</End>

</Line>

<Line
>

<Start
 pntRef="181"
>

5770.300644 5891.007483 95.452674
</Start>

<End
 pntRef="182"
>

5770.282016 5944.335847 95.840856
</End>

</Line>

<Line
>

<Start
 pntRef="182"
>

5770.282016 5944.335847 95.840856
</Start>

<End
 pntRef="183"
>

5769.981198 6001.612923 96.243562
</End>

</Line>

<Line
>

<Start
 pntRef="183"
>

5769.981198 6001.612923 96.243562
</Start>

<End
 pntRef="184"
>

5769.533340 6055.318270 96.611186
</End>

</Line>

<Line
>

<Start
 pntRef="184"
>

5769.533340 6055.318270 96.611186
</Start>

<End
 pntRef="185"
>

5769.602773 6109.642864 96.812524
</End>

</Line>

</CoordGeom>

</Alignment>

<Alignment
 name="Alignment19195"
 desc="CHN LNK*"
 staStart="0.000000"
 length="352.622988"
>

<CoordGeom
>

<Line
>

<Start
 pntRef="187"
>

5611.715140 5010.749403 94.357760
</Start>

<End
 pntRef="189"
>

5611.181000 5127.154043 95.136565
</End>

</Line>

<Line
>

<Start
 pntRef="189"
>

5611.181000 5127.154043 95.136565
</Start>

<End
 pntRef="192"
>

5611.100866 5243.456161 96.473475
</End>

</Line>

<Line
>

<Start
 pntRef="192"
>

5611.100866 5243.456161 96.473475
</Start>

<End
 pntRef="197"
>

5610.998960 5358.708662 97.133643
</End>

</Line>

<Line
>

<Start
 pntRef="197"
>

5610.998960 5358.708662 97.133643
</Start>

<End
 pntRef="198"
>

5615.591997 5359.510075 96.924643
</End>

</Line>

</CoordGeom>

</Alignment>

<Alignment
 name="Alignment19199"
 desc="CHN LNK*"
 staStart="0.000000"
 length="271.500756"
>

<CoordGeom
>

<Line
>

<Start
 pntRef="199"
>

5611.142994 5368.010170 98.485056
</Start>

<End
 pntRef="200"
>

5594.794206 5367.050668 97.729103
</End>

</Line>

<Line
>

<Start
 pntRef="200"
>

5594.794206 5367.050668 97.729103
</Start>

<End
 pntRef="201"
>

5594.865713 5387.418744 97.633806
</End>

</Line>

<Line
>

<Start
 pntRef="201"
>

5594.865713 5387.418744 97.633806
</Start>

<End
 pntRef="202"
>

5610.765560 5386.318356 98.450928
</End>

</Line>

<Line
>

<Start
 pntRef="202"
>

5610.765560 5386.318356 98.450928
</Start>

<End
 pntRef="203"
>

5611.949478 5480.648171 98.426225
</End>

</Line>

<Line
>

<Start
 pntRef="203"
>

5611.949478 5480.648171 98.426225
</Start>

<End
 pntRef="206"
>

5610.482540 5592.312571 97.258125
</End>

</Line>

<Line
>

<Start
 pntRef="206"
>

5610.482540 5592.312571 97.258125
</Start>

<End
 pntRef="207"
>

5623.256369 5593.226422 98.174730
</End>

</Line>

</CoordGeom>

</Alignment>

<Alignment
 name="Alignment19202"
 desc="WIRE FNC*"
 staStart="0.000000"
 length="284.814771"
>

<CoordGeom
>

<Line
>

<Start
 pntRef="208"
>

5630.051562 5723.150411 97.013046
</Start>

<End
 pntRef="212"
>

5608.834614 5723.430734 97.216309
</End>

</Line>

<Line
>

<Start
 pntRef="212"
>

5608.834614 5723.430734 97.216309
</Start>

<End
 pntRef="214"
>

5608.819732 5838.786817 96.506699
</End>

</Line>

<Line
>

<Start
 pntRef="214"
>

5608.819732 5838.786817 96.506699
</Start>

<End
 pntRef="216"
>

5757.057075 5839.655648 98.653950
</End>

</Line>

</CoordGeom>

</Alignment>

<Alignment
 name="Alignment19206"
 desc="W.EOP*"
 staStart="0.000000"
 length="25.296864"
>

<CoordGeom
>

<Line
>

<Start
 pntRef="220"
>

5395.207442 4706.640932 91.314001
</Start>

<End
 pntRef="221"
>

5420.345542 4709.470641 91.318913
</End>

</Line>

</CoordGeom>

</Alignment>

<Alignment
 name="Alignment19205"
 desc="E.EOP*"
 staStart="0.000000"
 length="472.341524"
>

<CoordGeom
>

<Line
>

<Start
 pntRef="218"
>

5389.972164 4736.241773 91.786952
</Start>

<End
 pntRef="224"
>

5443.867404 4743.166402 91.802305
</End>

</Line>

<Line
>

<Start
 pntRef="224"
>

5443.867404 4743.166402 91.802305
</Start>

<End
 pntRef="225"
>

5489.875530 4748.850036 91.439740
</End>

</Line>

<Line
>

<Start
 pntRef="225"
>

5489.875530 4748.850036 91.439740
</Start>

<End
 pntRef="230"
>

5531.717692 4754.004690 91.144438
</End>

</Line>

<Line
>

<Start
 pntRef="230"
>

5531.717692 4754.004690 91.144438
</Start>

<End
 pntRef="231"
>

5578.968338 4759.313279 91.316045
</End>

</Line>

<Line
>

<Start
 pntRef="231"
>

5578.968338 4759.313279 91.316045
</Start>

<End
 pntRef="236"
>

5626.599015 4764.584111 91.371436
</End>

</Line>

<Line
>

<Start
 pntRef="236"
>

5626.599015 4764.584111 91.371436
</Start>

<End
 pntRef="237"
>

5674.758922 4770.788768 91.212669
</End>

</Line>

<Line
>

<Start
 pntRef="237"
>

5674.758922 4770.788768 91.212669
</Start>

<End
 pntRef="242"
>

5720.228947 4775.838208 91.236586
</End>

</Line>

<Line
>

<Start
 pntRef="242"
>

5720.228947 4775.838208 91.236586
</Start>

<End
 pntRef="243"
>

5768.145096 4781.372798 91.064807
</End>

</Line>

<Line
>

<Start
 pntRef="243"
>

5768.145096 4781.372798 91.064807
</Start>

<End
 pntRef="248"
>

5813.040209 4786.852911 90.855025
</End>

</Line>

<Line
>

<Start
 pntRef="248"
>

5813.040209 4786.852911 90.855025
</Start>

<End
 pntRef="249"
>

5859.140930 4790.528559 90.940619
</End>

</Line>

</CoordGeom>

</Alignment>

<Alignment
 name="Alignment19208"
 desc="W.EOP*"
 staStart="0.000000"
 length="332.399531"
>

<CoordGeom
>

<Line
>

<Start
 pntRef="228"
>

5533.634859 4724.442690 91.115031
</Start>

<End
 pntRef="233"
>

5582.797316 4730.535919 91.211803
</End>

</Line>

<Line
>

<Start
 pntRef="233"
>

5582.797316 4730.535919 91.211803
</Start>

<End
 pntRef="234"
>

5628.414743 4734.452856 91.113499
</End>

</Line>

<Line
>

<Start
 pntRef="234"
>

5628.414743 4734.452856 91.113499
</Start>

<End
 pntRef="239"
>

5679.823552 4741.172496 91.212379
</End>

</Line>

<Line
>

<Start
 pntRef="239"
>

5679.823552 4741.172496 91.212379
</Start>

<End
 pntRef="240"
>

5725.196253 4745.913980 91.186091
</End>

</Line>

<Line
>

<Start
 pntRef="240"
>

5725.196253 4745.913980 91.186091
</Start>

<End
 pntRef="245"
>

5771.736144 4751.278471 91.030518
</End>

</Line>

<Line
>

<Start
 pntRef="245"
>

5771.736144 4751.278471 91.030518
</Start>

<End
 pntRef="246"
>

5816.446174 4756.839736 90.930132
</End>

</Line>

<Line
>

<Start
 pntRef="246"
>

5816.446174 4756.839736 90.930132
</Start>

<End
 pntRef="251"
>

5863.891968 4761.826420 90.755622
</End>

</Line>

</CoordGeom>

</Alignment>

<Alignment
 name="Alignment19212"
 desc="OFW*"
 staStart="0.000000"
 length="967.251197"
>

<CoordGeom
>

<Line
>

<Start
 pntRef="257"
>

5436.935994 6064.834336 103.303921
</Start>

<End
 pntRef="258"
>

5436.903251 6055.530730 102.596568
</End>

</Line>

<Line
>

<Start
 pntRef="258"
>

5436.903251 6055.530730 102.596568
</Start>

<End
 pntRef="261"
>

5437.263023 6005.568733 102.161411
</End>

</Line>

<Line
>

<Start
 pntRef="261"
>

5437.263023 6005.568733 102.161411
</Start>

<End
 pntRef="266"
>

5437.275258 5955.863419 102.241110
</End>

</Line>

<Line
>

<Start
 pntRef="266"
>

5437.275258 5955.863419 102.241110
</Start>

<End
 pntRef="271"
>

5437.177816 5906.046540 101.863515
</End>

</Line>

<Line
>

<Start
 pntRef="271"
>

5437.177816 5906.046540 101.863515
</Start>

<End
 pntRef="272"
>

5437.449246 5855.754249 100.807663
</End>

</Line>

<Line
>

<Start
 pntRef="272"
>

5437.449246 5855.754249 100.807663
</Start>

<End
 pntRef="275"
>

5437.615513 5805.543978 100.931068
</End>

</Line>

<Line
>

<Start
 pntRef="275"
>

5437.615513 5805.543978 100.931068
</Start>

<End
 pntRef="278"
>

5437.534364 5755.320569 100.312331
</End>

</Line>

<Line
>

<Start
 pntRef="278"
>

5437.534364 5755.320569 100.312331
</Start>

<End
 pntRef="281"
>

5437.931845 5705.659483 100.465514
</End>

</Line>

<Line
>

<Start
 pntRef="281"
>

5437.931845 5705.659483 100.465514
</Start>

<End
 pntRef="284"
>

5438.046213 5655.742650 100.512491
</End>

</Line>

<Line
>

<Start
 pntRef="284"
>

5438.046213 5655.742650 100.512491
</Start>

<End
 pntRef="287"
>

5438.060657 5605.565533 100.023996
</End>

</Line>

<Line
>

<Start
 pntRef="287"
>

5438.060657 5605.565533 100.023996
</Start>

<End
 pntRef="290"
>

5438.051836 5555.642135 99.734512
</End>

</Line>

<Line
>

<Start
 pntRef="290"
>

5438.051836 5555.642135 99.734512
</Start>

<End
 pntRef="293"
>

5438.211854 5505.564158 99.248447
</End>

</Line>

<Line
>

<Start
 pntRef="293"
>

5438.211854 5505.564158 99.248447
</Start>

<End
 pntRef="296"
>

5438.154935 5455.480912 98.681473
</End>

</Line>

<Line
>

<Start
 pntRef="296"
>

5438.154935 5455.480912 98.681473
</Start>

<End
 pntRef="13"
>

5438.466996 5405.622753 98.062413
</End>

</Line>

<Line
>

<Start
 pntRef="13"
>

5438.466996 5405.622753 98.062413
</Start>

<End
 pntRef="16"
>

5438.508094 5360.835336 98.044561
</End>

</Line>

<Line
>

<Start
 pntRef="16"
>

5438.508094 5360.835336 98.044561
</Start>

<End
 pntRef="19"
>

5438.547258 5315.697018 98.470383
</End>

</Line>

<Line
>

<Start
 pntRef="19"
>

5438.547258 5315.697018 98.470383
</Start>

<End
 pntRef="22"
>

5438.534054 5270.767079 97.021340
</End>

</Line>

<Line
>

<Start
 pntRef="22"
>

5438.534054 5270.767079 97.021340
</Start>

<End
 pntRef="25"
>

5438.660528 5225.631637 96.512700
</End>

</Line>

<Line
>

<Start
 pntRef="25"
>

5438.660528 5225.631637 96.512700
</Start>

<End
 pntRef="299"
>

5438.879878 5180.659027 96.737173
</End>

</Line>

<Line
>

<Start
 pntRef="299"
>

5438.879878 5180.659027 96.737173
</Start>

<End
 pntRef="302"
>

5438.722417 5118.370803 97.040681
</End>

</Line>

<Line
>

<Start
 pntRef="302"
>

5438.722417 5118.370803 97.040681
</Start>

<End
 pntRef="304"
>

5418.083713 5120.800274 96.510448
</End>

</Line>

</CoordGeom>

</Alignment>

<Alignment
 name="Alignment19214"
 desc="WIRE FNC*"
 staStart="0.000000"
 length="308.385900"
>

<CoordGeom
>

<Line
>

<Start
 pntRef="264"
>

5442.335332 6058.005442 101.431340
</Start>

<End
 pntRef="265"
>

5473.868010 6059.344600 100.378962
</End>

</Line>

<Line
>

<Start
 pntRef="265"
>

5473.868010 6059.344600 100.378962
</Start>

<End
 pntRef="363"
>

5750.674781 6062.503833 97.493361
</End>

</Line>

</CoordGeom>

</Alignment>

<Alignment
 name="Alignment19218"
 desc="UG TEL*"
 staStart="0.000000"
 length="589.019860"
>

<CoordGeom
>

<Line
>

<Start
 pntRef="322"
>

5659.309063 4775.801525 91.385015
</Start>

<End
 pntRef="325"
>

5694.915116 4780.694906 91.092953
</End>

</Line>

<Line
>

<Start
 pntRef="325"
>

5694.915116 4780.694906 91.092953
</Start>

<End
 pntRef="326"
>

5722.180667 4784.037360 91.164556
</End>

</Line>

<Line
>

<Start
 pntRef="326"
>

5722.180667 4784.037360 91.164556
</Start>

<End
 pntRef="327"
>

5746.687296 4789.816455 91.300673
</End>

</Line>

<Line
>

<Start
 pntRef="327"
>

5746.687296 4789.816455 91.300673
</Start>

<End
 pntRef="328"
>

5809.355183 4795.042180 91.125686
</End>

</Line>

<Line
>

<Start
 pntRef="328"
>

5809.355183 4795.042180 91.125686
</Start>

<End
 pntRef="329"
>

5821.347987 4795.454766 90.964347
</End>

</Line>

<Line
>

<Start
 pntRef="329"
>

5821.347987 4795.454766 90.964347
</Start>

<End
 pntRef="331"
>

5811.222081 4809.263686 91.225397
</End>

</Line>

<Line
>

<Start
 pntRef="331"
>

5811.222081 4809.263686 91.225397
</Start>

<End
 pntRef="332"
>

5806.734575 4824.877625 91.231503
</End>

</Line>

<Line
>

<Start
 pntRef="332"
>

5806.734575 4824.877625 91.231503
</Start>

<End
 pntRef="333"
>

5807.163835 4841.678337 91.513812
</End>

</Line>

<Line
>

<Start
 pntRef="333"
>

5807.163835 4841.678337 91.513812
</Start>

<End
 pntRef="334"
>

5803.477395 4885.020357 91.492863
</End>

</Line>

<Line
>

<Start
 pntRef="334"
>

5803.477395 4885.020357 91.492863
</Start>

<End
 pntRef="338"
>

5804.893968 4959.661394 91.644359
</End>

</Line>

<Line
>

<Start
 pntRef="338"
>

5804.893968 4959.661394 91.644359
</Start>

<End
 pntRef="339"
>

5806.600365 5029.488892 91.755300
</End>

</Line>

<Line
>

<Start
 pntRef="339"
>

5806.600365 5029.488892 91.755300
</Start>

<End
 pntRef="340"
>

5806.677249 5099.637147 92.979834
</End>

</Line>

<Line
>

<Start
 pntRef="340"
>

5806.677249 5099.637147 92.979834
</Start>

<End
 pntRef="342"
>

5804.638745 5045.536580 92.001518
</End>

</Line>

<Line
>

<Start
 pntRef="342"
>

5804.638745 5045.536580 92.001518
</Start>

<End
 pntRef="343"
>

5805.505750 5028.914921 91.779525
</End>

</Line>

<Line
>

<Start
 pntRef="343"
>

5805.505750 5028.914921 91.779525
</Start>

<End
 pntRef="344"
>

5760.729258 5016.609350 92.479284
</End>

</Line>

</CoordGeom>

</Alignment>

<Alignment
 name="Alignment19211"
 desc="UP*"
 staStart="0.000000"
 length="1741.178569"
>

<CoordGeom
>

<Line
>

<Start
 pntRef="318"
>

5636.525581 4770.377017 92.038728
</Start>

<End
 pntRef="330"
>

5815.998419 4792.520117 91.314219
</End>

</Line>

<Line
>

<Start
 pntRef="330"
>

5815.998419 4792.520117 91.314219
</Start>

<End
 pntRef="336"
>

5806.982951 4885.350907 92.442185
</End>

</Line>

<Line
>

<Start
 pntRef="336"
>

5806.982951 4885.350907 92.442185
</Start>

<End
 pntRef="347"
>

5806.023019 5101.072607 93.177959
</End>

</Line>

<Line
>

<Start
 pntRef="347"
>

5806.023019 5101.072607 93.177959
</Start>

<End
 pntRef="349"
>

5805.333214 5257.621285 93.431086
</End>

</Line>

<Line
>

<Start
 pntRef="349"
>

5805.333214 5257.621285 93.431086
</Start>

<End
 pntRef="352"
>

5804.998314 5412.072301 94.680862
</End>

</Line>

<Line
>

<Start
 pntRef="352"
>

5804.998314 5412.072301 94.680862
</Start>

<End
 pntRef="354"
>

5805.256260 5599.335210 95.369150
</End>

</Line>

<Line
>

<Start
 pntRef="354"
>

5805.256260 5599.335210 95.369150
</Start>

<End
 pntRef="357"
>

5804.093181 5748.733155 95.945277
</End>

</Line>

<Line
>

<Start
 pntRef="357"
>

5804.093181 5748.733155 95.945277
</Start>

<End
 pntRef="360"
>

5803.063394 6062.545630 97.600800
</End>

</Line>

<Line
>

<Start
 pntRef="360"
>

5803.063394 6062.545630 97.600800
</Start>

<End
 pntRef="364"
>

5675.472481 6060.976887 99.170405
</End>

</Line>

<Line
>

<Start
 pntRef="364"
>

5675.472481 6060.976887 99.170405
</Start>

<End
 pntRef="365"
>

5513.209329 6059.314787 100.003460
</End>

</Line>

</CoordGeom>

</Alignment>

<Alignment
 name="Alignment19221"
 desc="UG TEL*"
 staStart="0.000000"
 length="868.903044"
>

<CoordGeom
>

<Line
>

<Start
 pntRef="346"
>

5806.516133 5100.478108 93.030146
</Start>

<End
 pntRef="348"
>

5805.709851 5173.237903 92.712288
</End>

</Line>

<Line
>

<Start
 pntRef="348"
>

5805.709851 5173.237903 92.712288
</Start>

<End
 pntRef="350"
>

5804.579104 5311.999054 93.841258
</End>

</Line>

<Line
>

<Start
 pntRef="350"
>

5804.579104 5311.999054 93.841258
</Start>

<End
 pntRef="353"
>

5802.693978 5487.266558 94.735419
</End>

</Line>

<Line
>

<Start
 pntRef="353"
>

5802.693978 5487.266558 94.735419
</Start>

<End
 pntRef="355"
>

5802.759697 5646.331769 95.178158
</End>

</Line>

<Line
>

<Start
 pntRef="355"
>

5802.759697 5646.331769 95.178158
</Start>

<End
 pntRef="358"
>

5802.253999 5842.391591 95.800100
</End>

</Line>

<Line
>

<Start
 pntRef="358"
>

5802.253999 5842.391591 95.800100
</Start>

<End
 pntRef="359"
>

5801.700136 5969.360066 96.924218
</End>

</Line>

</CoordGeom>

</Alignment>

<Alignment
 name="Alignment19225"
 desc="WIRE FNC*"
 staStart="0.000000"
 length="269.599019"
>

<CoordGeom
>

<Line
>

<Start
 pntRef="389"
>

5744.754198 5025.215983 93.873454
</Start>

<End
 pntRef="390"
>

5741.265577 4916.261908 91.853124
</End>

</Line>

<Line
>

<Start
 pntRef="390"
>

5741.265577 4916.261908 91.853124
</Start>

<End
 pntRef="391"
>

5687.160340 4918.010793 93.450391
</End>

</Line>

<Line
>

<Start
 pntRef="391"
>

5687.160340 4918.010793 93.450391
</Start>

<End
 pntRef="392"
>

5677.877388 4921.652355 93.350555
</End>

</Line>

<Line
>

<Start
 pntRef="392"
>

5677.877388 4921.652355 93.350555
</Start>

<End
 pntRef="394"
>

5680.036424 5018.112141 94.463064
</End>

</Line>

</CoordGeom>

</Alignment>

<Alignment
 name="Alignment19228"
 desc="UG GAS*"
 staStart="0.000000"
 length="209.975197"
>

<CoordGeom
>

<Line
>

<Start
 pntRef="399"
>

5396.736766 4716.038719 91.469907
</Start>

<End
 pntRef="400"
>

5425.210173 4719.209217 91.412125
</End>

</Line>

<Line
>

<Start
 pntRef="400"
>

5425.210173 4719.209217 91.412125
</Start>

<End
 pntRef="401"
>

5475.772953 4724.612506 91.288953
</End>

</Line>

<Line
>

<Start
 pntRef="401"
>

5475.772953 4724.612506 91.288953
</Start>

<End
 pntRef="402"
>

5494.081824 4727.512584 91.207748
</End>

</Line>

<Line
>

<Start
 pntRef="402"
>

5494.081824 4727.512584 91.207748
</Start>

<End
 pntRef="403"
>

5528.958624 4732.352146 91.158799
</End>

</Line>

<Line
>

<Start
 pntRef="403"
>

5528.958624 4732.352146 91.158799
</Start>

<End
 pntRef="404"
>

5561.766583 4736.476008 91.195302
</End>

</Line>

<Line
>

<Start
 pntRef="404"
>

5561.766583 4736.476008 91.195302
</Start>

<End
 pntRef="405"
>

5605.117184 4741.672345 91.401473
</End>

</Line>

</CoordGeom>

</Alignment>

<Alignment
 name="Alignment19230"
 desc="TBC*"
 staStart="0.000000"
 length="16.246321"
>

<CoordGeom
>

<Line
>

<Start
 pntRef="409"
>

5532.759128 4722.132572 91.106966
</Start>

<End
 pntRef="410"
>

5528.937539 4718.881759 91.476274
</End>

</Line>

<Line
>

<Start
 pntRef="410"
>

5528.937539 4718.881759 91.476274
</Start>

<End
 pntRef="411"
>

5520.215925 4711.808816 91.333250
</End>

</Line>

</CoordGeom>

</Alignment>

<Alignment
 name="Alignment19233"
 desc="UG GAS*"
 staStart="0.000000"
 length="26.686427"
>

<CoordGeom
>

<Line
>

<Start
 pntRef="414"
>

5468.312465 4696.371571 90.772233
</Start>

<End
 pntRef="415"
>

5465.750239 4722.934711 91.355870
</End>

</Line>

</CoordGeom>

</Alignment>

<Alignment
 name="Alignment19232"
 desc="TBC*"
 staStart="0.000000"
 length="24.910766"
>

<CoordGeom
>

<Line
>

<Start
 pntRef="416"
>

5443.066010 4698.997413 91.148654
</Start>

<End
 pntRef="417"
>

5438.379587 4700.955949 91.212462
</End>

</Line>

<Line
>

<Start
 pntRef="417"
>

5438.379587 4700.955949 91.212462
</Start>

<End
 pntRef="418"
>

5425.028095 4707.151955 91.594270
</End>

</Line>

<Line
>

<Start
 pntRef="418"
>

5425.028095 4707.151955 91.594270
</Start>

<End
 pntRef="419"
>

5420.305224 4709.109330 91.197406
</End>

</Line>

</CoordGeom>

</Alignment>

<Alignment
 name="Alignment19237"
 desc="UG ELEC*"
 staStart="0.000000"
 length="13.550447"
>

<CoordGeom
>

<Line
>

<Start
 pntRef="420"
>

5419.885269 4774.568537 95.099039
</Start>

<End
 pntRef="421"
>

5414.940763 4773.982761 95.123641
</End>

</Line>

<Line
>

<Start
 pntRef="421"
>

5414.940763 4773.982761 95.123641
</Start>

<End
 pntRef="422"
>

5414.566383 4777.660441 95.215775
</End>

</Line>

<Line
>

<Start
 pntRef="422"
>

5414.566383 4777.660441 95.215775
</Start>

<End
 pntRef="423"
>

5419.423923 4778.068829 95.198173
</End>

</Line>

</CoordGeom>

</Alignment>

<Alignment
 name="Alignment19239"
 desc="UG ELEC*"
 staStart="0.000000"
 length="75.451917"
>

<CoordGeom
>

<Line
>

<Start
 pntRef="424"
>

5417.437947 4774.118153 94.913793
</Start>

<End
 pntRef="425"
>

5437.302696 4701.328157 91.266998
</End>

</Line>

</CoordGeom>

</Alignment>

<Alignment
 name="Alignment19175"
 desc="EOR*"
 staStart="0.000000"
 length="33.653618"
>

<CoordGeom
>

<Curve
 rot="cw"
>

<Start
 pntRef="430"
>

5752.315032 4790.316169 91.245057
</Start>

<Center
>

5733.064430 4816.486787
</Center>

<End
 pntRef="432"
>

5765.392702 4819.707008 90.721744
</End>

</Curve>

</CoordGeom>

</Alignment>

</Alignments>

</LandXML>
