<?xml version="1.0"?>
<LandXML xmlns="http://www.landxml.org/schema/LandXML-1.0"  xmlns:xsi="http://www.w3.org/2001/XMLSchema-instance" xsi:schemaLocation="http://www.landxml.org/schema/LandXML-1.0 http://www.landxml.org/schema/LandXML-1.0/LandXML-1.0.xsd" version="1.0" date="2008-05-13" time="09:49:19" readOnly="false" language="English">
<Project name="524-08 STEARNS.job"/>
<Units>
<Imperial linearUnit="foot" areaUnit="squareFoot" volumeUnit="cubicFeet" temperatureUnit="fahrenheit" pressureUnit="inchHG" angularUnit="decimal degrees" directionUnit="decimal degrees"/>
</Units>
<Application name="Survey Pro" manufacturer="Tripod Data Systems" version="4.0" manufacturerURL="www.tdsway.com"/>
<CgPoints
 name="0"
>
<CgPoint
 name="203"
 desc="NG TRANS"
>
11126.102194 10562.334453 5590.095182
</CgPoint>
</CgPoints>
<CgPoints
 name="Points"
>
<CgPoint
 name="1"
 desc="2&quot; ALMCP 5983"
>
11052.353515 10785.741489 5567.342191
</CgPoint>
<CgPoint
 name="2"
 desc="2&quot; ALMCP 5983"
>
11308.472821 10785.522209 5589.450357
</CgPoint>
<CgPoint
 name="3"
 desc="2&quot; ALMCP 5983"
>
11309.016801 11700.783289 5591.001860
</CgPoint>
<CgPoint
 name="4"
 desc="2&quot; ALMCP 5983"
>
12482.546701 11704.793599 5697.367107
</CgPoint>
<CgPoint
 name="5"
 desc="2&quot; ALMCP 5983"
>
12484.533061 11109.564418 5763.250504
</CgPoint>
<CgPoint
 name="6"
 desc="2&quot; ALMCP 5983"
>
10995.245083 9945.267363 5601.869129
</CgPoint>
<CgPoint
 name="7"
 desc="2&quot; ALMCP 5983"
>
10667.909751 9945.444390 5550.356058
</CgPoint>
<CgPoint
 name="8"
 desc="2&quot; ALMCP 5983"
>
10668.359911 10801.783252 5543.170909
</CgPoint>
<CgPoint
 name="9"
 desc="2&quot; ALMCP 5983"
>
10725.104797 10854.534305 5542.392740
</CgPoint>
<CgPoint
 name="100"
 desc="BARB FNC"
>
12507.948529 11425.662382 5734.352779
</CgPoint>
<CgPoint
 name="101"
 desc="BARB FNC"
>
12462.336783 11396.420162 5728.222646
</CgPoint>
<CgPoint
 name="102"
 desc="BARB FNC"
>
11740.159767 10647.483038 5683.925393
</CgPoint>
<CgPoint
 name="103"
 desc="CL DRIVE"
>
10678.569567 10829.603806 5542.233121
</CgPoint>
<CgPoint
 name="104"
 desc="CL DRIVE"
>
10698.878914 10814.130439 5544.035494
</CgPoint>
<CgPoint
 name="105"
 desc="CL DRIVE"
>
10734.951411 10789.683478 5547.270962
</CgPoint>
<CgPoint
 name="106"
 desc="CL DRIVE"
>
10759.249209 10774.809061 5549.244578
</CgPoint>
<CgPoint
 name="107"
 desc="CL DRIVE"
>
10780.730584 10761.754151 5551.058418
</CgPoint>
<CgPoint
 name="108"
 desc="CL DRIVE"
>
10802.565962 10748.214112 5552.925029
</CgPoint>
<CgPoint
 name="109"
 desc="CL DRIVE"
>
10826.120714 10733.225364 5555.302695
</CgPoint>
<CgPoint
 name="110"
 desc="CL DRIVE"
>
10847.688918 10719.520625 5557.489442
</CgPoint>
<CgPoint
 name="111"
 desc="CL DRIVE"
>
10869.291854 10705.785866 5559.570712
</CgPoint>
<CgPoint
 name="112"
 desc="CL DRIVE"
>
10893.722993 10690.575277 5561.897506
</CgPoint>
<CgPoint
 name="113"
 desc="CL DRIVE"
>
10915.798696 10676.639595 5564.549808
</CgPoint>
<CgPoint
 name="114"
 desc="CL DRIVE"
>
10939.413067 10660.924591 5567.637826
</CgPoint>
<CgPoint
 name="115"
 desc="CL DRIVE"
>
10962.280276 10645.851162 5570.892236
</CgPoint>
<CgPoint
 name="116"
 desc="CL DRIVE"
>
10986.171425 10629.537613 5574.027392
</CgPoint>
<CgPoint
 name="117"
 desc="CL DRIVE"
>
11007.234878 10613.204330 5576.691780
</CgPoint>
<CgPoint
 name="118"
 desc="CL DRIVE"
>
11027.811366 10597.246945 5579.569786
</CgPoint>
<CgPoint
 name="119"
 desc="CL DRIVE"
>
11048.879539 10578.102890 5582.138922
</CgPoint>
<CgPoint
 name="120"
 desc="CL DRIVE"
>
11070.469515 10560.307669 5585.353352
</CgPoint>
<CgPoint
 name="121"
 desc="CL DRIVE"
>
11080.813525 10553.589556 5586.593778
</CgPoint>
<CgPoint
 name="122"
 desc="TRANS"
>
11070.469515 10560.307669 5585.353352
</CgPoint>
<CgPoint
 name="123"
 desc="WOOD STAKE"
>
11054.352988 10561.263594 5584.015664
</CgPoint>
<CgPoint
 name="124"
 desc="WOOD STAKE"
>
11025.392392 10582.344913 5579.805539
</CgPoint>
<CgPoint
 name="500"
 desc="Cogo"
>
10668.418751 10801.865951 5550.356058
</CgPoint>
<CgPoint
 name="501"
 desc="Cogo"
>
10667.909751 9945.444390 5550.356058
</CgPoint>
<CgPoint
 name="502"
 desc="Cogo"
>
10995.300348 9945.249811 5550.356058
</CgPoint>
<CgPoint
 name="503"
 desc="Cogo"
>
12484.526557 11109.602991 5550.356058
</CgPoint>
<CgPoint
 name="504"
 desc="Cogo"
>
12483.839600 11306.562187 5550.356058
</CgPoint>
<CgPoint
 name="505"
 desc="Cogo"
>
12482.450445 11704.850561 5550.356058
</CgPoint>
<CgPoint
 name="506"
 desc="Cogo"
>
11308.875236 11700.757351 5550.356058
</CgPoint>
<CgPoint
 name="507"
 desc="Cogo"
>
11308.331337 10785.615683 5550.356058
</CgPoint>
<CgPoint
 name="508"
 desc="Cogo"
>
11047.073530 10786.315867 5550.356058
</CgPoint>
<CgPoint
 name="509"
 desc="Cogo"
>
10725.099434 10854.529421 5550.356058
</CgPoint>
<CgPoint
 name="5000"
 desc=""
>
11135.210737 10538.801335 5592.111368
</CgPoint>
</CgPoints>
<CgPoints
 name="V-TOPO"
>
<CgPoint
 name="125"
 desc="RIDGELINE"
>
11148.065821 10602.476260 5588.679150
</CgPoint>
<CgPoint
 name="126"
 desc="RIDGELINE"
>
11154.514368 10590.659746 5590.695651
</CgPoint>
<CgPoint
 name="127"
 desc="RIDGELINE"
>
11172.222363 10579.626729 5593.228068
</CgPoint>
<CgPoint
 name="128"
 desc="RIDGELINE"
>
11180.551102 10570.770792 5594.554434
</CgPoint>
<CgPoint
 name="129"
 desc="TREE 5&apos;W"
>
11180.452828 10563.230594 5595.795414
</CgPoint>
<CgPoint
 name="130"
 desc="RIDGELINE"
>
11189.284138 10553.398465 5597.150282
</CgPoint>
<CgPoint
 name="131"
 desc="RIDGELINE"
>
11201.709236 10541.241459 5598.933757
</CgPoint>
<CgPoint
 name="132"
 desc="RIDGELINE"
>
11211.543396 10533.363129 5600.261868
</CgPoint>
<CgPoint
 name="133"
 desc="RIDGELINE"
>
11224.484618 10530.718251 5601.628820
</CgPoint>
<CgPoint
 name="134"
 desc="RIDGELINE"
>
11239.661462 10534.345437 5602.583668
</CgPoint>
<CgPoint
 name="135"
 desc="RIDGELINE"
>
11253.932458 10540.126306 5602.141344
</CgPoint>
<CgPoint
 name="136"
 desc="RIDGELINE"
>
11263.856386 10540.215345 5602.168266
</CgPoint>
<CgPoint
 name="137"
 desc="RIDGELINE"
>
11270.018285 10530.034985 5604.047684
</CgPoint>
<CgPoint
 name="138"
 desc="RIDGELINE"
>
11273.836083 10517.760810 5606.124899
</CgPoint>
<CgPoint
 name="139"
 desc="RIDGELINE"
>
11278.252422 10507.221596 5607.920469
</CgPoint>
<CgPoint
 name="140"
 desc="JUNIPER"
>
11278.878969 10501.715362 5609.361423
</CgPoint>
<CgPoint
 name="141"
 desc="JUNIPER 6&apos;W"
>
11269.444490 10500.070452 5609.079330
</CgPoint>
<CgPoint
 name="142"
 desc="RIDGELINE"
>
11282.610654 10493.877794 5611.242264
</CgPoint>
<CgPoint
 name="143"
 desc="JUNIPER 5&apos;W"
>
11283.803085 10488.632837 5611.878065
</CgPoint>
<CgPoint
 name="144"
 desc="RIDGELINE"
>
11294.326151 10484.678640 5611.963344
</CgPoint>
<CgPoint
 name="145"
 desc="RIDGELINE"
>
11303.269998 10477.531923 5612.817676
</CgPoint>
<CgPoint
 name="146"
 desc="RIDGELINE"
>
11305.734152 10465.047683 5614.522636
</CgPoint>
<CgPoint
 name="147"
 desc="NG"
>
11302.271009 10464.155892 5614.692422
</CgPoint>
<CgPoint
 name="148"
 desc="NG"
>
11292.650236 10438.429708 5615.858350
</CgPoint>
<CgPoint
 name="149"
 desc="NG"
>
11281.618421 10413.643946 5615.036492
</CgPoint>
<CgPoint
 name="150"
 desc="NG"
>
11270.069062 10390.315007 5616.234669
</CgPoint>
<CgPoint
 name="151"
 desc="NG"
>
11255.461703 10367.373682 5614.135171
</CgPoint>
<CgPoint
 name="152"
 desc="NG"
>
11230.425068 10366.186999 5610.971830
</CgPoint>
<CgPoint
 name="153"
 desc="NG"
>
11239.100823 10390.247685 5611.667001
</CgPoint>
<CgPoint
 name="154"
 desc="NG"
>
11247.587712 10415.638387 5611.427592
</CgPoint>
<CgPoint
 name="155"
 desc="NG"
>
11260.247704 10440.267382 5611.667079
</CgPoint>
<CgPoint
 name="156"
 desc="NG"
>
11275.920064 10463.231285 5611.613732
</CgPoint>
<CgPoint
 name="157"
 desc="NG"
>
11267.878528 10486.938373 5609.988669
</CgPoint>
<CgPoint
 name="158"
 desc="NG"
>
11252.401669 10467.186534 5608.916738
</CgPoint>
<CgPoint
 name="159"
 desc="NG"
>
11237.689471 10443.767376 5608.262302
</CgPoint>
<CgPoint
 name="160"
 desc="NG"
>
11224.496758 10421.653231 5608.693712
</CgPoint>
<CgPoint
 name="161"
 desc="NG"
>
11205.237872 10404.260809 5607.058876
</CgPoint>
<CgPoint
 name="162"
 desc="NG"
>
11193.436106 10381.250518 5605.598623
</CgPoint>
<CgPoint
 name="163"
 desc="NG"
>
11184.281359 10404.677266 5604.266080
</CgPoint>
<CgPoint
 name="164"
 desc="NG"
>
11192.667865 10430.015399 5604.007775
</CgPoint>
<CgPoint
 name="165"
 desc="NG"
>
11206.296857 10452.046929 5603.826625
</CgPoint>
<CgPoint
 name="166"
 desc="NG"
>
11221.586652 10475.627938 5605.196141
</CgPoint>
<CgPoint
 name="167"
 desc="NG"
>
11237.088010 10495.392396 5604.882346
</CgPoint>
<CgPoint
 name="168"
 desc="NG"
>
11255.424709 10514.518597 5605.575120
</CgPoint>
<CgPoint
 name="169"
 desc="NG"
>
11232.280605 10525.466503 5603.528953
</CgPoint>
<CgPoint
 name="170"
 desc="NG"
>
11215.966203 10503.524122 5602.043712
</CgPoint>
<CgPoint
 name="171"
 desc="NG"
>
11201.282043 10482.020607 5602.447391
</CgPoint>
<CgPoint
 name="172"
 desc="NG"
>
11192.657832 10456.882141 5602.098541
</CgPoint>
<CgPoint
 name="173"
 desc="NG"
>
11182.558919 10432.015471 5602.882953
</CgPoint>
<CgPoint
 name="174"
 desc="NG"
>
11170.415841 10406.754972 5602.086863
</CgPoint>
<CgPoint
 name="175"
 desc="NG"
>
11158.405579 10383.942390 5601.081343
</CgPoint>
<CgPoint
 name="176"
 desc="NG"
>
11147.652608 10361.282196 5598.631502
</CgPoint>
<CgPoint
 name="177"
 desc="NG"
>
11122.070351 10360.126852 5596.782197
</CgPoint>
<CgPoint
 name="178"
 desc="NG"
>
11130.343229 10385.947807 5597.434820
</CgPoint>
<CgPoint
 name="179"
 desc="NG"
>
11136.638589 10411.702580 5597.564522
</CgPoint>
<CgPoint
 name="180"
 desc="NG"
>
11148.904534 10435.129539 5598.038853
</CgPoint>
<CgPoint
 name="181"
 desc="NG"
>
11159.410842 10460.406381 5597.323986
</CgPoint>
<CgPoint
 name="182"
 desc="NG"
>
11170.736752 10486.465600 5598.654946
</CgPoint>
<CgPoint
 name="183"
 desc="NG"
>
11179.623819 10510.226557 5598.530696
</CgPoint>
<CgPoint
 name="184"
 desc="NG"
>
11188.912537 10533.899925 5597.840166
</CgPoint>
<CgPoint
 name="185"
 desc="NG"
>
11173.213027 10555.130814 5595.964823
</CgPoint>
<CgPoint
 name="186"
 desc="NG"
>
11163.317885 10531.241786 5595.459244
</CgPoint>
<CgPoint
 name="187"
 desc="NG"
>
11152.923717 10506.144904 5596.166478
</CgPoint>
<CgPoint
 name="188"
 desc="NG"
>
11144.224592 10482.636910 5594.608357
</CgPoint>
<CgPoint
 name="189"
 desc="NG"
>
11136.270278 10457.927245 5595.163078
</CgPoint>
<CgPoint
 name="190"
 desc="NG"
>
11126.854584 10433.689265 5595.536285
</CgPoint>
<CgPoint
 name="191"
 desc="NG"
>
11117.795035 10407.120571 5595.352509
</CgPoint>
<CgPoint
 name="192"
 desc="NG"
>
11111.202969 10382.388679 5594.975054
</CgPoint>
<CgPoint
 name="193"
 desc="NG"
>
11105.115681 10355.787941 5594.452428
</CgPoint>
<CgPoint
 name="194"
 desc="NG"
>
11079.420268 10353.334787 5591.964455
</CgPoint>
<CgPoint
 name="195"
 desc="NG"
>
11088.205467 10380.737586 5592.570981
</CgPoint>
<CgPoint
 name="196"
 desc="NG"
>
11094.181418 10406.201692 5592.727473
</CgPoint>
<CgPoint
 name="197"
 desc="NG"
>
11100.131517 10431.100151 5592.310809
</CgPoint>
<CgPoint
 name="198"
 desc="NG"
>
11110.212375 10456.893449 5592.296319
</CgPoint>
<CgPoint
 name="199"
 desc="NG"
>
11118.727428 10484.462700 5591.238792
</CgPoint>
<CgPoint
 name="200"
 desc="NG"
>
11122.447535 10511.321999 5591.988196
</CgPoint>
<CgPoint
 name="201"
 desc="NG"
>
11119.632660 10536.852318 5590.937015
</CgPoint>
<CgPoint
 name="202"
 desc="NG"
>
11126.102194 10562.334453 5590.095182
</CgPoint>
<CgPoint
 name="204"
 desc="REF PIONT 1"
>
11121.511331 10563.520283 5589.667389
</CgPoint>
<CgPoint
 name="205"
 desc="REF PIONT 2"
>
11219.985541 10476.374398 5605.266761
</CgPoint>
<CgPoint
 name="206"
 desc="TOS1"
>
11231.707076 10450.265486 5607.428601
</CgPoint>
<CgPoint
 name="207"
 desc="CL ARROYO*"
>
11228.235879 10442.834134 5606.652442
</CgPoint>
<CgPoint
 name="208"
 desc="TOS2"
>
11224.128894 10433.468904 5607.575175
</CgPoint>
<CgPoint
 name="209"
 desc="TOS2"
>
11196.456794 10448.659888 5603.198069
</CgPoint>
<CgPoint
 name="210"
 desc="CL ARROYO*"
>
11200.195170 10458.036855 5602.482012
</CgPoint>
<CgPoint
 name="211"
 desc="TOS1"
>
11204.574053 10466.199949 5603.305760
</CgPoint>
<CgPoint
 name="212"
 desc="TOS1"
>
11186.951678 10475.742515 5600.649911
</CgPoint>
<CgPoint
 name="213"
 desc="CL ARROYO*"
>
11182.526794 10465.407722 5599.649166
</CgPoint>
<CgPoint
 name="214"
 desc="TOS2"
>
11178.914211 10454.696997 5600.635781
</CgPoint>
<CgPoint
 name="215"
 desc="TOS2"
>
11142.369183 10464.473068 5595.238596
</CgPoint>
<CgPoint
 name="216"
 desc="CL ARROYO*"
>
11143.599766 10473.028746 5594.092187
</CgPoint>
<CgPoint
 name="217"
 desc="TOS1"
>
11147.427011 10488.075204 5595.467408
</CgPoint>
<CgPoint
 name="218"
 desc="TOS1"
>
11113.047119 10492.086417 5590.172033
</CgPoint>
<CgPoint
 name="219"
 desc="CL ARROYO*"
>
11111.267354 10486.144572 5588.804841
</CgPoint>
<CgPoint
 name="220"
 desc="TOS2"
>
11109.926159 10480.189965 5589.901948
</CgPoint>
<CgPoint
 name="221"
 desc="TOS2"
>
11085.178644 10484.654024 5586.902559
</CgPoint>
<CgPoint
 name="222"
 desc="CL ARROYO*"
>
11086.395984 10494.849005 5584.188296
</CgPoint>
<CgPoint
 name="223"
 desc="TOS1"
>
11089.219189 10501.040605 5587.374702
</CgPoint>
<CgPoint
 name="224"
 desc="TOS1"
>
11058.435822 10502.047011 5583.779762
</CgPoint>
<CgPoint
 name="225"
 desc="CL ARROYO*"
>
11058.522463 10495.074059 5581.848100
</CgPoint>
<CgPoint
 name="226"
 desc="TOS2"
>
11059.365003 10486.924638 5583.488440
</CgPoint>
<CgPoint
 name="227"
 desc="TOS2"
>
11039.460583 10471.691368 5582.166417
</CgPoint>
<CgPoint
 name="228"
 desc="CL ARROYO*"
>
11034.362848 10480.972675 5578.147299
</CgPoint>
<CgPoint
 name="229"
 desc="TOS1"
>
11033.341331 10497.913084 5580.797198
</CgPoint>
<CgPoint
 name="230"
 desc="REF PIONT 3"
>
11085.983006 10450.661100 5589.966381
</CgPoint>
<CgPoint
 name="231"
 desc="WELL*"
>
11093.555666 10391.512094 5594.255755
</CgPoint>
</CgPoints>
<Alignments
 name="Points"
>
<Alignment
 name="Alignment38"
 desc="BNDY"
 staStart="0.000000"
 length="6425.911075"
>
<CoordGeom
>
<Line
>
<Start
 pntRef="500"
>
10668.418751 10801.865951 5550.356058
</Start>
<End
 pntRef="501"
>
10667.909751 9945.444390 5550.356058
</End>
</Line>
<Line
>
<Start
 pntRef="501"
>
10667.909751 9945.444390 5550.356058
</Start>
<End
 pntRef="502"
>
10995.300348 9945.249811 5550.356058
</End>
</Line>
<Line
>
<Start
 pntRef="502"
>
10995.300348 9945.249811 5550.356058
</Start>
<End
 pntRef="503"
>
12484.526557 11109.602991 5550.356058
</End>
</Line>
<Line
>
<Start
 pntRef="503"
>
12484.526557 11109.602991 5550.356058
</Start>
<End
 pntRef="505"
>
12482.450445 11704.850561 5550.356058
</End>
</Line>
<Line
>
<Start
 pntRef="505"
>
12482.450445 11704.850561 5550.356058
</Start>
<End
 pntRef="506"
>
11308.875236 11700.757351 5550.356058
</End>
</Line>
<Line
>
<Start
 pntRef="506"
>
11308.875236 11700.757351 5550.356058
</Start>
<End
 pntRef="507"
>
11308.331337 10785.615683 5550.356058
</End>
</Line>
<Line
>
<Start
 pntRef="507"
>
11308.331337 10785.615683 5550.356058
</Start>
<End
 pntRef="508"
>
11047.073530 10786.315867 5550.356058
</End>
</Line>
<Line
>
<Start
 pntRef="508"
>
11047.073530 10786.315867 5550.356058
</Start>
<End
 pntRef="509"
>
10725.099434 10854.529421 5550.356058
</End>
</Line>
<Line
>
<Start
 pntRef="509"
>
10725.099434 10854.529421 5550.356058
</Start>
<End
 pntRef="500"
>
10668.418751 10801.865951 5550.356058
</End>
</Line>
</CoordGeom>
</Alignment>
<Alignment
 name="Alignment96"
 desc="CL DRIVE"
 staStart="0.000000"
 length="476.207598"
>
<CoordGeom
>
<Line
>
<Start
 pntRef="103"
>
10678.569567 10829.603806 5542.233121
</Start>
<End
 pntRef="104"
>
10698.878914 10814.130439 5544.035494
</End>
</Line>
<Line
>
<Start
 pntRef="104"
>
10698.878914 10814.130439 5544.035494
</Start>
<End
 pntRef="105"
>
10734.951411 10789.683478 5547.270962
</End>
</Line>
<Line
>
<Start
 pntRef="105"
>
10734.951411 10789.683478 5547.270962
</Start>
<End
 pntRef="106"
>
10759.249209 10774.809061 5549.244578
</End>
</Line>
<Line
>
<Start
 pntRef="106"
>
10759.249209 10774.809061 5549.244578
</Start>
<End
 pntRef="107"
>
10780.730584 10761.754151 5551.058418
</End>
</Line>
<Line
>
<Start
 pntRef="107"
>
10780.730584 10761.754151 5551.058418
</Start>
<End
 pntRef="108"
>
10802.565962 10748.214112 5552.925029
</End>
</Line>
<Line
>
<Start
 pntRef="108"
>
10802.565962 10748.214112 5552.925029
</Start>
<End
 pntRef="109"
>
10826.120714 10733.225364 5555.302695
</End>
</Line>
<Line
>
<Start
 pntRef="109"
>
10826.120714 10733.225364 5555.302695
</Start>
<End
 pntRef="110"
>
10847.688918 10719.520625 5557.489442
</End>
</Line>
<Line
>
<Start
 pntRef="110"
>
10847.688918 10719.520625 5557.489442
</Start>
<End
 pntRef="111"
>
10869.291854 10705.785866 5559.570712
</End>
</Line>
<Line
>
<Start
 pntRef="111"
>
10869.291854 10705.785866 5559.570712
</Start>
<End
 pntRef="112"
>
10893.722993 10690.575277 5561.897506
</End>
</Line>
<Line
>
<Start
 pntRef="112"
>
10893.722993 10690.575277 5561.897506
</Start>
<End
 pntRef="113"
>
10915.798696 10676.639595 5564.549808
</End>
</Line>
<Line
>
<Start
 pntRef="113"
>
10915.798696 10676.639595 5564.549808
</Start>
<End
 pntRef="114"
>
10939.413067 10660.924591 5567.637826
</End>
</Line>
<Line
>
<Start
 pntRef="114"
>
10939.413067 10660.924591 5567.637826
</Start>
<End
 pntRef="115"
>
10962.280276 10645.851162 5570.892236
</End>
</Line>
<Line
>
<Start
 pntRef="115"
>
10962.280276 10645.851162 5570.892236
</Start>
<End
 pntRef="116"
>
10986.171425 10629.537613 5574.027392
</End>
</Line>
<Line
>
<Start
 pntRef="116"
>
10986.171425 10629.537613 5574.027392
</Start>
<End
 pntRef="117"
>
11007.234878 10613.204330 5576.691780
</End>
</Line>
<Line
>
<Start
 pntRef="117"
>
11007.234878 10613.204330 5576.691780
</Start>
<End
 pntRef="118"
>
11027.811366 10597.246945 5579.569786
</End>
</Line>
<Line
>
<Start
 pntRef="118"
>
11027.811366 10597.246945 5579.569786
</Start>
<End
 pntRef="119"
>
11048.879539 10578.102890 5582.138922
</End>
</Line>
<Line
>
<Start
 pntRef="119"
>
11048.879539 10578.102890 5582.138922
</Start>
<End
 pntRef="120"
>
11070.469515 10560.307669 5585.353352
</End>
</Line>
</CoordGeom>
</Alignment>
<Alignment
 name="Alignment117"
 desc="RIDGELINE"
 staStart="0.000000"
 length="239.332995"
>
<CoordGeom
>
<Line
>
<Start
 pntRef="125"
>
11148.065821 10602.476260 5588.679150
</Start>
<End
 pntRef="126"
>
11154.514368 10590.659746 5590.695651
</End>
</Line>
<Line
>
<Start
 pntRef="126"
>
11154.514368 10590.659746 5590.695651
</Start>
<End
 pntRef="127"
>
11172.222363 10579.626729 5593.228068
</End>
</Line>
<Line
>
<Start
 pntRef="127"
>
11172.222363 10579.626729 5593.228068
</Start>
<End
 pntRef="128"
>
11180.551102 10570.770792 5594.554434
</End>
</Line>
<Line
>
<Start
 pntRef="128"
>
11180.551102 10570.770792 5594.554434
</Start>
<End
 pntRef="130"
>
11189.284138 10553.398465 5597.150282
</End>
</Line>
<Line
>
<Start
 pntRef="130"
>
11189.284138 10553.398465 5597.150282
</Start>
<End
 pntRef="131"
>
11201.709236 10541.241459 5598.933757
</End>
</Line>
<Line
>
<Start
 pntRef="131"
>
11201.709236 10541.241459 5598.933757
</Start>
<End
 pntRef="132"
>
11211.543396 10533.363129 5600.261868
</End>
</Line>
<Line
>
<Start
 pntRef="132"
>
11211.543396 10533.363129 5600.261868
</Start>
<End
 pntRef="133"
>
11224.484618 10530.718251 5601.628820
</End>
</Line>
<Line
>
<Start
 pntRef="133"
>
11224.484618 10530.718251 5601.628820
</Start>
<End
 pntRef="134"
>
11239.661462 10534.345437 5602.583668
</End>
</Line>
<Line
>
<Start
 pntRef="134"
>
11239.661462 10534.345437 5602.583668
</Start>
<End
 pntRef="135"
>
11253.932458 10540.126306 5602.141344
</End>
</Line>
<Line
>
<Start
 pntRef="135"
>
11253.932458 10540.126306 5602.141344
</Start>
<End
 pntRef="136"
>
11263.856386 10540.215345 5602.168266
</End>
</Line>
<Line
>
<Start
 pntRef="136"
>
11263.856386 10540.215345 5602.168266
</Start>
<End
 pntRef="137"
>
11270.018285 10530.034985 5604.047684
</End>
</Line>
<Line
>
<Start
 pntRef="137"
>
11270.018285 10530.034985 5604.047684
</Start>
<End
 pntRef="138"
>
11273.836083 10517.760810 5606.124899
</End>
</Line>
<Line
>
<Start
 pntRef="138"
>
11273.836083 10517.760810 5606.124899
</Start>
<End
 pntRef="139"
>
11278.252422 10507.221596 5607.920469
</End>
</Line>
<Line
>
<Start
 pntRef="139"
>
11278.252422 10507.221596 5607.920469
</Start>
<End
 pntRef="142"
>
11282.610654 10493.877794 5611.242264
</End>
</Line>
<Line
>
<Start
 pntRef="142"
>
11282.610654 10493.877794 5611.242264
</Start>
<End
 pntRef="144"
>
11294.326151 10484.678640 5611.963344
</End>
</Line>
<Line
>
<Start
 pntRef="144"
>
11294.326151 10484.678640 5611.963344
</Start>
<End
 pntRef="145"
>
11303.269998 10477.531923 5612.817676
</End>
</Line>
<Line
>
<Start
 pntRef="145"
>
11303.269998 10477.531923 5612.817676
</Start>
<End
 pntRef="146"
>
11305.734152 10465.047683 5614.522636
</End>
</Line>
</CoordGeom>
</Alignment>
</Alignments>
<Alignments
 name="V-TOPO"
>
<Alignment
 name="Alignment116"
 desc="CL ARROYO*"
 staStart="0.000000"
 length="207.797256"
>
<CoordGeom
>
<Line
>
<Start
 pntRef="207"
>
11228.235879 10442.834134 5606.652442
</Start>
<End
 pntRef="210"
>
11200.195170 10458.036855 5602.482012
</End>
</Line>
<Line
>
<Start
 pntRef="210"
>
11200.195170 10458.036855 5602.482012
</Start>
<End
 pntRef="213"
>
11182.526794 10465.407722 5599.649166
</End>
</Line>
<Line
>
<Start
 pntRef="213"
>
11182.526794 10465.407722 5599.649166
</Start>
<End
 pntRef="216"
>
11143.599766 10473.028746 5594.092187
</End>
</Line>
<Line
>
<Start
 pntRef="216"
>
11143.599766 10473.028746 5594.092187
</Start>
<End
 pntRef="219"
>
11111.267354 10486.144572 5588.804841
</End>
</Line>
<Line
>
<Start
 pntRef="219"
>
11111.267354 10486.144572 5588.804841
</Start>
<End
 pntRef="222"
>
11086.395984 10494.849005 5584.188296
</End>
</Line>
<Line
>
<Start
 pntRef="222"
>
11086.395984 10494.849005 5584.188296
</Start>
<End
 pntRef="225"
>
11058.522463 10495.074059 5581.848100
</End>
</Line>
<Line
>
<Start
 pntRef="225"
>
11058.522463 10495.074059 5581.848100
</Start>
<End
 pntRef="228"
>
11034.362848 10480.972675 5578.147299
</End>
</Line>
</CoordGeom>
</Alignment>
<Alignment
 name="Alignment136"
 desc="TOPO BNDY"
 staStart="0.000000"
 length="915.529223"
>
<CoordGeom
>
<Line
>
<Start
 pntRef="195"
>
11088.205467 10380.737586 5592.570981
</Start>
<End
 pntRef="196"
>
11094.181418 10406.201692 5592.727473
</End>
</Line>
<Line
>
<Start
 pntRef="196"
>
11094.181418 10406.201692 5592.727473
</Start>
<End
 pntRef="197"
>
11100.131517 10431.100151 5592.310809
</End>
</Line>
<Line
>
<Start
 pntRef="197"
>
11100.131517 10431.100151 5592.310809
</Start>
<End
 pntRef="230"
>
11085.983006 10450.661100 5589.966381
</End>
</Line>
<Line
>
<Start
 pntRef="230"
>
11085.983006 10450.661100 5589.966381
</Start>
<End
 pntRef="227"
>
11039.460583 10471.691368 5582.166417
</End>
</Line>
<Line
>
<Start
 pntRef="227"
>
11039.460583 10471.691368 5582.166417
</Start>
<End
 pntRef="228"
>
11034.362848 10480.972675 5578.147299
</End>
</Line>
<Line
>
<Start
 pntRef="228"
>
11034.362848 10480.972675 5578.147299
</Start>
<End
 pntRef="229"
>
11033.341331 10497.913084 5580.797198
</End>
</Line>
<Line
>
<Start
 pntRef="229"
>
11033.341331 10497.913084 5580.797198
</Start>
<End
 pntRef="224"
>
11058.435822 10502.047011 5583.779762
</End>
</Line>
<Line
>
<Start
 pntRef="224"
>
11058.435822 10502.047011 5583.779762
</Start>
<End
 pntRef="223"
>
11089.219189 10501.040605 5587.374702
</End>
</Line>
<Line
>
<Start
 pntRef="223"
>
11089.219189 10501.040605 5587.374702
</Start>
<End
 pntRef="200"
>
11122.447535 10511.321999 5591.988196
</End>
</Line>
<Line
>
<Start
 pntRef="200"
>
11122.447535 10511.321999 5591.988196
</Start>
<End
 pntRef="201"
>
11119.632660 10536.852318 5590.937015
</End>
</Line>
<Line
>
<Start
 pntRef="201"
>
11119.632660 10536.852318 5590.937015
</Start>
<End
 pntRef="202"
>
11126.102194 10562.334453 5590.095182
</End>
</Line>
<Line
>
<Start
 pntRef="202"
>
11126.102194 10562.334453 5590.095182
</Start>
<End
 pntRef="125"
>
11148.065821 10602.476260 5588.679150
</End>
</Line>
<Line
>
<Start
 pntRef="125"
>
11148.065821 10602.476260 5588.679150
</Start>
<End
 pntRef="126"
>
11154.514368 10590.659746 5590.695651
</End>
</Line>
<Line
>
<Start
 pntRef="126"
>
11154.514368 10590.659746 5590.695651
</Start>
<End
 pntRef="127"
>
11172.222363 10579.626729 5593.228068
</End>
</Line>
<Line
>
<Start
 pntRef="127"
>
11172.222363 10579.626729 5593.228068
</Start>
<End
 pntRef="128"
>
11180.551102 10570.770792 5594.554434
</End>
</Line>
<Line
>
<Start
 pntRef="128"
>
11180.551102 10570.770792 5594.554434
</Start>
<End
 pntRef="130"
>
11189.284138 10553.398465 5597.150282
</End>
</Line>
<Line
>
<Start
 pntRef="130"
>
11189.284138 10553.398465 5597.150282
</Start>
<End
 pntRef="131"
>
11201.709236 10541.241459 5598.933757
</End>
</Line>
<Line
>
<Start
 pntRef="131"
>
11201.709236 10541.241459 5598.933757
</Start>
<End
 pntRef="132"
>
11211.543396 10533.363129 5600.261868
</End>
</Line>
<Line
>
<Start
 pntRef="132"
>
11211.543396 10533.363129 5600.261868
</Start>
<End
 pntRef="133"
>
11224.484618 10530.718251 5601.628820
</End>
</Line>
<Line
>
<Start
 pntRef="133"
>
11224.484618 10530.718251 5601.628820
</Start>
<End
 pntRef="134"
>
11239.661462 10534.345437 5602.583668
</End>
</Line>
<Line
>
<Start
 pntRef="134"
>
11239.661462 10534.345437 5602.583668
</Start>
<End
 pntRef="135"
>
11253.932458 10540.126306 5602.141344
</End>
</Line>
<Line
>
<Start
 pntRef="135"
>
11253.932458 10540.126306 5602.141344
</Start>
<End
 pntRef="136"
>
11263.856386 10540.215345 5602.168266
</End>
</Line>
<Line
>
<Start
 pntRef="136"
>
11263.856386 10540.215345 5602.168266
</Start>
<End
 pntRef="137"
>
11270.018285 10530.034985 5604.047684
</End>
</Line>
<Line
>
<Start
 pntRef="137"
>
11270.018285 10530.034985 5604.047684
</Start>
<End
 pntRef="138"
>
11273.836083 10517.760810 5606.124899
</End>
</Line>
<Line
>
<Start
 pntRef="138"
>
11273.836083 10517.760810 5606.124899
</Start>
<End
 pntRef="139"
>
11278.252422 10507.221596 5607.920469
</End>
</Line>
<Line
>
<Start
 pntRef="139"
>
11278.252422 10507.221596 5607.920469
</Start>
<End
 pntRef="142"
>
11282.610654 10493.877794 5611.242264
</End>
</Line>
<Line
>
<Start
 pntRef="142"
>
11282.610654 10493.877794 5611.242264
</Start>
<End
 pntRef="144"
>
11294.326151 10484.678640 5611.963344
</End>
</Line>
<Line
>
<Start
 pntRef="144"
>
11294.326151 10484.678640 5611.963344
</Start>
<End
 pntRef="145"
>
11303.269998 10477.531923 5612.817676
</End>
</Line>
<Line
>
<Start
 pntRef="145"
>
11303.269998 10477.531923 5612.817676
</Start>
<End
 pntRef="146"
>
11305.734152 10465.047683 5614.522636
</End>
</Line>
<Line
>
<Start
 pntRef="146"
>
11305.734152 10465.047683 5614.522636
</Start>
<End
 pntRef="148"
>
11292.650236 10438.429708 5615.858350
</End>
</Line>
<Line
>
<Start
 pntRef="148"
>
11292.650236 10438.429708 5615.858350
</Start>
<End
 pntRef="149"
>
11281.618421 10413.643946 5615.036492
</End>
</Line>
<Line
>
<Start
 pntRef="149"
>
11281.618421 10413.643946 5615.036492
</Start>
<End
 pntRef="150"
>
11270.069062 10390.315007 5616.234669
</End>
</Line>
<Line
>
<Start
 pntRef="150"
>
11270.069062 10390.315007 5616.234669
</Start>
<End
 pntRef="151"
>
11255.461703 10367.373682 5614.135171
</End>
</Line>
<Line
>
<Start
 pntRef="151"
>
11255.461703 10367.373682 5614.135171
</Start>
<End
 pntRef="152"
>
11230.425068 10366.186999 5610.971830
</End>
</Line>
<Line
>
<Start
 pntRef="152"
>
11230.425068 10366.186999 5610.971830
</Start>
<End
 pntRef="162"
>
11193.436106 10381.250518 5605.598623
</End>
</Line>
<Line
>
<Start
 pntRef="162"
>
11193.436106 10381.250518 5605.598623
</Start>
<End
 pntRef="175"
>
11158.405579 10383.942390 5601.081343
</End>
</Line>
<Line
>
<Start
 pntRef="175"
>
11158.405579 10383.942390 5601.081343
</Start>
<End
 pntRef="176"
>
11147.652608 10361.282196 5598.631502
</End>
</Line>
<Line
>
<Start
 pntRef="176"
>
11147.652608 10361.282196 5598.631502
</Start>
<End
 pntRef="177"
>
11122.070351 10360.126852 5596.782197
</End>
</Line>
<Line
>
<Start
 pntRef="177"
>
11122.070351 10360.126852 5596.782197
</Start>
<End
 pntRef="193"
>
11105.115681 10355.787941 5594.452428
</End>
</Line>
<Line
>
<Start
 pntRef="193"
>
11105.115681 10355.787941 5594.452428
</Start>
<End
 pntRef="194"
>
11079.420268 10353.334787 5591.964455
</End>
</Line>
<Line
>
<Start
 pntRef="194"
>
11079.420268 10353.334787 5591.964455
</Start>
<End
 pntRef="195"
>
11088.205467 10380.737586 5592.570981
</End>
</Line>
</CoordGeom>
</Alignment>
<Alignment
 name="Alignment128"
 desc="TOS1"
 staStart="0.000000"
 length="209.210643"
>
<CoordGeom
>
<Line
>
<Start
 pntRef="206"
>
11231.707076 10450.265486 5607.428601
</Start>
<End
 pntRef="211"
>
11204.574053 10466.199949 5603.305760
</End>
</Line>
<Line
>
<Start
 pntRef="211"
>
11204.574053 10466.199949 5603.305760
</Start>
<End
 pntRef="212"
>
11186.951678 10475.742515 5600.649911
</End>
</Line>
<Line
>
<Start
 pntRef="212"
>
11186.951678 10475.742515 5600.649911
</Start>
<End
 pntRef="217"
>
11147.427011 10488.075204 5595.467408
</End>
</Line>
<Line
>
<Start
 pntRef="217"
>
11147.427011 10488.075204 5595.467408
</Start>
<End
 pntRef="218"
>
11113.047119 10492.086417 5590.172033
</End>
</Line>
<Line
>
<Start
 pntRef="218"
>
11113.047119 10492.086417 5590.172033
</Start>
<End
 pntRef="223"
>
11089.219189 10501.040605 5587.374702
</End>
</Line>
<Line
>
<Start
 pntRef="223"
>
11089.219189 10501.040605 5587.374702
</Start>
<End
 pntRef="224"
>
11058.435822 10502.047011 5583.779762
</End>
</Line>
<Line
>
<Start
 pntRef="224"
>
11058.435822 10502.047011 5583.779762
</Start>
<End
 pntRef="229"
>
11033.341331 10497.913084 5580.797198
</End>
</Line>
</CoordGeom>
</Alignment>
<Alignment
 name="Alignment129"
 desc="TOS2"
 staStart="0.000000"
 length="200.124387"
>
<CoordGeom
>
<Line
>
<Start
 pntRef="208"
>
11224.128894 10433.468904 5607.575175
</Start>
<End
 pntRef="209"
>
11196.456794 10448.659888 5603.198069
</End>
</Line>
<Line
>
<Start
 pntRef="209"
>
11196.456794 10448.659888 5603.198069
</Start>
<End
 pntRef="214"
>
11178.914211 10454.696997 5600.635781
</End>
</Line>
<Line
>
<Start
 pntRef="214"
>
11178.914211 10454.696997 5600.635781
</Start>
<End
 pntRef="215"
>
11142.369183 10464.473068 5595.238596
</End>
</Line>
<Line
>
<Start
 pntRef="215"
>
11142.369183 10464.473068 5595.238596
</Start>
<End
 pntRef="220"
>
11109.926159 10480.189965 5589.901948
</End>
</Line>
<Line
>
<Start
 pntRef="220"
>
11109.926159 10480.189965 5589.901948
</Start>
<End
 pntRef="221"
>
11085.178644 10484.654024 5586.902559
</End>
</Line>
<Line
>
<Start
 pntRef="221"
>
11085.178644 10484.654024 5586.902559
</Start>
<End
 pntRef="226"
>
11059.365003 10486.924638 5583.488440
</End>
</Line>
<Line
>
<Start
 pntRef="226"
>
11059.365003 10486.924638 5583.488440
</Start>
<End
 pntRef="227"
>
11039.460583 10471.691368 5582.166417
</End>
</Line>
</CoordGeom>
</Alignment>
</Alignments>
</LandXML>
