<?xml version="1.0"?>
<LandXML xmlns="http://www.landxml.org/schema/LandXML-1.0"  xmlns:xsi="http://www.w3.org/2001/XMLSchema-instance" xsi:schemaLocation="http://www.landxml.org/schema/LandXML-1.0 http://www.landxml.org/schema/LandXML-1.0/LandXML-1.0.xsd" version="1.0" date="2008-04-08" time="11:25:44" readOnly="false" language="English">
<Project name="501-08 805 SALEM STREET 04-08-2008.job"/>
<Units>
<Imperial linearUnit="foot" areaUnit="squareFoot" volumeUnit="cubicFeet" temperatureUnit="fahrenheit" pressureUnit="inchHG" angularUnit="decimal degrees" directionUnit="decimal degrees"/>
</Units>
<Application name="Survey Pro" manufacturer="Tripod Data Systems" version="4.0" manufacturerURL="www.tdsway.com"/>
<CgPoints
 name="Points"
>
<CgPoint
 name="11"
 desc="1/2&quot; IRF"
>
10059.333838 10046.664078 4098.327825
</CgPoint>
<CgPoint
 name="13"
 desc="1/2&quot; IRF"
>
10204.448139 10044.723216 4103.126951
</CgPoint>
<CgPoint
 name="14"
 desc="1/2&quot; IRF"
>
10274.553517 10045.521143 4104.483151
</CgPoint>
<CgPoint
 name="101"
 desc="EOP*"
>
10034.770657 10046.821373 4096.637363
</CgPoint>
<CgPoint
 name="102"
 desc="CL ROAD*"
>
10023.633042 10046.851567 4096.746892
</CgPoint>
<CgPoint
 name="103"
 desc="NG*"
>
10044.540532 10046.426693 4096.688788
</CgPoint>
<CgPoint
 name="104"
 desc="NG*"
>
10059.866497 10046.686863 4098.340214
</CgPoint>
<CgPoint
 name="105"
 desc="H2O*MTR"
>
10054.256129 10022.340057 4098.945659
</CgPoint>
<CgPoint
 name="106"
 desc="H2O*MTR"
>
10054.766958 10020.032973 4099.218409
</CgPoint>
<CgPoint
 name="107"
 desc="H2O*MTR"
>
10054.778337 10018.278120 4099.321984
</CgPoint>
<CgPoint
 name="108"
 desc="NG*"
>
10057.923798 10028.584937 4098.158736
</CgPoint>
<CgPoint
 name="109"
 desc="NG*"
>
10057.980184 10022.335409 4099.222274
</CgPoint>
<CgPoint
 name="110"
 desc="NG*"
>
10048.859971 10027.650356 4097.488846
</CgPoint>
<CgPoint
 name="111"
 desc="NG*"
>
10043.419826 10021.694528 4097.127823
</CgPoint>
<CgPoint
 name="112"
 desc="EOP*"
>
10034.849336 10021.702711 4097.272468
</CgPoint>
<CgPoint
 name="113"
 desc="CL ROAD*"
>
10023.914005 10021.971935 4097.136245
</CgPoint>
<CgPoint
 name="114"
 desc="CL ROAD*"
>
10024.291988 9976.538352 4097.781446
</CgPoint>
<CgPoint
 name="115"
 desc="EOP*"
>
10035.647210 9976.104658 4097.720976
</CgPoint>
<CgPoint
 name="116"
 desc="NG*"
>
10043.771908 9976.030446 4097.656483
</CgPoint>
<CgPoint
 name="117"
 desc="NG*"
>
10058.347865 9975.796602 4098.975136
</CgPoint>
<CgPoint
 name="118"
 desc="CL ROAD*"
>
10024.717500 9931.114334 4097.888730
</CgPoint>
<CgPoint
 name="119"
 desc="EOP*"
>
10035.763545 9931.587378 4097.711640
</CgPoint>
<CgPoint
 name="120"
 desc="NG*"
>
10044.336835 9931.364513 4097.779541
</CgPoint>
<CgPoint
 name="121"
 desc="NG*"
>
10056.579918 9931.901532 4100.113335
</CgPoint>
<CgPoint
 name="122"
 desc="NG*"
>
10056.564691 9946.542151 4100.784766
</CgPoint>
<CgPoint
 name="123"
 desc="NG*"
>
10057.463163 9946.981715 4101.268608
</CgPoint>
<CgPoint
 name="124"
 desc="EOP*"
>
10036.093783 9902.382819 4097.750406
</CgPoint>
<CgPoint
 name="125"
 desc="CL ROAD*"
>
10024.738489 9901.307098 4097.785304
</CgPoint>
<CgPoint
 name="126"
 desc="EOP*"
>
10043.829500 9892.785184 4097.880194
</CgPoint>
<CgPoint
 name="127"
 desc="EOP*"
>
10058.837524 9885.930199 4098.609867
</CgPoint>
<CgPoint
 name="128"
 desc="NG*"
>
10057.314022 9889.192246 4098.696115
</CgPoint>
<CgPoint
 name="129"
 desc="NG*"
>
10058.325757 9895.194713 4100.047667
</CgPoint>
<CgPoint
 name="130"
 desc="NG*"
>
10048.375619 9896.869249 4098.152712
</CgPoint>
<CgPoint
 name="131"
 desc="NG*"
>
10057.074386 9897.089538 4099.944852
</CgPoint>
<CgPoint
 name="132"
 desc="NG*"
>
10098.334898 9895.219139 4102.117803
</CgPoint>
<CgPoint
 name="133"
 desc="NG*"
>
10098.782337 9890.495052 4101.094286
</CgPoint>
<CgPoint
 name="134"
 desc="CL ROAD*"
>
10098.874337 9873.793052 4100.803410
</CgPoint>
<CgPoint
 name="135"
 desc="CL ROAD*"
>
10139.169711 9873.363308 4102.511125
</CgPoint>
<CgPoint
 name="136"
 desc="EOP*"
>
10139.105191 9884.315332 4102.430352
</CgPoint>
<CgPoint
 name="137"
 desc="CL ROAD*"
>
10176.468530 9873.504807 4103.318632
</CgPoint>
<CgPoint
 name="138"
 desc="EOP*"
>
10176.962214 9884.059913 4103.385365
</CgPoint>
<CgPoint
 name="139"
 desc="NG*"
>
10176.940628 9893.945419 4103.721183
</CgPoint>
<CgPoint
 name="140"
 desc="NG*"
>
10139.415089 9895.000027 4103.052148
</CgPoint>
<CgPoint
 name="141"
 desc="AFGAN*TREE"
>
10109.550454 9898.494230 4102.389780
</CgPoint>
<CgPoint
 name="142"
 desc="CYPRESS*TREE"
>
10103.401789 9898.934104 4102.185620
</CgPoint>
<CgPoint
 name="143"
 desc="CYPRESS*TREE"
>
10097.081951 9899.271667 4102.067947
</CgPoint>
<CgPoint
 name="144"
 desc="CYPRESS*TREE"
>
10091.885380 9899.817225 4101.955392
</CgPoint>
<CgPoint
 name="145"
 desc="CYPRESS*TREE"
>
10086.279235 9899.312118 4101.997350
</CgPoint>
<CgPoint
 name="146"
 desc="NG*"
>
10099.332244 9896.163515 4102.244441
</CgPoint>
<CgPoint
 name="147"
 desc="NG*"
>
10058.328167 9896.360804 4100.929899
</CgPoint>
<CgPoint
 name="148"
 desc="NG*"
>
10060.708526 9898.426010 4101.542691
</CgPoint>
<CgPoint
 name="149"
 desc="NG*"
>
10058.254037 9918.852052 4101.650036
</CgPoint>
<CgPoint
 name="150"
 desc="NG*"
>
10090.034953 9919.659058 4101.853707
</CgPoint>
<CgPoint
 name="151"
 desc="NG*"
>
10058.390769 9945.378830 4101.301482
</CgPoint>
<CgPoint
 name="152"
 desc="APRICOT*TREE"
>
10064.852317 9937.831888 4101.581067
</CgPoint>
<CgPoint
 name="153"
 desc="CHINESE ELM*TREE"
>
10085.025923 9942.482488 4102.006244
</CgPoint>
<CgPoint
 name="154"
 desc="NG*"
>
10090.047689 9945.574692 4101.889480
</CgPoint>
<CgPoint
 name="155"
 desc="NG*"
>
10136.753203 9944.620591 4102.936386
</CgPoint>
<CgPoint
 name="156"
 desc="NG*"
>
10137.858864 9923.450973 4102.570743
</CgPoint>
<CgPoint
 name="157"
 desc="NG*"
>
10151.954145 9924.994689 4102.760876
</CgPoint>
<CgPoint
 name="158"
 desc="NG*"
>
10119.647996 9919.443226 4102.211620
</CgPoint>
<CgPoint
 name="159"
 desc="NG*"
>
10092.887818 9918.024134 4101.904364
</CgPoint>
<CgPoint
 name="160"
 desc="NG*"
>
10081.003216 9973.495931 4100.564081
</CgPoint>
<CgPoint
 name="161"
 desc="NG*"
>
10099.468470 9972.391608 4101.247332
</CgPoint>
<CgPoint
 name="162"
 desc="NG*"
>
10100.984604 9946.925852 4101.567346
</CgPoint>
<CgPoint
 name="163"
 desc="NG*"
>
10079.226032 9947.415130 4101.360277
</CgPoint>
<CgPoint
 name="164"
 desc="O/S* 9&apos;"
>
10093.572616 9951.973359 4101.189721
</CgPoint>
<CgPoint
 name="165"
 desc="O/S* 4&apos;"
>
10101.755161 9947.780744 4101.336852
</CgPoint>
<CgPoint
 name="166"
 desc="NG*"
>
10080.762815 9997.937910 4100.402500
</CgPoint>
<CgPoint
 name="167"
 desc="CONC*STAIRS"
>
10097.767055 9996.222035 4101.002534
</CgPoint>
<CgPoint
 name="168"
 desc="CONC*STAIRS"
>
10097.936485 10000.993696 4100.847220
</CgPoint>
<CgPoint
 name="169"
 desc="SAS*C/O"
>
10099.678244 10006.056976 4101.234757
</CgPoint>
<CgPoint
 name="170"
 desc="SAS*C/O"
>
10097.659055 10006.284549 4101.145039
</CgPoint>
<CgPoint
 name="171"
 desc="NG*"
>
10102.265404 10011.987538 4101.040931
</CgPoint>
<CgPoint
 name="172"
 desc="PROPANE TANK*"
>
10098.198412 10009.441241 4101.340258
</CgPoint>
<CgPoint
 name="173"
 desc="PROPANE TANK*"
>
10097.157488 10008.800235 4101.568971
</CgPoint>
<CgPoint
 name="174"
 desc="PROPANE TANK*"
>
10096.086404 10009.297050 4101.341282
</CgPoint>
<CgPoint
 name="175"
 desc="PROPANE TANK*"
>
10095.962168 10013.836400 4101.616375
</CgPoint>
<CgPoint
 name="176"
 desc="PROPANE TANK*"
>
10096.971596 10014.527678 4101.107520
</CgPoint>
<CgPoint
 name="177"
 desc="PROPANE TANK*"
>
10098.068331 10013.962417 4101.265675
</CgPoint>
<CgPoint
 name="178"
 desc="NG*"
>
10080.456227 10021.442034 4099.691895
</CgPoint>
<CgPoint
 name="179"
 desc="NG*"
>
10081.010206 10035.829808 4098.905579
</CgPoint>
<CgPoint
 name="180"
 desc="NG*"
>
10080.899725 10045.999507 4100.017680
</CgPoint>
<CgPoint
 name="181"
 desc="O/S* 9&apos;"
>
10094.445800 10012.138332 4100.870656
</CgPoint>
<CgPoint
 name="182"
 desc="O/S* 4&apos;"
>
10103.593542 10016.243501 4101.059842
</CgPoint>
<CgPoint
 name="183"
 desc="O/S* 4&apos;"
>
10117.130643 10015.974192 4101.297621
</CgPoint>
<CgPoint
 name="184"
 desc="O/S* 9&apos;"
>
10126.089370 10013.489380 4101.562920
</CgPoint>
<CgPoint
 name="185"
 desc="NG*"
>
10117.336700 10012.597289 4101.419421
</CgPoint>
<CgPoint
 name="186"
 desc="NG*"
>
10118.929553 10033.755491 4100.824843
</CgPoint>
<CgPoint
 name="187"
 desc="NG*"
>
10118.826116 10044.822842 4101.047340
</CgPoint>
<CgPoint
 name="188"
 desc="NG*"
>
10139.212707 10045.260092 4101.571688
</CgPoint>
<CgPoint
 name="189"
 desc="NG*"
>
10139.588982 10030.897715 4101.266288
</CgPoint>
<CgPoint
 name="190"
 desc="NG*"
>
10139.396858 10016.378979 4102.202548
</CgPoint>
<CgPoint
 name="191"
 desc="OHE*SERV POLE"
>
10119.522543 10012.320353 4101.408077
</CgPoint>
<CgPoint
 name="192"
 desc="OHE*PP"
>
10202.126865 10045.835710 4103.122718
</CgPoint>
<CgPoint
 name="193"
 desc="NG*"
>
10129.383165 10001.543735 4101.929025
</CgPoint>
<CgPoint
 name="194"
 desc="NG*"
>
10136.878393 10002.078184 4101.976097
</CgPoint>
<CgPoint
 name="195"
 desc="NG*"
>
10127.998794 9981.453321 4101.827272
</CgPoint>
<CgPoint
 name="196"
 desc="NG*"
>
10134.823823 9982.213626 4102.059385
</CgPoint>
<CgPoint
 name="197"
 desc="NG*"
>
10118.998214 9981.072614 4101.925608
</CgPoint>
<CgPoint
 name="198"
 desc="NG*"
>
10127.593436 9954.063510 4101.988384
</CgPoint>
<CgPoint
 name="199"
 desc="OHE*SERV POLE"
>
10136.156882 9950.335339 4103.031402
</CgPoint>
<CgPoint
 name="200"
 desc="O/S* 9&apos;"
>
10125.231372 9951.458986 4101.847047
</CgPoint>
<CgPoint
 name="201"
 desc="O/S* 4&apos;"
>
10117.014665 9947.595740 4101.592617
</CgPoint>
<CgPoint
 name="301"
 desc="CLF*"
>
10057.441965 9946.360877 4099.729081
</CgPoint>
<CgPoint
 name="302"
 desc="CLF*"
>
10058.076127 9895.981367 4099.745851
</CgPoint>
<CgPoint
 name="303"
 desc="CLF*"
>
10139.384207 9895.350624 4101.916198
</CgPoint>
<CgPoint
 name="304"
 desc="CLF*"
>
10097.149029 9946.044183 4099.797890
</CgPoint>
<CgPoint
 name="305"
 desc="CLF*"
>
10097.866840 9939.840847 4100.639163
</CgPoint>
<CgPoint
 name="306"
 desc="CLF*"
>
10106.413834 9940.422950 4100.855501
</CgPoint>
<CgPoint
 name="307"
 desc="CLF*"
>
10106.316588 9945.715150 4100.599715
</CgPoint>
<CgPoint
 name="308"
 desc="CLF*"
>
10137.498321 9945.025637 4103.004959
</CgPoint>
<CgPoint
 name="309"
 desc="SINGLE WIDE MH*"
>
10117.217652 10011.975131
</CgPoint>
<CgPoint
 name="310"
 desc="SINGLE WIDE MH*"
>
10116.231549 9951.518340
</CgPoint>
<CgPoint
 name="311"
 desc="SINGLE WIDE MH*"
>
10102.568396 9951.697210
</CgPoint>
<CgPoint
 name="312"
 desc="SINGLE WIDE MH*"
>
10103.445171 10012.246246
</CgPoint>
<CgPoint
 name="313"
 desc="CONC STAIRS*"
>
10103.211992 9996.143190
</CgPoint>
<CgPoint
 name="314"
 desc="CONC STAIRS*"
>
10103.281108 10000.916304
</CgPoint>
<CgPoint
 name="501"
 desc="Cogo"
>
10057.301058 9894.677368 4098.327825
</CgPoint>
<CgPoint
 name="502"
 desc="Cogo"
>
10129.794720 9893.707785 4098.327825
</CgPoint>
<CgPoint
 name="503"
 desc="Cogo"
>
10202.288381 9892.738202 4098.327825
</CgPoint>
<CgPoint
 name="504"
 desc="Cogo"
>
10274.782042 9891.768620 4098.327825
</CgPoint>
<CgPoint
 name="505"
 desc="Cogo"
>
10347.275704 9890.799037 4098.327825
</CgPoint>
<CgPoint
 name="506"
 desc="Cogo"
>
10349.094507 10026.787147 4098.327825
</CgPoint>
<CgPoint
 name="507"
 desc="Cogo"
>
10276.600846 10027.756729 4098.327825
</CgPoint>
<CgPoint
 name="508"
 desc="Cogo"
>
10204.107184 10028.726312 4098.327825
</CgPoint>
<CgPoint
 name="509"
 desc="Cogo"
>
10131.613523 10029.695894 4098.327825
</CgPoint>
<CgPoint
 name="510"
 desc="Cogo"
>
10059.119862 10030.665477 4098.327825
</CgPoint>
<CgPoint
 name="511"
 desc="Cogo"
>
10059.333838 10046.664078 4098.327825
</CgPoint>
<CgPoint
 name="512"
 desc="Cogo"
>
10131.827500 10045.694496 4098.327825
</CgPoint>
<CgPoint
 name="513"
 desc="Cogo"
>
10204.321161 10044.724913 4098.327825
</CgPoint>
<CgPoint
 name="514"
 desc="Cogo"
>
10276.814822 10043.755330 4098.327825
</CgPoint>
<CgPoint
 name="515"
 desc="Cogo"
>
10349.308484 10042.785748 4098.327825
</CgPoint>
<CgPoint
 name="516"
 desc="Cogo"
>
10351.127287 10178.773857 4098.327825
</CgPoint>
<CgPoint
 name="517"
 desc="Cogo"
>
10278.633626 10179.743440 4098.327825
</CgPoint>
<CgPoint
 name="518"
 desc="Cogo"
>
10206.139964 10180.713023 4098.327825
</CgPoint>
<CgPoint
 name="519"
 desc="Cogo"
>
10133.646303 10181.682605 4098.327825
</CgPoint>
<CgPoint
 name="520"
 desc="Cogo"
>
10061.152642 10182.652188 4098.327825
</CgPoint>
<CgPoint
 name="5000"
 desc="BASE"
>
10000.020000 10000.020000 100.000200
</CgPoint>
</CgPoints>
<Alignments
 name="Points"
>
<Alignment
 name="Alignment1182"
 desc="EOP*"
 staStart="0.000000"
 length="291.693120"
>
<CoordGeom
>
<Line
>
<Start
 pntRef="101"
>
10034.770657 10046.821373 4096.637363
</Start>
<End
 pntRef="112"
>
10034.849336 10021.702711 4097.272468
</End>
</Line>
<Line
>
<Start
 pntRef="112"
>
10034.849336 10021.702711 4097.272468
</Start>
<End
 pntRef="115"
>
10035.647210 9976.104658 4097.720976
</End>
</Line>
<Line
>
<Start
 pntRef="115"
>
10035.647210 9976.104658 4097.720976
</Start>
<End
 pntRef="119"
>
10035.763545 9931.587378 4097.711640
</End>
</Line>
<Line
>
<Start
 pntRef="119"
>
10035.763545 9931.587378 4097.711640
</Start>
<End
 pntRef="124"
>
10036.093783 9902.382819 4097.750406
</End>
</Line>
<Curve
 rot="cw"
>
<Start
 pntRef="124"
>
10036.093783 9902.382819 4097.750406
</Start>
<Center
>
10063.905874 9916.883109
</Center>
<End
 pntRef="127"
>
10058.837524 9885.930199 4098.609867
</End>
</Curve>
<Line
>
<Start
 pntRef="127"
>
10058.837524 9885.930199 4098.609867
</Start>
<End
 pntRef="136"
>
10139.105191 9884.315332 4102.430352
</End>
</Line>
<Line
>
<Start
 pntRef="136"
>
10139.105191 9884.315332 4102.430352
</Start>
<End
 pntRef="138"
>
10176.962214 9884.059913 4103.385365
</End>
</Line>
</CoordGeom>
</Alignment>
<Alignment
 name="Alignment1181"
 desc="SURVEY*"
 staStart="0.000000"
 length="417.000834"
>
<CoordGeom
>
<Line
>
<Start
 pntRef="501"
>
10057.301058 9894.677368 4098.327825
</Start>
<End
 pntRef="502"
>
10129.794720 9893.707785 4098.327825
</End>
</Line>
<Line
>
<Start
 pntRef="502"
>
10129.794720 9893.707785 4098.327825
</Start>
<End
 pntRef="509"
>
10131.613523 10029.695894 4098.327825
</End>
</Line>
<Line
>
<Start
 pntRef="509"
>
10131.613523 10029.695894 4098.327825
</Start>
<End
 pntRef="510"
>
10059.119862 10030.665477 4098.327825
</End>
</Line>
<Line
>
<Start
 pntRef="510"
>
10059.119862 10030.665477 4098.327825
</Start>
<End
 pntRef="501"
>
10057.301058 9894.677368 4098.327825
</End>
</Line>
</CoordGeom>
</Alignment>
<Alignment
 name="Alignment1190"
 desc="PROPANE TANK*"
 staStart="0.000000"
 length="14.147640"
>
<CoordGeom
>
<Curve
 rot="ccw"
>
<Start
 pntRef="172"
>
10098.198412 10009.441241 4101.340258
</Start>
<Center
>
10097.094705 10010.067865
</Center>
<End
 pntRef="174"
>
10096.086404 10009.297050 4101.341282
</End>
</Curve>
<Line
>
<Start
 pntRef="174"
>
10096.086404 10009.297050 4101.341282
</Start>
<End
 pntRef="175"
>
10095.962168 10013.836400 4101.616375
</End>
</Line>
<Curve
 rot="ccw"
>
<Start
 pntRef="175"
>
10095.962168 10013.836400 4101.616375
</Start>
<Center
>
10097.049217 10013.331694
</Center>
<End
 pntRef="177"
>
10098.068331 10013.962417 4101.265675
</End>
</Curve>
<Line
>
<Start
 pntRef="177"
>
10098.068331 10013.962417 4101.265675
</Start>
<End
 pntRef="172"
>
10098.198412 10009.441241 4101.340258
</End>
</Line>
</CoordGeom>
</Alignment>
<Alignment
 name="Alignment1203"
 desc="SINGLE WIDE MH*"
 staStart="0.000000"
 length="148.459689"
>
<CoordGeom
>
<Line
>
<Start
 pntRef="309"
>
10117.217652 10011.975131
</Start>
<End
 pntRef="310"
>
10116.231549 9951.518340
</End>
</Line>
<Line
>
<Start
 pntRef="310"
>
10116.231549 9951.518340
</Start>
<End
 pntRef="311"
>
10102.568396 9951.697210
</End>
</Line>
<Line
>
<Start
 pntRef="311"
>
10102.568396 9951.697210
</Start>
<End
 pntRef="312"
>
10103.445171 10012.246246
</End>
</Line>
<Line
>
<Start
 pntRef="312"
>
10103.445171 10012.246246
</Start>
<End
 pntRef="309"
>
10117.217652 10011.975131
</End>
</Line>
</CoordGeom>
</Alignment>
<Alignment
 name="Alignment1242"
 desc="CLF*"
 staStart="0.000000"
 length="211.765171"
>
<CoordGeom
>
<Line
>
<Start
 pntRef="308"
>
10137.498321 9945.025637 4103.004959
</Start>
<End
 pntRef="307"
>
10106.316588 9945.715150 4100.599715
</End>
</Line>
<Line
>
<Start
 pntRef="307"
>
10106.316588 9945.715150 4100.599715
</Start>
<End
 pntRef="304"
>
10097.149029 9946.044183 4099.797890
</End>
</Line>
<Line
>
<Start
 pntRef="304"
>
10097.149029 9946.044183 4099.797890
</Start>
<End
 pntRef="301"
>
10057.441965 9946.360877 4099.729081
</End>
</Line>
<Line
>
<Start
 pntRef="301"
>
10057.441965 9946.360877 4099.729081
</Start>
<End
 pntRef="302"
>
10058.076127 9895.981367 4099.745851
</End>
</Line>
<Line
>
<Start
 pntRef="302"
>
10058.076127 9895.981367 4099.745851
</Start>
<End
 pntRef="303"
>
10139.384207 9895.350624 4101.916198
</End>
</Line>
</CoordGeom>
</Alignment>
<Alignment
 name="Alignment1245"
 desc="CLF*"
 staStart="0.000000"
 length="20.104614"
>
<CoordGeom
>
<Line
>
<Start
 pntRef="307"
>
10106.316588 9945.715150 4100.599715
</Start>
<End
 pntRef="306"
>
10106.413834 9940.422950 4100.855501
</End>
</Line>
<Line
>
<Start
 pntRef="306"
>
10106.413834 9940.422950 4100.855501
</Start>
<End
 pntRef="305"
>
10097.866840 9939.840847 4100.639163
</End>
</Line>
<Line
>
<Start
 pntRef="305"
>
10097.866840 9939.840847 4100.639163
</Start>
<End
 pntRef="304"
>
10097.149029 9946.044183 4099.797890
</End>
</Line>
</CoordGeom>
</Alignment>
<Alignment
 name="Alignment1248"
 desc="CONC STAIRS*"
 staStart="0.000000"
 length="15.565359"
>
<CoordGeom
>
<Line
>
<Start
 pntRef="313"
>
10103.211992 9996.143190
</Start>
<End
 pntRef="167"
>
10097.767055 9996.222035 4101.002534
</End>
</Line>
<Line
>
<Start
 pntRef="167"
>
10097.767055 9996.222035 4101.002534
</Start>
<End
 pntRef="168"
>
10097.936485 10000.993696 4100.847220
</End>
</Line>
<Line
>
<Start
 pntRef="168"
>
10097.936485 10000.993696 4100.847220
</Start>
<End
 pntRef="314"
>
10103.281108 10000.916304
</End>
</Line>
</CoordGeom>
</Alignment>
<Alignment
 name="Alignment1252"
 desc="OHE*"
 staStart="0.000000"
 length="89.144564"
>
<CoordGeom
>
<Line
>
<Start
 pntRef="192"
>
10202.126865 10045.835710 4103.122718
</Start>
<End
 pntRef="191"
>
10119.522543 10012.320353 4101.408077
</End>
</Line>
</CoordGeom>
</Alignment>
</Alignments>
</LandXML>
