<?xml version="1.0"?>
<LandXML xmlns="http://www.landxml.org/schema/LandXML-1.0"  xmlns:xsi="http://www.w3.org/2001/XMLSchema-instance" xsi:schemaLocation="http://www.landxml.org/schema/LandXML-1.0 http://www.landxml.org/schema/LandXML-1.0/LandXML-1.0.xsd" version="1.0" date="2008-01-22" time="10:04:40" readOnly="false" language="English">
<Project name="KENNEDY ROAD TOPO 01-22-2008.job"/>
<Units>
<Imperial linearUnit="foot" areaUnit="squareFoot" volumeUnit="cubicFeet" temperatureUnit="fahrenheit" pressureUnit="inchHG" angularUnit="decimal degrees" directionUnit="decimal degrees"/>
</Units>
<Application name="Survey Pro" manufacturer="Tripod Data Systems" version="4.0" manufacturerURL="www.tdsway.com"/>
<CgPoints
 name="Points"
>
<CgPoint
 name="3"
 desc="1/2&quot; IRF #5939"
>
496476.540484 1473994.598693 3989.142783
</CgPoint>
<CgPoint
 name="4"
 desc="4X4 CMF"
>
496835.211326 1473771.515144 3987.729059
</CgPoint>
<CgPoint
 name="5"
 desc="4X4 CMF"
>
496999.389995 1473960.045982 3995.909310
</CgPoint>
<CgPoint
 name="6"
 desc="1/2&quot; IRF"
>
496640.084105 1474183.599284 3997.074343
</CgPoint>
<CgPoint
 name="8"
 desc="1/2&quot; IRF"
>
496493.809100 1473984.345501 3990.537948
</CgPoint>
<CgPoint
 name="9"
 desc="1/2&quot; IRF"
>
496836.531854 1473770.315962 3988.220009
</CgPoint>
<CgPoint
 name="10"
 desc="4X4 CMF"
>
497165.179667 1474147.747085 4000.653733
</CgPoint>
<CgPoint
 name="11"
 desc="1/2&quot; IRF #5939"
>
496670.752685 1473583.087741 3982.041088
</CgPoint>
<CgPoint
 name="12"
 desc="1/2&quot; IRF #9433"
>
496706.000746 1473560.893940 3982.034099
</CgPoint>
<CgPoint
 name="13"
 desc="1/2&quot; IRF WINDMIL"
>
496869.510718 1473749.287974 3988.309809
</CgPoint>
<CgPoint
 name="65"
 desc="CLC #65"
>
499592.760186 1470938.921878 3958.017916
</CgPoint>
<CgPoint
 name="101"
 desc="OHE*PP"
>
496728.276826 1473590.799132 3983.470562
</CgPoint>
<CgPoint
 name="102"
 desc="S. EOP*"
>
496815.995404 1473733.103720 3987.384834
</CgPoint>
<CgPoint
 name="103"
 desc="N. EOP*"
>
496833.188038 1473720.390035 3987.449791
</CgPoint>
<CgPoint
 name="104"
 desc="N. EOP*"
>
496860.224269 1473752.394159 3988.435093
</CgPoint>
<CgPoint
 name="105"
 desc="S. EOP*"
>
496843.719549 1473764.086218 3988.409037
</CgPoint>
<CgPoint
 name="106"
 desc="S. EOP*"
>
496876.712079 1473802.650996 3989.926920
</CgPoint>
<CgPoint
 name="107"
 desc="N. EOP*"
>
496892.326491 1473791.211486 3989.881238
</CgPoint>
<CgPoint
 name="108"
 desc="N. EOP*"
>
496925.109010 1473828.257481 3991.098820
</CgPoint>
<CgPoint
 name="109"
 desc="S. EOP*"
>
496909.901303 1473840.402403 3991.076351
</CgPoint>
<CgPoint
 name="110"
 desc="S. EOP*"
>
496943.177838 1473879.726497 3992.420763
</CgPoint>
<CgPoint
 name="111"
 desc="N. EOP*"
>
496958.359166 1473866.989256 3992.514720
</CgPoint>
<CgPoint
 name="112"
 desc="OHE*PP"
>
496956.156322 1473851.908483 3991.931415
</CgPoint>
<CgPoint
 name="113"
 desc="N. EOP*"
>
496989.908746 1473904.371764 3993.618901
</CgPoint>
<CgPoint
 name="114"
 desc="S. EOP*"
>
496974.855229 1473916.451659 3993.403465
</CgPoint>
<CgPoint
 name="115"
 desc="S. EOP*"
>
497007.144400 1473954.642093 3994.577836
</CgPoint>
<CgPoint
 name="116"
 desc="N. EOP*"
>
497024.157732 1473940.898970 3994.571910
</CgPoint>
<CgPoint
 name="117"
 desc="N. EOP*"
>
497055.086695 1473977.931615 3995.632878
</CgPoint>
<CgPoint
 name="118"
 desc="S. EOP*"
>
497039.472553 1473990.038841 3995.530817
</CgPoint>
<CgPoint
 name="119"
 desc="OHE*POL"
>
497063.810151 1473975.472168 3995.811721
</CgPoint>
<CgPoint
 name="120"
 desc="NG*"
>
497030.215160 1473996.948681 3995.845763
</CgPoint>
<CgPoint
 name="121"
 desc="NG*"
>
496981.710000 1474029.965304 3996.594241
</CgPoint>
<CgPoint
 name="122"
 desc="NG*"
>
496941.843863 1474053.795633 3997.861851
</CgPoint>
<CgPoint
 name="123"
 desc="NG*"
>
496899.559235 1474082.765317 3997.445015
</CgPoint>
<CgPoint
 name="124"
 desc="NG*"
>
496858.623505 1474108.090119 3998.370625
</CgPoint>
<CgPoint
 name="125"
 desc="NG*"
>
496813.430599 1474128.587005 3996.957970
</CgPoint>
<CgPoint
 name="126"
 desc="NG*"
>
496770.363176 1474150.738734 3997.429595
</CgPoint>
<CgPoint
 name="127"
 desc="NG*"
>
496727.238683 1474177.451054 3998.214500
</CgPoint>
<CgPoint
 name="128"
 desc="NG*"
>
496680.650004 1474200.941472 3998.299804
</CgPoint>
<CgPoint
 name="129"
 desc="NG*"
>
496644.664675 1474225.065004 3997.712552
</CgPoint>
<CgPoint
 name="130"
 desc="NG*"
>
496641.745786 1474184.587443 3997.409841
</CgPoint>
<CgPoint
 name="131"
 desc="NG*"
>
496678.426883 1474158.267103 3997.022872
</CgPoint>
<CgPoint
 name="132"
 desc="NG*"
>
496718.445017 1474134.518517 3997.712263
</CgPoint>
<CgPoint
 name="133"
 desc="NG*"
>
496755.435272 1474110.881309 3996.226489
</CgPoint>
<CgPoint
 name="134"
 desc="NG*"
>
496800.583630 1474082.133100 3995.548758
</CgPoint>
<CgPoint
 name="135"
 desc="NG*"
>
496840.043786 1474057.265427 3996.558124
</CgPoint>
<CgPoint
 name="136"
 desc="NG*"
>
496880.183874 1474031.266247 3995.557292
</CgPoint>
<CgPoint
 name="137"
 desc="NG*"
>
496920.524778 1474006.749719 3995.985582
</CgPoint>
<CgPoint
 name="138"
 desc="NG*"
>
496965.296235 1473982.565958 3996.737133
</CgPoint>
<CgPoint
 name="139"
 desc="NG*"
>
496997.996379 1473959.077221 3995.827161
</CgPoint>
<CgPoint
 name="140"
 desc="TOE*"
>
496562.706817 1473898.857717 3985.036289
</CgPoint>
<CgPoint
 name="141"
 desc="NG*"
>
496561.252676 1473887.778402 3984.969662
</CgPoint>
<CgPoint
 name="142"
 desc="NG*"
>
496581.430819 1473883.688412 3984.693778
</CgPoint>
<CgPoint
 name="143"
 desc="TOE*"
>
496584.994101 1473897.713875 3984.873587
</CgPoint>
<CgPoint
 name="144"
 desc="TOE*"
>
496612.404492 1473893.576622 3984.608023
</CgPoint>
<CgPoint
 name="145"
 desc="NG*"
>
496608.983128 1473880.007825 3984.401653
</CgPoint>
<CgPoint
 name="146"
 desc="NG*"
>
496649.704216 1473863.348067 3986.214166
</CgPoint>
<CgPoint
 name="147"
 desc="TOE*"
>
496660.359810 1473878.976872 3986.828702
</CgPoint>
<CgPoint
 name="148"
 desc="TOE*"
>
496701.768243 1473857.115208 3987.018673
</CgPoint>
<CgPoint
 name="149"
 desc="NG*"
>
496693.538215 1473843.373047 3986.398948
</CgPoint>
<CgPoint
 name="150"
 desc="NG*"
>
496734.176377 1473819.505266 3986.448952
</CgPoint>
<CgPoint
 name="151"
 desc="TOE*"
>
496743.826589 1473832.005927 3986.569687
</CgPoint>
<CgPoint
 name="152"
 desc="TOE*"
>
496786.470543 1473805.367588 3986.653524
</CgPoint>
<CgPoint
 name="153"
 desc="NG*"
>
496778.745968 1473794.607070 3986.566179
</CgPoint>
<CgPoint
 name="154"
 desc="NG*"
>
496823.487718 1473761.905552 3987.222848
</CgPoint>
<CgPoint
 name="155"
 desc="TOE*"
>
496829.611492 1473770.590246 3987.334248
</CgPoint>
<CgPoint
 name="156"
 desc="TOP*"
>
496836.790354 1473779.180740 3989.237817
</CgPoint>
<CgPoint
 name="157"
 desc="TOP*"
>
496791.532192 1473811.171686 3990.117081
</CgPoint>
<CgPoint
 name="158"
 desc="TOP*"
>
496748.573359 1473839.463824 3989.172928
</CgPoint>
<CgPoint
 name="159"
 desc="TOP*"
>
496706.371526 1473861.935746 3989.929279
</CgPoint>
<CgPoint
 name="160"
 desc="TOP*"
>
496664.303707 1473886.445871 3991.426793
</CgPoint>
<CgPoint
 name="161"
 desc="TOP*"
>
496630.085694 1473901.732874 3992.346852
</CgPoint>
<CgPoint
 name="162"
 desc="TOP*"
>
496615.602652 1473908.803454 3992.342174
</CgPoint>
<CgPoint
 name="163"
 desc="TOP*"
>
496588.931429 1473912.567872 3992.212715
</CgPoint>
<CgPoint
 name="164"
 desc="TOP*"
>
496561.278189 1473914.441452 3992.094948
</CgPoint>
<CgPoint
 name="165"
 desc="TOP*"
>
496559.544467 1473940.589967 3992.160393
</CgPoint>
<CgPoint
 name="166"
 desc="TOE*"
>
496555.907098 1473944.497039 3990.771789
</CgPoint>
<CgPoint
 name="167"
 desc="TOE*"
>
496581.612305 1473980.064442 3990.069723
</CgPoint>
<CgPoint
 name="168"
 desc="TOP*"
>
496586.272835 1473977.536467 3992.364166
</CgPoint>
<CgPoint
 name="169"
 desc="TOP*"
>
496605.669665 1474004.012941 3992.057975
</CgPoint>
<CgPoint
 name="170"
 desc="TOE*"
>
496604.433347 1474005.784813 3990.923663
</CgPoint>
<CgPoint
 name="171"
 desc="TOP*"
>
496626.771732 1474018.342775 3993.506833
</CgPoint>
<CgPoint
 name="172"
 desc="TOE*"
>
496623.612029 1474020.997258 3991.712105
</CgPoint>
<CgPoint
 name="173"
 desc="TOE*"
>
496645.080573 1474060.802508 3992.159812
</CgPoint>
<CgPoint
 name="174"
 desc="TOP*"
>
496648.788286 1474058.889028 3994.604160
</CgPoint>
<CgPoint
 name="175"
 desc="TOP*"
>
496674.104388 1474097.855786 3995.685617
</CgPoint>
<CgPoint
 name="176"
 desc="TOE*"
>
496669.553614 1474101.052517 3993.357747
</CgPoint>
<CgPoint
 name="177"
 desc="TOE*"
>
496653.411041 1474110.357820 3992.453296
</CgPoint>
<CgPoint
 name="178"
 desc="TOP*"
>
496650.091065 1474112.464745 3993.734274
</CgPoint>
<CgPoint
 name="179"
 desc="TOP*"
>
496635.700785 1474092.857793 3992.987460
</CgPoint>
<CgPoint
 name="180"
 desc="TOE*"
>
496639.095950 1474089.501420 3992.419543
</CgPoint>
<CgPoint
 name="181"
 desc="TOP*"
>
496650.455487 1474158.885657 3996.895938
</CgPoint>
<CgPoint
 name="182"
 desc="TOE*"
>
496651.270093 1474158.160900 3996.694142
</CgPoint>
<CgPoint
 name="183"
 desc="TOE*"
>
496632.745349 1474127.323626 3994.435406
</CgPoint>
<CgPoint
 name="184"
 desc="TOP*"
>
496630.170826 1474129.783173 3996.414347
</CgPoint>
<CgPoint
 name="185"
 desc="TOP*"
>
496603.465000 1474090.084611 3995.220395
</CgPoint>
<CgPoint
 name="186"
 desc="TOE*"
>
496605.547189 1474088.031762 3992.995389
</CgPoint>
<CgPoint
 name="187"
 desc="TOE*"
>
496579.144107 1474050.965523 3992.508964
</CgPoint>
<CgPoint
 name="188"
 desc="TOP*"
>
496575.485967 1474053.322381 3994.112136
</CgPoint>
<CgPoint
 name="189"
 desc="TOP*"
>
496548.614283 1474015.935179 3994.318017
</CgPoint>
<CgPoint
 name="190"
 desc="TOE*"
>
496551.694904 1474012.703031 3991.001754
</CgPoint>
<CgPoint
 name="191"
 desc="TOE*"
>
496527.542952 1473985.699019 3991.059943
</CgPoint>
<CgPoint
 name="192"
 desc="TOP*"
>
496525.291300 1473987.430815 3992.251800
</CgPoint>
<CgPoint
 name="193"
 desc="TOP*"
>
496515.096947 1473976.638857 3992.479274
</CgPoint>
<CgPoint
 name="194"
 desc="TOP*"
>
496536.604727 1473958.281542 3991.593674
</CgPoint>
<CgPoint
 name="195"
 desc="TOE*"
>
496548.237718 1473971.267273 3990.249413
</CgPoint>
<CgPoint
 name="196"
 desc="TOP*"
>
496497.550945 1473980.231439 3991.502739
</CgPoint>
<CgPoint
 name="197"
 desc="TOP*"
>
496498.191616 1473993.411883 3991.271367
</CgPoint>
<CgPoint
 name="198"
 desc="TOP*"
>
496495.788449 1474003.758799 3994.208553
</CgPoint>
<CgPoint
 name="199"
 desc="TOP*"
>
496495.502395 1474011.959177 3993.361581
</CgPoint>
<CgPoint
 name="200"
 desc="TOE*"
>
496486.172528 1473987.695769 3988.436627
</CgPoint>
<CgPoint
 name="201"
 desc="TOE*"
>
496487.318708 1473993.767821 3988.580546
</CgPoint>
<CgPoint
 name="202"
 desc="TOE*"
>
496487.756201 1474003.511864 3989.033008
</CgPoint>
<CgPoint
 name="203"
 desc="TOE*"
>
496491.576969 1474015.223652 3989.351924
</CgPoint>
<CgPoint
 name="204"
 desc="NG*"
>
496476.652154 1473995.822197 3989.308192
</CgPoint>
<CgPoint
 name="205"
 desc="RR TIE FNC*"
>
496469.628855 1473998.513837 3990.237084
</CgPoint>
<CgPoint
 name="206"
 desc="RR TIE FNC*"
>
496476.121659 1473994.669584 3989.174750
</CgPoint>
<CgPoint
 name="207"
 desc="RR TIE FNC*"
>
496472.260079 1473988.190771 3989.126991
</CgPoint>
<CgPoint
 name="208"
 desc="NG*"
>
496481.676979 1473984.318871 3988.181242
</CgPoint>
<CgPoint
 name="209"
 desc="NG*ROCKWALL"
>
496485.870117 1473977.453636 3988.399357
</CgPoint>
<CgPoint
 name="210"
 desc="NG*ROCKWALL"
>
496491.872752 1473984.483046 3990.033159
</CgPoint>
<CgPoint
 name="211"
 desc="NG*ROCKWALL"
>
496493.089577 1473983.491271 3990.411691
</CgPoint>
<CgPoint
 name="212"
 desc="NG*ROCKWALL"
>
496486.966966 1473976.329234 3988.982060
</CgPoint>
<CgPoint
 name="213"
 desc="NG*"
>
496492.481128 1473968.714974 3991.807136
</CgPoint>
<CgPoint
 name="214"
 desc="NG*"
>
496513.606278 1473993.156407 3991.301907
</CgPoint>
<CgPoint
 name="215"
 desc="NG*"
>
496472.068249 1474008.296776 3989.510322
</CgPoint>
<CgPoint
 name="216"
 desc="NG*"
>
496481.440439 1474021.125284 3989.448541
</CgPoint>
<CgPoint
 name="217"
 desc="NG*"
>
496512.813666 1474057.309834 3989.786125
</CgPoint>
<CgPoint
 name="218"
 desc="TOE*"
>
496521.137421 1474054.415894 3990.422418
</CgPoint>
<CgPoint
 name="219"
 desc="TOP*"
>
496527.981480 1474048.658523 3993.844192
</CgPoint>
<CgPoint
 name="220"
 desc="NG*"
>
496545.080866 1474035.348329 3995.099885
</CgPoint>
<CgPoint
 name="221"
 desc="NG*"
>
496570.277236 1474075.458466 3994.115085
</CgPoint>
<CgPoint
 name="222"
 desc="TOP*"
>
496556.072298 1474084.471722 3994.175248
</CgPoint>
<CgPoint
 name="223"
 desc="TOE*"
>
496551.874335 1474088.881734 3991.234570
</CgPoint>
<CgPoint
 name="224"
 desc="NG*"
>
496540.648275 1474097.955329 3990.860939
</CgPoint>
<CgPoint
 name="225"
 desc="NG*"
>
496575.335296 1474133.037054 3992.261425
</CgPoint>
<CgPoint
 name="226"
 desc="TOE*"
>
496584.867141 1474127.576493 3992.285748
</CgPoint>
<CgPoint
 name="227"
 desc="TOP*"
>
496588.863445 1474124.045492 3995.749070
</CgPoint>
<CgPoint
 name="228"
 desc="NG*"
>
496604.826288 1474116.778123 3995.437465
</CgPoint>
<CgPoint
 name="229"
 desc="NG*"
>
496630.791535 1474152.536444 3996.896905
</CgPoint>
<CgPoint
 name="230"
 desc="TOP*"
>
496622.212570 1474159.679763 3996.857315
</CgPoint>
<CgPoint
 name="231"
 desc="TOE*"
>
496617.558027 1474164.287157 3993.081414
</CgPoint>
<CgPoint
 name="232"
 desc="NG*"
>
496606.383876 1474174.066814 3992.886588
</CgPoint>
<CgPoint
 name="233"
 desc="TOE*"
>
496625.242789 1474179.099745 3993.550241
</CgPoint>
<CgPoint
 name="234"
 desc="TOP*"
>
496636.800333 1474182.262852 3997.530675
</CgPoint>
<CgPoint
 name="235"
 desc="TOP*"
>
496618.197081 1474199.743707 3997.236773
</CgPoint>
<CgPoint
 name="236"
 desc="TOE*"
>
496613.091501 1474193.804187 3994.239228
</CgPoint>
<CgPoint
 name="237"
 desc="TOE*"
>
496650.070198 1474115.517531 3994.174759
</CgPoint>
<CgPoint
 name="238"
 desc="TOE*"
>
496652.084093 1474135.422687 3995.746563
</CgPoint>
<CgPoint
 name="239"
 desc="TOE*"
>
496662.142495 1474153.495139 3997.077921
</CgPoint>
<CgPoint
 name="240"
 desc="TOE*"
>
496680.850562 1474143.550732 3996.741464
</CgPoint>
<CgPoint
 name="241"
 desc="TOE*"
>
496695.879090 1474131.205637 3996.716503
</CgPoint>
<CgPoint
 name="242"
 desc="TOE*"
>
496678.230947 1474111.264921 3995.591200
</CgPoint>
<CgPoint
 name="243"
 desc="TOE*"
>
496665.784322 1474108.759246 3992.859918
</CgPoint>
<CgPoint
 name="244"
 desc="TOE*"
>
496654.881919 1474111.792529 3992.567341
</CgPoint>
<CgPoint
 name="245"
 desc="TOP*"
>
496661.074986 1474128.018641 4001.399188
</CgPoint>
<CgPoint
 name="246"
 desc="TOP*"
>
496663.894522 1474142.603832 4002.533285
</CgPoint>
<CgPoint
 name="247"
 desc="TOP*"
>
496678.835570 1474131.220424 4002.731136
</CgPoint>
<CgPoint
 name="248"
 desc="TOP*"
>
496676.416188 1474120.200946 4000.385644
</CgPoint>
<CgPoint
 name="249"
 desc="TOP*"
>
496670.048290 1474129.015040 4001.923200
</CgPoint>
<CgPoint
 name="501"
 desc="Cogo"
>
496280.710737 1474406.661973 3995.909310
</CgPoint>
<CgPoint
 name="502"
 desc="Cogo"
>
496118.205582 1474217.063955 3995.909310
</CgPoint>
<CgPoint
 name="503"
 desc="Cogo"
>
496476.744844 1473994.254513 3995.909310
</CgPoint>
<CgPoint
 name="504"
 desc="Cogo"
>
496835.292599 1473771.439793 3995.909310
</CgPoint>
<CgPoint
 name="505"
 desc="Cogo"
>
496999.389995 1473960.045982 3995.909310
</CgPoint>
<CgPoint
 name="506"
 desc="Cogo"
>
496640.043844 1474183.356855 3995.909310
</CgPoint>
<CgPoint
 name="507"
 desc="Cogo"
>
496605.721047 1474785.858008 3995.909310
</CgPoint>
<CgPoint
 name="601"
 desc="NG*"
>
496646.431349 1474172.013347 3997.374809
</CgPoint>
<CgPoint
 name="602"
 desc="NG*"
>
496689.556746 1474143.138030 3996.940639
</CgPoint>
<CgPoint
 name="603"
 desc="NG*"
>
496729.835517 1474113.074801 3996.641769
</CgPoint>
<CgPoint
 name="604"
 desc="NG*"
>
496771.502168 1474084.675841 3996.027159
</CgPoint>
<CgPoint
 name="605"
 desc="NG*"
>
496818.278480 1474052.645943 3995.399523
</CgPoint>
<CgPoint
 name="606"
 desc="NG*"
>
496862.885235 1474022.145167 3995.152156
</CgPoint>
<CgPoint
 name="607"
 desc="NG*"
>
496905.837793 1473993.277288 3994.995924
</CgPoint>
<CgPoint
 name="608"
 desc="NG*"
>
496950.821741 1473961.501678 3994.558331
</CgPoint>
<CgPoint
 name="609"
 desc="NG*"
>
496943.560671 1473909.156545 3992.876762
</CgPoint>
<CgPoint
 name="610"
 desc="NG*"
>
496894.533630 1473924.843717 3993.025702
</CgPoint>
<CgPoint
 name="611"
 desc="NG*"
>
496848.106879 1473957.121254 3993.870047
</CgPoint>
<CgPoint
 name="612"
 desc="NG*"
>
496806.514257 1473987.976743 3993.832113
</CgPoint>
<CgPoint
 name="613"
 desc="NG*"
>
496763.485023 1474017.125887 3994.152604
</CgPoint>
<CgPoint
 name="614"
 desc="NG*"
>
496719.707753 1474052.721024 3995.201637
</CgPoint>
<CgPoint
 name="615"
 desc="NG*"
>
496675.251606 1474076.347922 3995.441668
</CgPoint>
<CgPoint
 name="616"
 desc="NG*"
>
496643.988781 1474036.981306 3994.219717
</CgPoint>
<CgPoint
 name="617"
 desc="NG*"
>
496678.147351 1473996.564662 3993.093505
</CgPoint>
<CgPoint
 name="618"
 desc="NG*"
>
496724.366929 1473966.753327 3992.960392
</CgPoint>
<CgPoint
 name="619"
 desc="NG*"
>
496768.558614 1473937.011507 3992.302181
</CgPoint>
<CgPoint
 name="620"
 desc="NG*"
>
496816.239069 1473903.714280 3992.269813
</CgPoint>
<CgPoint
 name="621"
 desc="NG*"
>
496862.865444 1473871.822693 3991.650830
</CgPoint>
<CgPoint
 name="622"
 desc="NG*"
>
496860.647053 1473821.835120 3990.253090
</CgPoint>
<CgPoint
 name="623"
 desc="NG*"
>
496811.100943 1473845.718325 3990.663944
</CgPoint>
<CgPoint
 name="624"
 desc="NG*"
>
496763.728299 1473877.781483 3990.985913
</CgPoint>
<CgPoint
 name="625"
 desc="NG*"
>
496720.312842 1473907.056879 3991.178726
</CgPoint>
<CgPoint
 name="626"
 desc="NG*"
>
496677.396287 1473936.877437 3991.989980
</CgPoint>
<CgPoint
 name="627"
 desc="NG*"
>
496636.290969 1473966.130387 3992.144057
</CgPoint>
<CgPoint
 name="628"
 desc="NG*"
>
496614.228777 1473979.228089 3992.011010
</CgPoint>
<CgPoint
 name="629"
 desc="NG*"
>
496584.806507 1473961.610449 3992.019196
</CgPoint>
<CgPoint
 name="630"
 desc="NG*"
>
496581.002056 1473931.056762 3991.873150
</CgPoint>
<CgPoint
 name="631"
 desc="NG*"
>
496635.207798 1473914.055516 3992.031993
</CgPoint>
<CgPoint
 name="632"
 desc="NG*"
>
496683.371564 1473889.385325 3990.646820
</CgPoint>
<CgPoint
 name="633"
 desc="NG*"
>
496729.798888 1473860.170647 3989.843755
</CgPoint>
<CgPoint
 name="634"
 desc="NG*"
>
496773.828673 1473833.161500 3989.957493
</CgPoint>
<CgPoint
 name="635"
 desc="NG*"
>
496818.982165 1473802.618108 3989.675382
</CgPoint>
<CgPoint
 name="636"
 desc="POND*"
>
496641.771450 1474122.503211 3994.343974
</CgPoint>
<CgPoint
 name="637"
 desc="POND*"
>
496610.153942 1474077.095883 3992.853477
</CgPoint>
<CgPoint
 name="638"
 desc="POND*"
>
496578.560253 1474032.678726 3992.241289
</CgPoint>
<CgPoint
 name="639"
 desc="POND*"
>
496547.253906 1473990.088308 3990.647230
</CgPoint>
<CgPoint
 name="640"
 desc="POND*"
>
496561.249135 1473966.698830 3989.750770
</CgPoint>
<CgPoint
 name="641"
 desc="POND*"
>
496593.321242 1474013.698599 3990.694292
</CgPoint>
<CgPoint
 name="642"
 desc="POND*"
>
496626.444168 1474058.688590 3992.063754
</CgPoint>
<CgPoint
 name="643"
 desc="POND*"
>
496656.287342 1474100.916072 3992.580833
</CgPoint>
<CgPoint
 name="644"
 desc="TRANS POINT"
>
496646.431349 1474172.013347 3997.374809
</CgPoint>
<CgPoint
 name="5000"
 desc="BASE"
>
10000.020000 10000.020000 100.000200
</CgPoint>
</CgPoints>
<Alignments
 name="Points"
>
<Alignment
 name="Alignment24265"
 desc="TOP*"
 staStart="0.000000"
 length="311.607223"
>
<CoordGeom
>
<Line
>
<Start
 pntRef="156"
>
496836.790354 1473779.180740 3989.237817
</Start>
<End
 pntRef="157"
>
496791.532192 1473811.171686 3990.117081
</End>
</Line>
<Line
>
<Start
 pntRef="157"
>
496791.532192 1473811.171686 3990.117081
</Start>
<End
 pntRef="158"
>
496748.573359 1473839.463824 3989.172928
</End>
</Line>
<Line
>
<Start
 pntRef="158"
>
496748.573359 1473839.463824 3989.172928
</Start>
<End
 pntRef="159"
>
496706.371526 1473861.935746 3989.929279
</End>
</Line>
<Line
>
<Start
 pntRef="159"
>
496706.371526 1473861.935746 3989.929279
</Start>
<End
 pntRef="160"
>
496664.303707 1473886.445871 3991.426793
</End>
</Line>
<Line
>
<Start
 pntRef="160"
>
496664.303707 1473886.445871 3991.426793
</Start>
<End
 pntRef="161"
>
496630.085694 1473901.732874 3992.346852
</End>
</Line>
<Line
>
<Start
 pntRef="161"
>
496630.085694 1473901.732874 3992.346852
</Start>
<End
 pntRef="162"
>
496615.602652 1473908.803454 3992.342174
</End>
</Line>
<Line
>
<Start
 pntRef="162"
>
496615.602652 1473908.803454 3992.342174
</Start>
<End
 pntRef="163"
>
496588.931429 1473912.567872 3992.212715
</End>
</Line>
<Line
>
<Start
 pntRef="163"
>
496588.931429 1473912.567872 3992.212715
</Start>
<End
 pntRef="164"
>
496561.278189 1473914.441452 3992.094948
</End>
</Line>
</CoordGeom>
</Alignment>
<Alignment
 name="Alignment24266"
 desc="TOE*"
 staStart="0.000000"
 length="301.667882"
>
<CoordGeom
>
<Line
>
<Start
 pntRef="140"
>
496562.706817 1473898.857717 3985.036289
</Start>
<End
 pntRef="143"
>
496584.994101 1473897.713875 3984.873587
</End>
</Line>
<Line
>
<Start
 pntRef="143"
>
496584.994101 1473897.713875 3984.873587
</Start>
<End
 pntRef="144"
>
496612.404492 1473893.576622 3984.608023
</End>
</Line>
<Line
>
<Start
 pntRef="144"
>
496612.404492 1473893.576622 3984.608023
</Start>
<End
 pntRef="147"
>
496660.359810 1473878.976872 3986.828702
</End>
</Line>
<Line
>
<Start
 pntRef="147"
>
496660.359810 1473878.976872 3986.828702
</Start>
<End
 pntRef="148"
>
496701.768243 1473857.115208 3987.018673
</End>
</Line>
<Line
>
<Start
 pntRef="148"
>
496701.768243 1473857.115208 3987.018673
</Start>
<End
 pntRef="151"
>
496743.826589 1473832.005927 3986.569687
</End>
</Line>
<Line
>
<Start
 pntRef="151"
>
496743.826589 1473832.005927 3986.569687
</Start>
<End
 pntRef="152"
>
496786.470543 1473805.367588 3986.653524
</End>
</Line>
<Line
>
<Start
 pntRef="152"
>
496786.470543 1473805.367588 3986.653524
</Start>
<End
 pntRef="155"
>
496829.611492 1473770.590246 3987.334248
</End>
</Line>
</CoordGeom>
</Alignment>
<Alignment
 name="Alignment24269"
 desc="OHE*"
 staStart="0.000000"
 length="510.446861"
>
<CoordGeom
>
<Line
>
<Start
 pntRef="101"
>
496728.276826 1473590.799132 3983.470562
</Start>
<End
 pntRef="112"
>
496956.156322 1473851.908483 3991.931415
</End>
</Line>
<Line
>
<Start
 pntRef="112"
>
496956.156322 1473851.908483 3991.931415
</Start>
<End
 pntRef="119"
>
497063.810151 1473975.472168 3995.811721
</End>
</Line>
</CoordGeom>
</Alignment>
<Alignment
 name="Alignment24271"
 desc="S. EOP*"
 staStart="0.000000"
 length="340.556307"
>
<CoordGeom
>
<Line
>
<Start
 pntRef="102"
>
496815.995404 1473733.103720 3987.384834
</Start>
<End
 pntRef="105"
>
496843.719549 1473764.086218 3988.409037
</End>
</Line>
<Line
>
<Start
 pntRef="105"
>
496843.719549 1473764.086218 3988.409037
</Start>
<End
 pntRef="106"
>
496876.712079 1473802.650996 3989.926920
</End>
</Line>
<Line
>
<Start
 pntRef="106"
>
496876.712079 1473802.650996 3989.926920
</Start>
<End
 pntRef="109"
>
496909.901303 1473840.402403 3991.076351
</End>
</Line>
<Line
>
<Start
 pntRef="109"
>
496909.901303 1473840.402403 3991.076351
</Start>
<End
 pntRef="110"
>
496943.177838 1473879.726497 3992.420763
</End>
</Line>
<Line
>
<Start
 pntRef="110"
>
496943.177838 1473879.726497 3992.420763
</Start>
<End
 pntRef="114"
>
496974.855229 1473916.451659 3993.403465
</End>
</Line>
<Line
>
<Start
 pntRef="114"
>
496974.855229 1473916.451659 3993.403465
</Start>
<End
 pntRef="115"
>
497007.144400 1473954.642093 3994.577836
</End>
</Line>
<Line
>
<Start
 pntRef="115"
>
497007.144400 1473954.642093 3994.577836
</Start>
<End
 pntRef="118"
>
497039.472553 1473990.038841 3995.530817
</End>
</Line>
</CoordGeom>
</Alignment>
<Alignment
 name="Alignment24270"
 desc="N. EOP*"
 staStart="0.000000"
 length="340.020128"
>
<CoordGeom
>
<Line
>
<Start
 pntRef="103"
>
496833.188038 1473720.390035 3987.449791
</Start>
<End
 pntRef="104"
>
496860.224269 1473752.394159 3988.435093
</End>
</Line>
<Line
>
<Start
 pntRef="104"
>
496860.224269 1473752.394159 3988.435093
</Start>
<End
 pntRef="107"
>
496892.326491 1473791.211486 3989.881238
</End>
</Line>
<Line
>
<Start
 pntRef="107"
>
496892.326491 1473791.211486 3989.881238
</Start>
<End
 pntRef="108"
>
496925.109010 1473828.257481 3991.098820
</End>
</Line>
<Line
>
<Start
 pntRef="108"
>
496925.109010 1473828.257481 3991.098820
</Start>
<End
 pntRef="111"
>
496958.359166 1473866.989256 3992.514720
</End>
</Line>
<Line
>
<Start
 pntRef="111"
>
496958.359166 1473866.989256 3992.514720
</Start>
<End
 pntRef="113"
>
496989.908746 1473904.371764 3993.618901
</End>
</Line>
<Line
>
<Start
 pntRef="113"
>
496989.908746 1473904.371764 3993.618901
</Start>
<End
 pntRef="116"
>
497024.157732 1473940.898970 3994.571910
</End>
</Line>
<Line
>
<Start
 pntRef="116"
>
497024.157732 1473940.898970 3994.571910
</Start>
<End
 pntRef="117"
>
497055.086695 1473977.931615 3995.632878
</End>
</Line>
</CoordGeom>
</Alignment>
<Alignment
 name="Alignment24259"
 desc="COGO"
 staStart="0.000000"
 length="1345.074665"
>
<CoordGeom
>
<Line
>
<Start
 pntRef="503"
>
496476.744844 1473994.254513 3995.909310
</Start>
<End
 pntRef="504"
>
496835.292599 1473771.439793 3995.909310
</End>
</Line>
<Line
>
<Start
 pntRef="504"
>
496835.292599 1473771.439793 3995.909310
</Start>
<End
 pntRef="505"
>
496999.389995 1473960.045982 3995.909310
</End>
</Line>
<Line
>
<Start
 pntRef="505"
>
496999.389995 1473960.045982 3995.909310
</Start>
<End
 pntRef="506"
>
496640.043844 1474183.356855 3995.909310
</End>
</Line>
<Line
>
<Start
 pntRef="506"
>
496640.043844 1474183.356855 3995.909310
</Start>
<End
 pntRef="503"
>
496476.744844 1473994.254513 3995.909310
</End>
</Line>
</CoordGeom>
</Alignment>
<Alignment
 name="Alignment24301"
 desc="TOP*"
 staStart="0.000000"
 length="255.512710"
>
<CoordGeom
>
<Line
>
<Start
 pntRef="181"
>
496650.455487 1474158.885657 3996.895938
</Start>
<End
 pntRef="184"
>
496630.170826 1474129.783173 3996.414347
</End>
</Line>
<Line
>
<Start
 pntRef="184"
>
496630.170826 1474129.783173 3996.414347
</Start>
<End
 pntRef="185"
>
496603.465000 1474090.084611 3995.220395
</End>
</Line>
<Line
>
<Start
 pntRef="185"
>
496603.465000 1474090.084611 3995.220395
</Start>
<End
 pntRef="188"
>
496575.485967 1474053.322381 3994.112136
</End>
</Line>
<Line
>
<Start
 pntRef="188"
>
496575.485967 1474053.322381 3994.112136
</Start>
<End
 pntRef="189"
>
496548.614283 1474015.935179 3994.318017
</End>
</Line>
<Line
>
<Start
 pntRef="189"
>
496548.614283 1474015.935179 3994.318017
</Start>
<End
 pntRef="192"
>
496525.291300 1473987.430815 3992.251800
</End>
</Line>
<Line
>
<Start
 pntRef="192"
>
496525.291300 1473987.430815 3992.251800
</Start>
<End
 pntRef="193"
>
496515.096947 1473976.638857 3992.479274
</End>
</Line>
<Line
>
<Start
 pntRef="193"
>
496515.096947 1473976.638857 3992.479274
</Start>
<End
 pntRef="194"
>
496536.604727 1473958.281542 3991.593674
</End>
</Line>
</CoordGeom>
</Alignment>
<Alignment
 name="Alignment24300"
 desc="TOE*"
 staStart="0.000000"
 length="237.818051"
>
<CoordGeom
>
<Line
>
<Start
 pntRef="182"
>
496651.270093 1474158.160900 3996.694142
</Start>
<End
 pntRef="183"
>
496632.745349 1474127.323626 3994.435406
</End>
</Line>
<Line
>
<Start
 pntRef="183"
>
496632.745349 1474127.323626 3994.435406
</Start>
<End
 pntRef="186"
>
496605.547189 1474088.031762 3992.995389
</End>
</Line>
<Line
>
<Start
 pntRef="186"
>
496605.547189 1474088.031762 3992.995389
</Start>
<End
 pntRef="187"
>
496579.144107 1474050.965523 3992.508964
</End>
</Line>
<Line
>
<Start
 pntRef="187"
>
496579.144107 1474050.965523 3992.508964
</Start>
<End
 pntRef="190"
>
496551.694904 1474012.703031 3991.001754
</End>
</Line>
<Line
>
<Start
 pntRef="190"
>
496551.694904 1474012.703031 3991.001754
</Start>
<End
 pntRef="191"
>
496527.542952 1473985.699019 3991.059943
</End>
</Line>
<Line
>
<Start
 pntRef="191"
>
496527.542952 1473985.699019 3991.059943
</Start>
<End
 pntRef="195"
>
496548.237718 1473971.267273 3990.249413
</End>
</Line>
</CoordGeom>
</Alignment>
<Alignment
 name="Alignment24297"
 desc="TOE*"
 staStart="0.000000"
 length="25.296467"
>
<CoordGeom
>
<Line
>
<Start
 pntRef="177"
>
496653.411041 1474110.357820 3992.453296
</Start>
<End
 pntRef="180"
>
496639.095950 1474089.501420 3992.419543
</End>
</Line>
</CoordGeom>
</Alignment>
<Alignment
 name="Alignment24296"
 desc="TOP*"
 staStart="0.000000"
 length="24.321035"
>
<CoordGeom
>
<Line
>
<Start
 pntRef="178"
>
496650.091065 1474112.464745 3993.734274
</Start>
<End
 pntRef="179"
>
496635.700785 1474092.857793 3992.987460
</End>
</Line>
</CoordGeom>
</Alignment>
<Alignment
 name="Alignment24293"
 desc="TOP*"
 staStart="0.000000"
 length="196.536544"
>
<CoordGeom
>
<Line
>
<Start
 pntRef="165"
>
496559.544467 1473940.589967 3992.160393
</Start>
<End
 pntRef="168"
>
496586.272835 1473977.536467 3992.364166
</End>
</Line>
<Line
>
<Start
 pntRef="168"
>
496586.272835 1473977.536467 3992.364166
</Start>
<End
 pntRef="169"
>
496605.669665 1474004.012941 3992.057975
</End>
</Line>
<Line
>
<Start
 pntRef="169"
>
496605.669665 1474004.012941 3992.057975
</Start>
<End
 pntRef="171"
>
496626.771732 1474018.342775 3993.506833
</End>
</Line>
<Line
>
<Start
 pntRef="171"
>
496626.771732 1474018.342775 3993.506833
</Start>
<End
 pntRef="174"
>
496648.788286 1474058.889028 3994.604160
</End>
</Line>
<Line
>
<Start
 pntRef="174"
>
496648.788286 1474058.889028 3994.604160
</Start>
<End
 pntRef="175"
>
496674.104388 1474097.855786 3995.685617
</End>
</Line>
</CoordGeom>
</Alignment>
<Alignment
 name="Alignment24291"
 desc="TOE*"
 staStart="0.000000"
 length="195.080237"
>
<CoordGeom
>
<Line
>
<Start
 pntRef="166"
>
496555.907098 1473944.497039 3990.771789
</Start>
<End
 pntRef="167"
>
496581.612305 1473980.064442 3990.069723
</End>
</Line>
<Line
>
<Start
 pntRef="167"
>
496581.612305 1473980.064442 3990.069723
</Start>
<End
 pntRef="170"
>
496604.433347 1474005.784813 3990.923663
</End>
</Line>
<Line
>
<Start
 pntRef="170"
>
496604.433347 1474005.784813 3990.923663
</Start>
<End
 pntRef="172"
>
496623.612029 1474020.997258 3991.712105
</End>
</Line>
<Line
>
<Start
 pntRef="172"
>
496623.612029 1474020.997258 3991.712105
</Start>
<End
 pntRef="173"
>
496645.080573 1474060.802508 3992.159812
</End>
</Line>
<Line
>
<Start
 pntRef="173"
>
496645.080573 1474060.802508 3992.159812
</Start>
<End
 pntRef="176"
>
496669.553614 1474101.052517 3993.357747
</End>
</Line>
</CoordGeom>
</Alignment>
<Alignment
 name="Alignment24310"
 desc="TOP*"
 staStart="0.000000"
 length="62.138859"
>
<CoordGeom
>
<Line
>
<Start
 pntRef="245"
>
496661.074986 1474128.018641 4001.399188
</Start>
<End
 pntRef="246"
>
496663.894522 1474142.603832 4002.533285
</End>
</Line>
<Line
>
<Start
 pntRef="246"
>
496663.894522 1474142.603832 4002.533285
</Start>
<End
 pntRef="247"
>
496678.835570 1474131.220424 4002.731136
</End>
</Line>
<Line
>
<Start
 pntRef="247"
>
496678.835570 1474131.220424 4002.731136
</Start>
<End
 pntRef="248"
>
496676.416188 1474120.200946 4000.385644
</End>
</Line>
<Line
>
<Start
 pntRef="248"
>
496676.416188 1474120.200946 4000.385644
</Start>
<End
 pntRef="245"
>
496661.074986 1474128.018641 4001.399188
</End>
</Line>
</CoordGeom>
</Alignment>
<Alignment
 name="Alignment24311"
 desc="TOE*"
 staStart="0.000000"
 length="138.052103"
>
<CoordGeom
>
<Line
>
<Start
 pntRef="237"
>
496650.070198 1474115.517531 3994.174759
</Start>
<End
 pntRef="238"
>
496652.084093 1474135.422687 3995.746563
</End>
</Line>
<Line
>
<Start
 pntRef="238"
>
496652.084093 1474135.422687 3995.746563
</Start>
<End
 pntRef="239"
>
496662.142495 1474153.495139 3997.077921
</End>
</Line>
<Line
>
<Start
 pntRef="239"
>
496662.142495 1474153.495139 3997.077921
</Start>
<End
 pntRef="240"
>
496680.850562 1474143.550732 3996.741464
</End>
</Line>
<Line
>
<Start
 pntRef="240"
>
496680.850562 1474143.550732 3996.741464
</Start>
<End
 pntRef="241"
>
496695.879090 1474131.205637 3996.716503
</End>
</Line>
<Line
>
<Start
 pntRef="241"
>
496695.879090 1474131.205637 3996.716503
</Start>
<End
 pntRef="242"
>
496678.230947 1474111.264921 3995.591200
</End>
</Line>
<Line
>
<Start
 pntRef="242"
>
496678.230947 1474111.264921 3995.591200
</Start>
<End
 pntRef="243"
>
496665.784322 1474108.759246 3992.859918
</End>
</Line>
<Line
>
<Start
 pntRef="243"
>
496665.784322 1474108.759246 3992.859918
</Start>
<End
 pntRef="244"
>
496654.881919 1474111.792529 3992.567341
</End>
</Line>
<Line
>
<Start
 pntRef="244"
>
496654.881919 1474111.792529 3992.567341
</Start>
<End
 pntRef="237"
>
496650.070198 1474115.517531 3994.174759
</End>
</Line>
</CoordGeom>
</Alignment>
<Alignment
 name="Alignment24308"
 desc="RR TIE FNC*"
 staStart="0.000000"
 length="15.087850"
>
<CoordGeom
>
<Line
>
<Start
 pntRef="205"
>
496469.628855 1473998.513837 3990.237084
</Start>
<End
 pntRef="206"
>
496476.121659 1473994.669584 3989.174750
</End>
</Line>
<Line
>
<Start
 pntRef="206"
>
496476.121659 1473994.669584 3989.174750
</Start>
<End
 pntRef="207"
>
496472.260079 1473988.190771 3989.126991
</End>
</Line>
</CoordGeom>
</Alignment>
<Alignment
 name="Alignment24304"
 desc="TOE*"
 staStart="0.000000"
 length="259.293571"
>
<CoordGeom
>
<Line
>
<Start
 pntRef="200"
>
496486.172528 1473987.695769 3988.436627
</Start>
<End
 pntRef="201"
>
496487.318708 1473993.767821 3988.580546
</End>
</Line>
<Line
>
<Start
 pntRef="201"
>
496487.318708 1473993.767821 3988.580546
</Start>
<End
 pntRef="202"
>
496487.756201 1474003.511864 3989.033008
</End>
</Line>
<Line
>
<Start
 pntRef="202"
>
496487.756201 1474003.511864 3989.033008
</Start>
<End
 pntRef="203"
>
496491.576969 1474015.223652 3989.351924
</End>
</Line>
<Line
>
<Start
 pntRef="203"
>
496491.576969 1474015.223652 3989.351924
</Start>
<End
 pntRef="218"
>
496521.137421 1474054.415894 3990.422418
</End>
</Line>
<Line
>
<Start
 pntRef="218"
>
496521.137421 1474054.415894 3990.422418
</Start>
<End
 pntRef="223"
>
496551.874335 1474088.881734 3991.234570
</End>
</Line>
<Line
>
<Start
 pntRef="223"
>
496551.874335 1474088.881734 3991.234570
</Start>
<End
 pntRef="226"
>
496584.867141 1474127.576493 3992.285748
</End>
</Line>
<Line
>
<Start
 pntRef="226"
>
496584.867141 1474127.576493 3992.285748
</Start>
<End
 pntRef="231"
>
496617.558027 1474164.287157 3993.081414
</End>
</Line>
<Line
>
<Start
 pntRef="231"
>
496617.558027 1474164.287157 3993.081414
</Start>
<End
 pntRef="233"
>
496625.242789 1474179.099745 3993.550241
</End>
</Line>
<Line
>
<Start
 pntRef="233"
>
496625.242789 1474179.099745 3993.550241
</Start>
<End
 pntRef="236"
>
496613.091501 1474193.804187 3994.239228
</End>
</Line>
</CoordGeom>
</Alignment>
<Alignment
 name="Alignment24305"
 desc="TOP*"
 staStart="0.000000"
 length="279.158833"
>
<CoordGeom
>
<Line
>
<Start
 pntRef="196"
>
496497.550945 1473980.231439 3991.502739
</Start>
<End
 pntRef="197"
>
496498.191616 1473993.411883 3991.271367
</End>
</Line>
<Line
>
<Start
 pntRef="197"
>
496498.191616 1473993.411883 3991.271367
</Start>
<End
 pntRef="198"
>
496495.788449 1474003.758799 3994.208553
</End>
</Line>
<Line
>
<Start
 pntRef="198"
>
496495.788449 1474003.758799 3994.208553
</Start>
<End
 pntRef="199"
>
496495.502395 1474011.959177 3993.361581
</End>
</Line>
<Line
>
<Start
 pntRef="199"
>
496495.502395 1474011.959177 3993.361581
</Start>
<End
 pntRef="219"
>
496527.981480 1474048.658523 3993.844192
</End>
</Line>
<Line
>
<Start
 pntRef="219"
>
496527.981480 1474048.658523 3993.844192
</Start>
<End
 pntRef="222"
>
496556.072298 1474084.471722 3994.175248
</End>
</Line>
<Line
>
<Start
 pntRef="222"
>
496556.072298 1474084.471722 3994.175248
</Start>
<End
 pntRef="227"
>
496588.863445 1474124.045492 3995.749070
</End>
</Line>
<Line
>
<Start
 pntRef="227"
>
496588.863445 1474124.045492 3995.749070
</Start>
<End
 pntRef="230"
>
496622.212570 1474159.679763 3996.857315
</End>
</Line>
<Line
>
<Start
 pntRef="230"
>
496622.212570 1474159.679763 3996.857315
</Start>
<End
 pntRef="234"
>
496636.800333 1474182.262852 3997.530675
</End>
</Line>
<Line
>
<Start
 pntRef="234"
>
496636.800333 1474182.262852 3997.530675
</Start>
<End
 pntRef="235"
>
496618.197081 1474199.743707 3997.236773
</End>
</Line>
</CoordGeom>
</Alignment>
</Alignments>
</LandXML>
